S0R9909/1 BH:changed:3	c_000000005423
S0R9909/1 BH:changed:3	c_000000005423
S0R49327/1 BH:changed:7	c_000000005423
S0R49327/1 BH:changed:7	c_000000005423
S0R51131/1 BH:changed:4	c_000000005423
S0R51131/1 BH:changed:4	c_000000005423
S0R69246/1 BH:changed:3	c_000000005423
S0R69246/1 BH:changed:3	c_000000005423
S0R68310/1 BH:changed:2	c_000000005423
S0R68310/1 BH:changed:2	c_000000005423
S0R74045/1 BH:changed:5	c_000000005423
S0R74045/1 BH:changed:5	c_000000005423
S0R83434/1 BH:changed:4	c_000000005423
S0R83434/1 BH:changed:4	c_000000005423
S0R85405/1 BH:changed:3	c_000000005423
S0R85405/1 BH:changed:3	c_000000005423
S0R92055/1 BH:changed:5	c_000000005423
S0R92055/1 BH:changed:5	c_000000005423
S0R87234/1 BH:changed:1	c_000000005423
S0R87234/1 BH:changed:1	c_000000005423
S0R131179/1 BH:changed:3	c_000000005423
S0R131179/1 BH:changed:3	c_000000005423
S0R147095/1 BH:changed:5	c_000000005423
S0R147095/1 BH:changed:5	c_000000005423
S0R156665/1 BH:changed:6	c_000000005423
S0R156665/1 BH:changed:6	c_000000005423
S0R162356/1 BH:changed:4	c_000000005423
S0R162356/1 BH:changed:4	c_000000005423
S0R171334/1 BH:changed:4	c_000000005423
S0R171334/1 BH:changed:4	c_000000005423
S0R173706/1 BH:changed:4	c_000000005423
S0R173706/1 BH:changed:4	c_000000005423
S0R174757/1 BH:changed:4	c_000000005423
S0R174757/1 BH:changed:4	c_000000005423
S0R184017/1 BH:changed:3	c_000000005423
S0R184017/1 BH:changed:3	c_000000005423
S0R186456/1 BH:changed:3	c_000000005423
S0R186456/1 BH:changed:3	c_000000005423
S0R229620/1 BH:changed:7	c_000000005423
S0R229620/1 BH:changed:7	c_000000005423
S0R225872/1 BH:changed:5	c_000000005423
S0R225872/1 BH:changed:5	c_000000005423
S0R237333/1 BH:changed:1	c_000000005423
S0R237333/1 BH:changed:1	c_000000005423
S0R251023/1 BH:changed:5	c_000000005423
S0R251023/1 BH:changed:5	c_000000005423
S0R253961/1 BH:changed:1	c_000000005423
S0R253961/1 BH:changed:1	c_000000005423
S0R262597/1 BH:changed:2	c_000000005423
S0R262597/1 BH:changed:2	c_000000005423
S0R311903/1 BH:changed:4	c_000000005423
S0R311903/1 BH:changed:4	c_000000005423
S0R316276/1 BH:changed:4	c_000000005423
S0R316276/1 BH:changed:4	c_000000005423
S0R314071/1 BH:changed:6	c_000000005423
S0R314071/1 BH:changed:6	c_000000005423
S0R313406/1 BH:changed:5	c_000000005423
S0R313406/1 BH:changed:5	c_000000005423
S0R334241/1 BH:changed:5	c_000000005423
S0R334241/1 BH:changed:5	c_000000005423
S0R336815/1 BH:changed:4	c_000000005423
S0R336815/1 BH:changed:4	c_000000005423
S0R340762/1 BH:changed:1	c_000000005423
S0R340762/1 BH:changed:1	c_000000005423
S0R337591/1 BH:changed:4	c_000000005423
S0R337591/1 BH:changed:4	c_000000005423
S0R341232/1 BH:changed:1	c_000000005423
S0R341232/1 BH:changed:1	c_000000005423
S0R351532/1 BH:changed:1	c_000000005423
S0R351532/1 BH:changed:1	c_000000005423
S0R346419/1 BH:ok	c_000000005423
S0R346419/1 BH:ok	c_000000005423
S0R350939/1 BH:changed:12	c_000000005423
S0R350939/1 BH:changed:12	c_000000005423
S0R358631/1 BH:changed:5	c_000000005423
S0R358631/1 BH:changed:5	c_000000005423
S0R368575/1 BH:changed:1	c_000000005423
S0R368575/1 BH:changed:1	c_000000005423
S0R379689/1 BH:changed:4	c_000000005423
S0R379689/1 BH:changed:4	c_000000005423
S0R383320/1 BH:changed:3	c_000000005423
S0R383320/1 BH:changed:3	c_000000005423
S0R430243/1 BH:changed:2	c_000000005423
S0R430243/1 BH:changed:2	c_000000005423
S0R420846/1 BH:changed:3	c_000000005423
S0R420846/1 BH:changed:3	c_000000005423
S0R427879/1 BH:changed:2	c_000000005423
S0R427879/1 BH:changed:2	c_000000005423
S0R435514/1 BH:changed:3	c_000000005423
S0R435514/1 BH:changed:3	c_000000005423
S0R435259/1 BH:changed:4	c_000000005423
S0R435259/1 BH:changed:4	c_000000005423
S0R452195/1 BH:changed:2	c_000000005423
S0R452195/1 BH:changed:2	c_000000005423
S0R449873/1 BH:changed:5	c_000000005423
S0R449873/1 BH:changed:5	c_000000005423
S0R455100/1 BH:changed:1	c_000000005423
S0R455100/1 BH:changed:1	c_000000005423
S0R458373/1 BH:changed:4	c_000000005423
S0R458373/1 BH:changed:4	c_000000005423
S0R474463/1 BH:changed:3	c_000000005423
S0R474463/1 BH:changed:3	c_000000005423
S0R485259/1 BH:changed:2	c_000000005423
S0R485259/1 BH:changed:2	c_000000005423
S0R487776/1 BH:changed:4	c_000000005423
S0R487776/1 BH:changed:4	c_000000005423
S0R488621/1 BH:changed:3	c_000000005423
S0R488621/1 BH:changed:3	c_000000005423
S0R491153/1 BH:changed:5	c_000000005423
S0R499299/1 BH:changed:4	c_000000005423
S0R499299/1 BH:changed:4	c_000000005423
S0R498596/1 BH:changed:2	c_000000005423
S0R511845/1 BH:changed:4	c_000000005423
S0R511845/1 BH:changed:4	c_000000005423
S0R514445/1 BH:changed:2	c_000000005423
S0R514445/1 BH:changed:2	c_000000005423
S0R519596/1 BH:changed:3	c_000000005423
S0R519596/1 BH:changed:3	c_000000005423
S0R530915/1 BH:changed:2	c_000000005423
S0R530915/1 BH:changed:2	c_000000005423
S0R536467/1 BH:changed:7	c_000000005423
S0R536467/1 BH:changed:7	c_000000005423
S0R535132/1 BH:changed:3	c_000000005423
S0R535132/1 BH:changed:3	c_000000005423
S0R532540/1 BH:changed:2	c_000000005423
S0R532540/1 BH:changed:2	c_000000005423
S0R544135/1 BH:changed:3	c_000000005423
S0R544135/1 BH:changed:3	c_000000005423
S0R545515/1 BH:changed:4	c_000000005423
S0R545515/1 BH:changed:4	c_000000005423
S0R561467/1 BH:changed:2	c_000000005423
S0R561467/1 BH:changed:2	c_000000005423
S0R559473/1 BH:changed:1	c_000000005423
S0R559473/1 BH:changed:1	c_000000005423
S0R576013/1 BH:changed:4	c_000000005423
S0R576013/1 BH:changed:4	c_000000005423
S0R575026/1 BH:changed:5	c_000000005423
S0R575026/1 BH:changed:5	c_000000005423
S0R581938/1 BH:failed	c_000000005423
S0R581938/1 BH:failed	c_000000005423
S0R593953/1 BH:changed:5	c_000000005423
S0R593953/1 BH:changed:5	c_000000005423
S0R594346/1 BH:changed:3	c_000000005423
S0R594346/1 BH:changed:3	c_000000005423
S0R615511/1 BH:changed:3	c_000000005423
S0R615511/1 BH:changed:3	c_000000005423
S0R611302/1 BH:changed:2	c_000000005423
S0R611302/1 BH:changed:2	c_000000005423
S0R620705/1 BH:changed:2	c_000000005423
S0R620705/1 BH:changed:2	c_000000005423
S0R631981/1 BH:changed:3	c_000000005423
S0R631981/1 BH:changed:3	c_000000005423
S0R657167/1 BH:changed:2	c_000000005423
S0R657167/1 BH:changed:2	c_000000005423
S0R664995/1 BH:changed:2	c_000000005423
S0R664995/1 BH:changed:2	c_000000005423
S0R674754/1 BH:changed:7	c_000000005423
S0R674754/1 BH:changed:7	c_000000005423
S0R684862/1 BH:changed:2	c_000000005423
S0R684862/1 BH:changed:2	c_000000005423
S0R689992/1 BH:changed:2	c_000000005423
S0R689992/1 BH:changed:2	c_000000005423
S0R708378/1 BH:changed:1	c_000000005423
S0R708378/1 BH:changed:1	c_000000005423
S0R711179/1 BH:ok	c_000000005423
S0R711179/1 BH:ok	c_000000005423
S0R727023/1 BH:changed:2	c_000000005423
S0R727023/1 BH:changed:2	c_000000005423
S0R723889/1 BH:ok	c_000000005423
S0R723889/1 BH:ok	c_000000005423
S0R752259/1 BH:changed:2	c_000000005423
S0R752259/1 BH:changed:2	c_000000005423
S0R758356/1 BH:ok	c_000000005423
S0R758356/1 BH:ok	c_000000005423
S0R766023/1 BH:changed:3	c_000000005423
S0R766023/1 BH:changed:3	c_000000005423
S0R773727/1 BH:changed:5	c_000000005423
S0R786572/1 BH:changed:8	c_000000005423
S0R786572/1 BH:changed:8	c_000000005423
S0R785865/1 BH:changed:3	c_000000005423
S0R785865/1 BH:changed:3	c_000000005423
S0R797746/1 BH:changed:1	c_000000005423
S0R797746/1 BH:changed:1	c_000000005423
S0R810059/1 BH:changed:3	c_000000005423
S0R810059/1 BH:changed:3	c_000000005423
S0R802543/1 BH:changed:6	c_000000005423
S0R802543/1 BH:changed:6	c_000000005423
S0R802348/1 BH:ok	c_000000005423
S0R802348/1 BH:ok	c_000000005423
S0R802412/1 BH:changed:5	c_000000005423
S0R802412/1 BH:changed:5	c_000000005423
S0R811233/1 BH:changed:1	c_000000005423
S0R811233/1 BH:changed:1	c_000000005423
S0R820428/1 BH:changed:2	c_000000005423
S0R820428/1 BH:changed:2	c_000000005423
S0R823646/1 BH:changed:2	c_000000005423
S0R827079/1 BH:changed:1	c_000000005423
S0R827079/1 BH:changed:1	c_000000005423
S0R833953/1 BH:ok	c_000000005423
S0R833953/1 BH:ok	c_000000005423
S0R840788/1 BH:changed:6	c_000000005423
S0R840788/1 BH:changed:6	c_000000005423
S0R855807/1 BH:changed:1	c_000000005423
S0R855807/1 BH:changed:1	c_000000005423
S0R855647/1 BH:changed:3	c_000000005423
S0R855647/1 BH:changed:3	c_000000005423
S0R849499/1 BH:changed:4	c_000000005423
S0R849499/1 BH:changed:4	c_000000005423
S0R862151/1 BH:changed:4	c_000000005423
S0R862151/1 BH:changed:4	c_000000005423
S0R867097/1 BH:changed:5	c_000000005423
S0R867097/1 BH:changed:5	c_000000005423
S0R866855/1 BH:changed:7	c_000000005423
S0R866855/1 BH:changed:7	c_000000005423
S0R870451/1 BH:changed:6	c_000000005423
S0R879440/1 BH:changed:2	c_000000005423
S0R879440/1 BH:changed:2	c_000000005423
S0R874226/1 BH:changed:1	c_000000005423
S0R874226/1 BH:changed:1	c_000000005423
S0R881575/1 BH:changed:4	c_000000005423
S0R881575/1 BH:changed:4	c_000000005423
S0R884701/1 BH:changed:3	c_000000005423
S0R884701/1 BH:changed:3	c_000000005423
S0R880003/1 BH:changed:1	c_000000005423
S0R880003/1 BH:changed:1	c_000000005423
S0R890148/1 BH:changed:2	c_000000005423
S0R890148/1 BH:changed:2	c_000000005423
S0R910710/1 BH:changed:4	c_000000005423
S0R910710/1 BH:changed:4	c_000000005423
S0R916498/1 BH:changed:3	c_000000005423
S0R916498/1 BH:changed:3	c_000000005423
S0R931382/1 BH:changed:4	c_000000005423
S0R931382/1 BH:changed:4	c_000000005423
S0R926457/1 BH:changed:2	c_000000005423
S0R926457/1 BH:changed:2	c_000000005423
S0R933071/1 BH:changed:4	c_000000005423
S0R933071/1 BH:changed:4	c_000000005423
S0R946012/1 BH:changed:3	c_000000005423
S0R946012/1 BH:changed:3	c_000000005423
S0R956704/1 BH:changed:2	c_000000005423
S0R956704/1 BH:changed:2	c_000000005423
S0R959026/1 BH:changed:5	c_000000005423
S0R959026/1 BH:changed:5	c_000000005423
S0R960956/1 BH:changed:1	c_000000005423
S0R960956/1 BH:changed:1	c_000000005423
S0R955079/1 BH:changed:2	c_000000005423
S0R955079/1 BH:changed:2	c_000000005423
S0R975718/1 BH:changed:4	c_000000005423
S0R975718/1 BH:changed:4	c_000000005423
S0R974465/1 BH:changed:5	c_000000005423
S0R974465/1 BH:changed:5	c_000000005423
S0R990047/1 BH:changed:2	c_000000005423
S0R984404/1 BH:changed:2	c_000000005423
S0R984404/1 BH:changed:2	c_000000005423
S0R991558/1 BH:changed:1	c_000000005423
S0R994405/1 BH:changed:3	c_000000005423
S0R997493/1 BH:changed:2	c_000000005423
S0R997493/1 BH:changed:2	c_000000005423
S0R1006161/1 BH:changed:3	c_000000005423
S0R1006161/1 BH:changed:3	c_000000005423
S0R1002618/1 BH:changed:5	c_000000005423
S0R1002618/1 BH:changed:5	c_000000005423
S0R1002909/1 BH:changed:2	c_000000005423
S0R1002909/1 BH:changed:2	c_000000005423
S0R1020055/1 BH:changed:3	c_000000005423
S0R1020055/1 BH:changed:3	c_000000005423
S0R1012648/1 BH:changed:4	c_000000005423
S0R1012648/1 BH:changed:4	c_000000005423
S0R1026726/1 BH:changed:3	c_000000005423
S0R1026726/1 BH:changed:3	c_000000005423
S0R1030419/1 BH:changed:3	c_000000005423
S0R1030419/1 BH:changed:3	c_000000005423
S0R1028550/1 BH:changed:2	c_000000005423
S0R1028550/1 BH:changed:2	c_000000005423
S0R1038484/1 BH:changed:2	c_000000005423
S0R1038484/1 BH:changed:2	c_000000005423
S0R1037774/1 BH:changed:3	c_000000005423
S0R1037774/1 BH:changed:3	c_000000005423
S0R1051768/1 BH:changed:7	c_000000005423
S0R1051768/1 BH:changed:7	c_000000005423
S0R1051869/1 BH:changed:3	c_000000005423
S0R1093348/1 BH:changed:4	c_000000005423
S0R1093348/1 BH:changed:4	c_000000005423
S0R1091814/1 BH:changed:9	c_000000005423
S0R1091814/1 BH:changed:9	c_000000005423
S0R1095263/1 BH:changed:2	c_000000005423
S0R1095263/1 BH:changed:2	c_000000005423
S0R1099685/1 BH:changed:4	c_000000005423
S0R1099685/1 BH:changed:4	c_000000005423
S0R1112693/1 BH:changed:1	c_000000005423
S0R1112693/1 BH:changed:1	c_000000005423
S0R1125326/1 BH:changed:3	c_000000005423
S0R1124515/1 BH:changed:5	c_000000005423
S0R1124515/1 BH:changed:5	c_000000005423
S0R1126124/1 BH:changed:3	c_000000005423
S0R1126124/1 BH:changed:3	c_000000005423
S0R1141124/1 BH:changed:6	c_000000005423
S0R1141124/1 BH:changed:6	c_000000005423
S0R1150014/1 BH:changed:2	c_000000005423
S0R1150014/1 BH:changed:2	c_000000005423
S0R1151595/1 BH:changed:3	c_000000005423
S0R1151595/1 BH:changed:3	c_000000005423
S0R1152481/1 BH:changed:2	c_000000005423
S0R1152481/1 BH:changed:2	c_000000005423
S0R1166715/1 BH:changed:4	c_000000005423
S0R1166715/1 BH:changed:4	c_000000005423
S0R1168692/1 BH:changed:1	c_000000005423
S0R1168692/1 BH:changed:1	c_000000005423
S0R1181841/1 BH:changed:7	c_000000005423
S0R1181841/1 BH:changed:7	c_000000005423
S0R1182072/1 BH:changed:2	c_000000005423
S0R1182072/1 BH:changed:2	c_000000005423
S0R1208896/1 BH:changed:3	c_000000005423
S0R1208896/1 BH:changed:3	c_000000005423
S0R1206683/1 BH:changed:5	c_000000005423
S0R1206683/1 BH:changed:5	c_000000005423
S0R1218087/1 BH:changed:2	c_000000005423
S0R1218087/1 BH:changed:2	c_000000005423
S0R1220618/1 BH:changed:5	c_000000005423
S0R1220618/1 BH:changed:5	c_000000005423
S0R1241600/1 BH:changed:2	c_000000005423
S0R1241600/1 BH:changed:2	c_000000005423
S0R1258638/1 BH:changed:6	c_000000005423
S0R1258638/1 BH:changed:6	c_000000005423
S0R1273723/1 BH:changed:2	c_000000005423
S0R1273723/1 BH:changed:2	c_000000005423
S0R1290197/1 BH:changed:3	c_000000005423
S0R1290197/1 BH:changed:3	c_000000005423
S0R1309679/1 BH:changed:3	c_000000005423
S0R1309679/1 BH:changed:3	c_000000005423
S0R1306838/1 BH:changed:3	c_000000005423
S0R1316671/1 BH:changed:6	c_000000005423
S0R1316671/1 BH:changed:6	c_000000005423
S0R1330757/1 BH:changed:5	c_000000005423
S0R1330757/1 BH:changed:5	c_000000005423
S0R1329143/1 BH:changed:4	c_000000005423
S0R1329143/1 BH:changed:4	c_000000005423
S0R1329759/1 BH:changed:3	c_000000005423
S0R1329759/1 BH:changed:3	c_000000005423
S0R1345099/1 BH:changed:7	c_000000005423
S0R1345099/1 BH:changed:7	c_000000005423
S0R1357831/1 BH:changed:2	c_000000005423
S0R1357831/1 BH:changed:2	c_000000005423
S0R1356474/1 BH:changed:3	c_000000005423
S0R1356474/1 BH:changed:3	c_000000005423
S0R1365632/1 BH:changed:7	c_000000005423
S0R1365632/1 BH:changed:7	c_000000005423
S0R1354590/1 BH:changed:5	c_000000005423
S0R1354590/1 BH:changed:5	c_000000005423
S0R1372257/1 BH:changed:3	c_000000005423
S0R1372257/1 BH:changed:3	c_000000005423
S0R1399422/1 BH:changed:3	c_000000005423
S0R1399422/1 BH:changed:3	c_000000005423
S0R1406265/1 BH:changed:5	c_000000005423
S0R1406265/1 BH:changed:5	c_000000005423
S0R1435508/1 BH:changed:6	c_000000005423
S0R1435508/1 BH:changed:6	c_000000005423
S0R1441208/1 BH:changed:3	c_000000005423
S0R1441208/1 BH:changed:3	c_000000005423
S0R1443916/1 BH:changed:2	c_000000005423
S0R1443916/1 BH:changed:2	c_000000005423
S0R1469834/1 BH:changed:2	c_000000005423
S0R1469834/1 BH:changed:2	c_000000005423
S0R1467952/1 BH:changed:3	c_000000005423
S0R1467952/1 BH:changed:3	c_000000005423
S0R1473718/1 BH:changed:7	c_000000005423
S0R1473718/1 BH:changed:7	c_000000005423
S0R1475889/1 BH:changed:3	c_000000005423
S0R1475889/1 BH:changed:3	c_000000005423
S0R1482375/1 BH:changed:4	c_000000005423
S0R1482375/1 BH:changed:4	c_000000005423
S0R1486926/1 BH:changed:5	c_000000005423
S0R1486926/1 BH:changed:5	c_000000005423
S0R1477871/1 BH:changed:3	c_000000005423
S0R1477871/1 BH:changed:3	c_000000005423
S0R1495133/1 BH:ok	c_000000005423
S0R1495133/1 BH:ok	c_000000005423
S0R1498102/1 BH:changed:2	c_000000005423
S0R1498102/1 BH:changed:2	c_000000005423
S0R1512493/1 BH:changed:2	c_000000005423
S0R1512493/1 BH:changed:2	c_000000005423
S0R1514636/1 BH:changed:5	c_000000005423
S0R1514636/1 BH:changed:5	c_000000005423
S0R1528639/1 BH:changed:2	c_000000005423
S0R1528639/1 BH:changed:2	c_000000005423
S0R1531956/1 BH:changed:9	c_000000005423
S0R1531956/1 BH:changed:9	c_000000005423
S0R1530097/1 BH:changed:4	c_000000005423
S0R1530097/1 BH:changed:4	c_000000005423
S0R1534308/1 BH:changed:1	c_000000005423
S0R1534308/1 BH:changed:1	c_000000005423
S0R1532876/1 BH:changed:2	c_000000005423
S0R1532876/1 BH:changed:2	c_000000005423
S0R1539028/1 BH:changed:5	c_000000005423
S0R1539028/1 BH:changed:5	c_000000005423
S0R1538228/1 BH:changed:4	c_000000005423
S0R1555833/1 BH:changed:3	c_000000005423
S0R1555833/1 BH:changed:3	c_000000005423
S0R1573282/1 BH:changed:2	c_000000005423
S0R1573282/1 BH:changed:2	c_000000005423
S0R1569424/1 BH:changed:1	c_000000005423
S0R1569424/1 BH:changed:1	c_000000005423
S0R1578752/1 BH:changed:2	c_000000005423
S0R1578752/1 BH:changed:2	c_000000005423
S0R1589881/1 BH:changed:2	c_000000005423
S0R1589881/1 BH:changed:2	c_000000005423
S0R1593856/1 BH:changed:3	c_000000005423
S0R1593856/1 BH:changed:3	c_000000005423
S0R1599018/1 BH:changed:3	c_000000005423
S0R1599018/1 BH:changed:3	c_000000005423
S0R1602046/1 BH:changed:4	c_000000005423
S0R1602046/1 BH:changed:4	c_000000005423
S0R1630136/1 BH:changed:5	c_000000005423
S0R1630136/1 BH:changed:5	c_000000005423
S0R1638543/1 BH:changed:2	c_000000005423
S0R1638543/1 BH:changed:2	c_000000005423
S0R1636630/1 BH:changed:2	c_000000005423
S0R1636630/1 BH:changed:2	c_000000005423
S0R1645359/1 BH:changed:1	c_000000005423
S0R1645359/1 BH:changed:1	c_000000005423
S0R1638797/1 BH:changed:4	c_000000005423
S0R1638797/1 BH:changed:4	c_000000005423
S0R1652328/1 BH:changed:4	c_000000005423
S0R1652328/1 BH:changed:4	c_000000005423
S0R1653967/1 BH:changed:3	c_000000005423
S0R1653967/1 BH:changed:3	c_000000005423
S0R1656684/1 BH:changed:3	c_000000005423
S0R1656684/1 BH:changed:3	c_000000005423
S0R1665746/1 BH:changed:3	c_000000005423
S0R1665746/1 BH:changed:3	c_000000005423
S0R1658083/1 BH:ok	c_000000005423
S0R1658083/1 BH:ok	c_000000005423
S0R1672310/1 BH:changed:6	c_000000005423
S0R1672310/1 BH:changed:6	c_000000005423
S0R1661897/1 BH:changed:1	c_000000005423
S0R1661897/1 BH:changed:1	c_000000005423
S0R1677657/1 BH:changed:2	c_000000005423
S0R1677657/1 BH:changed:2	c_000000005423
S0R1683236/1 BH:changed:2	c_000000005423
S0R1683236/1 BH:changed:2	c_000000005423
S0R1670716/1 BH:changed:5	c_000000005423
S0R1670716/1 BH:changed:5	c_000000005423
S0R1690064/1 BH:changed:4	c_000000005423
S0R1690064/1 BH:changed:4	c_000000005423
S0R1705469/1 BH:changed:4	c_000000005423
S0R1705469/1 BH:changed:4	c_000000005423
S0R1712041/1 BH:changed:4	c_000000005423
S0R1712041/1 BH:changed:4	c_000000005423
S0R1728035/1 BH:changed:5	c_000000005423
S0R1728035/1 BH:changed:5	c_000000005423
S0R1718654/1 BH:changed:2	c_000000005423
S0R1718654/1 BH:changed:2	c_000000005423
S0R1717860/1 BH:changed:3	c_000000005423
S0R1717860/1 BH:changed:3	c_000000005423
S0R1733888/1 BH:changed:4	c_000000005423
S0R1745171/1 BH:changed:2	c_000000005423
S0R1745171/1 BH:changed:2	c_000000005423
S0R1743345/1 BH:changed:2	c_000000005423
S0R1743345/1 BH:changed:2	c_000000005423
S0R1734806/1 BH:changed:4	c_000000005423
S0R1733534/1 BH:changed:2	c_000000005423
S0R1733534/1 BH:changed:2	c_000000005423
S0R1755210/1 BH:ok	c_000000005423
S0R1755210/1 BH:ok	c_000000005423
S0R1772447/1 BH:changed:3	c_000000005423
S0R1772447/1 BH:changed:3	c_000000005423
S0R1786513/1 BH:changed:5	c_000000005423
S0R1786513/1 BH:changed:5	c_000000005423
S0R1800702/1 BH:ok	c_000000005423
S0R1800702/1 BH:ok	c_000000005423
S0R1790824/1 BH:changed:4	c_000000005423
S0R1790824/1 BH:changed:4	c_000000005423
S0R1806953/1 BH:changed:2	c_000000005423
S0R1806953/1 BH:changed:2	c_000000005423
S0R1821194/1 BH:changed:8	c_000000005423
S0R1821194/1 BH:changed:8	c_000000005423
S0R1833212/1 BH:changed:6	c_000000005423
S0R1833212/1 BH:changed:6	c_000000005423
S0R1838549/1 BH:changed:9	c_000000005423
S0R1838549/1 BH:changed:9	c_000000005423
S0R1842438/1 BH:changed:4	c_000000005423
S0R1842438/1 BH:changed:4	c_000000005423
S0R1837663/1 BH:changed:3	c_000000005423
S0R1837663/1 BH:changed:3	c_000000005423
S0R1843081/1 BH:changed:3	c_000000005423
S0R1843081/1 BH:changed:3	c_000000005423
S0R1845305/1 BH:changed:3	c_000000005423
S0R1845305/1 BH:changed:3	c_000000005423
S0R1843564/1 BH:changed:3	c_000000005423
S0R1843564/1 BH:changed:3	c_000000005423
S0R1833349/1 BH:failed	c_000000005423
S0R1833349/1 BH:failed	c_000000005423
S0R1832607/1 BH:changed:2	c_000000005423
S0R1855432/1 BH:changed:4	c_000000005423
S0R1855432/1 BH:changed:4	c_000000005423
S0R1852184/1 BH:changed:2	c_000000005423
S0R1852184/1 BH:changed:2	c_000000005423
S0R1869003/1 BH:changed:5	c_000000005423
S0R1869003/1 BH:changed:5	c_000000005423
S0R1868252/1 BH:changed:5	c_000000005423
S0R1868252/1 BH:changed:5	c_000000005423
S0R1868391/1 BH:changed:3	c_000000005423
S0R1868391/1 BH:changed:3	c_000000005423
S0R1871457/1 BH:changed:1	c_000000005423
S0R1871457/1 BH:changed:1	c_000000005423
S0R1893291/1 BH:changed:2	c_000000005423
S0R1893291/1 BH:changed:2	c_000000005423
S0R1878866/1 BH:changed:1	c_000000005423
S0R1878866/1 BH:changed:1	c_000000005423
S0R1901879/1 BH:changed:2	c_000000005423
S0R1901879/1 BH:changed:2	c_000000005423
S0R1905323/1 BH:changed:2	c_000000005423
S0R1905323/1 BH:changed:2	c_000000005423
S0R1891138/1 BH:changed:5	c_000000005423
S0R1891138/1 BH:changed:5	c_000000005423
S0R1922024/1 BH:changed:2	c_000000005423
S0R1922024/1 BH:changed:2	c_000000005423
S0R1915628/1 BH:changed:6	c_000000005423
S0R1915628/1 BH:changed:6	c_000000005423
S0R1914479/1 BH:changed:4	c_000000005423
S0R1914479/1 BH:changed:4	c_000000005423
S0R1940709/1 BH:changed:3	c_000000005423
S0R1940709/1 BH:changed:3	c_000000005423
S0R1930636/1 BH:changed:2	c_000000005423
S0R1930636/1 BH:changed:2	c_000000005423
S0R1946450/1 BH:changed:5	c_000000005423
S0R1946450/1 BH:changed:5	c_000000005423
S0R1942161/1 BH:changed:2	c_000000005423
S0R1942161/1 BH:changed:2	c_000000005423
S0R1960310/1 BH:changed:5	c_000000005423
S0R1960310/1 BH:changed:5	c_000000005423
S0R1953334/1 BH:changed:4	c_000000005423
S0R1955842/1 BH:changed:6	c_000000005423
S0R1955842/1 BH:changed:6	c_000000005423
S0R1961511/1 BH:ok	c_000000005423
S0R1961511/1 BH:ok	c_000000005423
S0R2003193/1 BH:changed:2	c_000000005423
S0R2003193/1 BH:changed:2	c_000000005423
S0R1987835/1 BH:changed:1	c_000000005423
S0R1987835/1 BH:changed:1	c_000000005423
S0R2002301/1 BH:changed:5	c_000000005423
S0R2002301/1 BH:changed:5	c_000000005423
S0R2014768/1 BH:changed:5	c_000000005423
S0R2014768/1 BH:changed:5	c_000000005423
S0R2035359/1 BH:changed:4	c_000000005423
S0R2035359/1 BH:changed:4	c_000000005423
S0R2022444/1 BH:changed:1	c_000000005423
S0R2022444/1 BH:changed:1	c_000000005423
S0R2041117/1 BH:changed:3	c_000000005423
S0R2041117/1 BH:changed:3	c_000000005423
S0R2043310/1 BH:changed:4	c_000000005423
S0R2043310/1 BH:changed:4	c_000000005423
S0R2070202/1 BH:changed:4	c_000000005423
S0R2070202/1 BH:changed:4	c_000000005423
S0R2053755/1 BH:changed:5	c_000000005423
S0R2053755/1 BH:changed:5	c_000000005423
S0R2072881/1 BH:changed:3	c_000000005423
S0R2072881/1 BH:changed:3	c_000000005423
S0R2093758/1 BH:changed:3	c_000000005423
S0R2093758/1 BH:changed:3	c_000000005423
S0R2098320/1 BH:changed:4	c_000000005423
S0R2098320/1 BH:changed:4	c_000000005423
S0R2109324/1 BH:changed:3	c_000000005423
S0R2109324/1 BH:changed:3	c_000000005423
S0R2106397/1 BH:changed:3	c_000000005423
S0R2106397/1 BH:changed:3	c_000000005423
S0R2106298/1 BH:changed:7	c_000000005423
S0R2106298/1 BH:changed:7	c_000000005423
S0R2101849/1 BH:changed:4	c_000000005423
S0R2101849/1 BH:changed:4	c_000000005423
S0R2118068/1 BH:changed:3	c_000000005423
S0R2118068/1 BH:changed:3	c_000000005423
S0R2133674/1 BH:ok	c_000000005423
S0R2133674/1 BH:ok	c_000000005423
S0R2133711/1 BH:changed:5	c_000000005423
S0R2133711/1 BH:changed:5	c_000000005423
S0R2136130/1 BH:changed:2	c_000000005423
S0R2136130/1 BH:changed:2	c_000000005423
S0R2137780/1 BH:changed:1	c_000000005423
S0R2137780/1 BH:changed:1	c_000000005423
S0R2153906/1 BH:changed:3	c_000000005423
S0R2153906/1 BH:changed:3	c_000000005423
S0R2171698/1 BH:changed:3	c_000000005423
S0R2171698/1 BH:changed:3	c_000000005423
S0R2181788/1 BH:changed:1	c_000000005423
S0R2181788/1 BH:changed:1	c_000000005423
S0R2177490/1 BH:changed:1	c_000000005423
S0R2177490/1 BH:changed:1	c_000000005423
S0R2190815/1 BH:changed:1	c_000000005423
S0R2190815/1 BH:changed:1	c_000000005423
S0R2189266/1 BH:changed:3	c_000000005423
S0R2189266/1 BH:changed:3	c_000000005423
S0R2197485/1 BH:changed:2	c_000000005423
S0R2197485/1 BH:changed:2	c_000000005423
S0R2205821/1 BH:changed:3	c_000000005423
S0R2205821/1 BH:changed:3	c_000000005423
S0R2208809/1 BH:changed:1	c_000000005423
S0R2208809/1 BH:changed:1	c_000000005423
S0R2213549/1 BH:changed:4	c_000000005423
S0R2213549/1 BH:changed:4	c_000000005423
S0R2220397/1 BH:changed:7	c_000000005423
S0R2220397/1 BH:changed:7	c_000000005423
S0R2210963/1 BH:changed:8	c_000000005423
S0R2210963/1 BH:changed:8	c_000000005423
S0R2217370/1 BH:changed:3	c_000000005423
S0R2217370/1 BH:changed:3	c_000000005423
S0R2227196/1 BH:changed:4	c_000000005423
S0R2227196/1 BH:changed:4	c_000000005423
S0R2217543/1 BH:ok	c_000000005423
S0R2217543/1 BH:ok	c_000000005423
S0R2217051/1 BH:changed:1	c_000000005423
S0R2217051/1 BH:changed:1	c_000000005423
S0R2235849/1 BH:changed:2	c_000000005423
S0R2245113/1 BH:changed:7	c_000000005423
S0R2245113/1 BH:changed:7	c_000000005423
S0R2224766/1 BH:changed:1	c_000000005423
S0R2224766/1 BH:changed:1	c_000000005423
S0R2259043/1 BH:changed:6	c_000000005423
S0R2259043/1 BH:changed:6	c_000000005423
S0R2257928/1 BH:changed:3	c_000000005423
S0R2257928/1 BH:changed:3	c_000000005423
S0R2272885/1 BH:changed:2	c_000000005423
S0R2272885/1 BH:changed:2	c_000000005423
S0R2282889/1 BH:changed:3	c_000000005423
S0R2282889/1 BH:changed:3	c_000000005423
S0R2274067/1 BH:changed:1	c_000000005423
S0R2295767/1 BH:changed:3	c_000000005423
S0R2295767/1 BH:changed:3	c_000000005423
S0R2302804/1 BH:changed:2	c_000000005423
S0R2302804/1 BH:changed:2	c_000000005423
S0R2296220/1 BH:changed:4	c_000000005423
S0R2296220/1 BH:changed:4	c_000000005423
S0R2309149/1 BH:changed:1	c_000000005423
S0R2309149/1 BH:changed:1	c_000000005423
S0R2308264/1 BH:changed:3	c_000000005423
S0R2308264/1 BH:changed:3	c_000000005423
S0R2325511/1 BH:changed:1	c_000000005423
S0R2325511/1 BH:changed:1	c_000000005423
S0R2331437/1 BH:changed:2	c_000000005423
S0R2341092/1 BH:changed:4	c_000000005423
S0R2341092/1 BH:changed:4	c_000000005423
S0R2348350/1 BH:changed:3	c_000000005423
S0R2348350/1 BH:changed:3	c_000000005423
S0R2355022/1 BH:changed:2	c_000000005423
S0R2355022/1 BH:changed:2	c_000000005423
S0R2346497/1 BH:changed:4	c_000000005423
S0R2346497/1 BH:changed:4	c_000000005423
S0R2359513/1 BH:changed:2	c_000000005423
S0R2359513/1 BH:changed:2	c_000000005423
S0R2380245/1 BH:changed:3	c_000000005423
S0R2380245/1 BH:changed:3	c_000000005423
S0R2373356/1 BH:changed:4	c_000000005423
S0R2373356/1 BH:changed:4	c_000000005423
S0R2391317/1 BH:changed:4	c_000000005423
S0R2391317/1 BH:changed:4	c_000000005423
S0R2397401/1 BH:changed:1	c_000000005423
S0R2397401/1 BH:changed:1	c_000000005423
S0R2415217/1 BH:changed:7	c_000000005423
S0R2415217/1 BH:changed:7	c_000000005423
S0R2411695/1 BH:failed	c_000000005423
S0R2411695/1 BH:failed	c_000000005423
S0R2402937/1 BH:changed:5	c_000000005423
S0R2402937/1 BH:changed:5	c_000000005423
S0R2436492/1 BH:changed:7	c_000000005423
S0R2436492/1 BH:changed:7	c_000000005423
S0R2456330/1 BH:failed	c_000000005423
S0R2456330/1 BH:failed	c_000000005423
S0R2485334/1 BH:changed:5	c_000000005423
S0R2485334/1 BH:changed:5	c_000000005423
S0R2491686/1 BH:failed	c_000000005423
S0R2504514/1 BH:ok	c_000000005423
S0R2504514/1 BH:ok	c_000000005423
S0R2525359/1 BH:changed:3	c_000000005423
S0R2525359/1 BH:changed:3	c_000000005423
S0R2523076/1 BH:changed:6	c_000000005423
S0R2523076/1 BH:changed:6	c_000000005423
S0R2554774/1 BH:changed:4	c_000000005423
S0R2554774/1 BH:changed:4	c_000000005423
S0R2571921/1 BH:changed:2	c_000000005423
S0R2573051/1 BH:changed:1	c_000000005423
S0R2573051/1 BH:changed:1	c_000000005423
S0R2576761/1 BH:changed:1	c_000000005423
S0R2576761/1 BH:changed:1	c_000000005423
S0R2584724/1 BH:changed:1	c_000000005423
S0R2584724/1 BH:changed:1	c_000000005423
S0R2603554/1 BH:changed:3	c_000000005423
S0R2603554/1 BH:changed:3	c_000000005423
S0R2606426/1 BH:changed:3	c_000000005423
S0R2606426/1 BH:changed:3	c_000000005423
S0R2606250/1 BH:changed:4	c_000000005423
S0R2606250/1 BH:changed:4	c_000000005423
S0R2615726/1 BH:changed:3	c_000000005423
S0R2615726/1 BH:changed:3	c_000000005423
S0R2619673/1 BH:changed:3	c_000000005423
S0R2619673/1 BH:changed:3	c_000000005423
S0R2615508/1 BH:ok	c_000000005423
S0R2615508/1 BH:ok	c_000000005423
S0R2614926/1 BH:changed:4	c_000000005423
S0R2614926/1 BH:changed:4	c_000000005423
S0R2618692/1 BH:changed:3	c_000000005423
S0R2618692/1 BH:changed:3	c_000000005423
S0R2643677/1 BH:failed	c_000000005423
S0R2643677/1 BH:failed	c_000000005423
S0R2661746/1 BH:changed:1	c_000000005423
S0R2661746/1 BH:changed:1	c_000000005423
S0R2660408/1 BH:changed:7	c_000000005423
S0R2660408/1 BH:changed:7	c_000000005423
S0R2658778/1 BH:changed:2	c_000000005423
S0R2658778/1 BH:changed:2	c_000000005423
S0R2673671/1 BH:changed:1	c_000000005423
S0R2673671/1 BH:changed:1	c_000000005423
S0R2670438/1 BH:changed:2	c_000000005423
S0R2670438/1 BH:changed:2	c_000000005423
S0R2667553/1 BH:changed:2	c_000000005423
S0R2667553/1 BH:changed:2	c_000000005423
S0R2674918/1 BH:changed:2	c_000000005423
S0R2674918/1 BH:changed:2	c_000000005423
S0R2676077/1 BH:changed:5	c_000000005423
S0R2676077/1 BH:changed:5	c_000000005423
S0R2681526/1 BH:changed:1	c_000000005423
S0R2681526/1 BH:changed:1	c_000000005423
S0R2685709/1 BH:changed:2	c_000000005423
S0R2685709/1 BH:changed:2	c_000000005423
S0R2695411/1 BH:changed:2	c_000000005423
S0R2695411/1 BH:changed:2	c_000000005423
S0R2687137/1 BH:changed:6	c_000000005423
S0R2702033/1 BH:changed:4	c_000000005423
S0R2702033/1 BH:changed:4	c_000000005423
S0R2716318/1 BH:changed:2	c_000000005423
S0R2716318/1 BH:changed:2	c_000000005423
S0R2719938/1 BH:ok	c_000000005423
S0R2719938/1 BH:ok	c_000000005423
S0R2724126/1 BH:changed:2	c_000000005423
S0R2724126/1 BH:changed:2	c_000000005423
S0R2728684/1 BH:changed:3	c_000000005423
S0R2728684/1 BH:changed:3	c_000000005423
S0R2737247/1 BH:changed:6	c_000000005423
S0R2737247/1 BH:changed:6	c_000000005423
S0R2747068/1 BH:changed:7	c_000000005423
S0R2747068/1 BH:changed:7	c_000000005423
S0R2770797/1 BH:changed:6	c_000000005423
S0R2770797/1 BH:changed:6	c_000000005423
S0R2770956/1 BH:changed:3	c_000000005423
S0R2770956/1 BH:changed:3	c_000000005423
S0R2776472/1 BH:failed	c_000000005423
S0R2776472/1 BH:failed	c_000000005423
S0R2786726/1 BH:changed:2	c_000000005423
S0R2786726/1 BH:changed:2	c_000000005423
S0R2787343/1 BH:changed:5	c_000000005423
S0R2787343/1 BH:changed:5	c_000000005423
S0R2795235/1 BH:ok	c_000000005423
S0R2795235/1 BH:ok	c_000000005423
S0R2791771/1 BH:changed:1	c_000000005423
S0R2791771/1 BH:changed:1	c_000000005423
S0R2814744/1 BH:changed:1	c_000000005423
S0R2814744/1 BH:changed:1	c_000000005423
S0R2814899/1 BH:changed:2	c_000000005423
S0R2814899/1 BH:changed:2	c_000000005423
S0R2830107/1 BH:changed:4	c_000000005423
S0R2830107/1 BH:changed:4	c_000000005423
S0R2831112/1 BH:changed:3	c_000000005423
S0R2831112/1 BH:changed:3	c_000000005423
S0R2836268/1 BH:changed:3	c_000000005423
S0R2836268/1 BH:changed:3	c_000000005423
S0R2836360/1 BH:changed:4	c_000000005423
S0R2849412/1 BH:changed:2	c_000000005423
S0R2849412/1 BH:changed:2	c_000000005423
S0R2878423/1 BH:changed:1	c_000000005423
S0R2878423/1 BH:changed:1	c_000000005423
S0R2872167/1 BH:changed:4	c_000000005423
S0R2872167/1 BH:changed:4	c_000000005423
S0R2876076/1 BH:changed:3	c_000000005423
S0R2875132/1 BH:changed:5	c_000000005423
S0R2875132/1 BH:changed:5	c_000000005423
S0R2899761/1 BH:changed:2	c_000000005423
S0R2899761/1 BH:changed:2	c_000000005423
S0R2901181/1 BH:changed:3	c_000000005423
S0R2901181/1 BH:changed:3	c_000000005423
S0R2907684/1 BH:changed:1	c_000000005423
S0R2907684/1 BH:changed:1	c_000000005423
S0R2908113/1 BH:ok	c_000000005423
S0R2908113/1 BH:ok	c_000000005423
S0R2910273/1 BH:changed:2	c_000000005423
S0R2910273/1 BH:changed:2	c_000000005423
S0R2928817/1 BH:changed:5	c_000000005423
S0R2928817/1 BH:changed:5	c_000000005423
S0R2943006/1 BH:changed:3	c_000000005423
S0R2943006/1 BH:changed:3	c_000000005423
S0R2937882/1 BH:changed:5	c_000000005423
S0R2937882/1 BH:changed:5	c_000000005423
S0R2946255/1 BH:changed:3	c_000000005423
S0R2957262/1 BH:changed:1	c_000000005423
S0R2957262/1 BH:changed:1	c_000000005423
S0R2952428/1 BH:changed:4	c_000000005423
S0R2952428/1 BH:changed:4	c_000000005423
S0R2964077/1 BH:changed:2	c_000000005423
S0R2964077/1 BH:changed:2	c_000000005423
S0R2974439/1 BH:changed:4	c_000000005423
S0R2974439/1 BH:changed:4	c_000000005423
S0R2980699/1 BH:changed:2	c_000000005423
S0R2980699/1 BH:changed:2	c_000000005423
S0R2984692/1 BH:changed:1	c_000000005423
S0R2984692/1 BH:changed:1	c_000000005423
S0R3012639/1 BH:changed:2	c_000000005423
S0R3012639/1 BH:changed:2	c_000000005423
S0R3024977/1 BH:changed:3	c_000000005423
S0R3024977/1 BH:changed:3	c_000000005423
S0R3019925/1 BH:changed:1	c_000000005423
S0R3019925/1 BH:changed:1	c_000000005423
S0R3040882/1 BH:changed:3	c_000000005423
S0R3040882/1 BH:changed:3	c_000000005423
S0R3043559/1 BH:changed:2	c_000000005423
S0R3043559/1 BH:changed:2	c_000000005423
S0R3045020/1 BH:changed:5	c_000000005423
S0R3045020/1 BH:changed:5	c_000000005423
S0R3043075/1 BH:changed:4	c_000000005423
S0R3043075/1 BH:changed:4	c_000000005423
S0R3051116/1 BH:changed:6	c_000000005423
S0R3051116/1 BH:changed:6	c_000000005423
S0R3077164/1 BH:changed:4	c_000000005423
S0R3077164/1 BH:changed:4	c_000000005423
S0R3093399/1 BH:changed:3	c_000000005423
S0R3093399/1 BH:changed:3	c_000000005423
S0R3107391/1 BH:changed:6	c_000000005423
S0R3107391/1 BH:changed:6	c_000000005423
S0R3113071/1 BH:changed:2	c_000000005423
S0R3113071/1 BH:changed:2	c_000000005423
S0R3115944/1 BH:changed:2	c_000000005423
S0R3115944/1 BH:changed:2	c_000000005423
S0R3115970/1 BH:changed:5	c_000000005423
S0R3115970/1 BH:changed:5	c_000000005423
S0R3116333/1 BH:changed:5	c_000000005423
S0R3116333/1 BH:changed:5	c_000000005423
S0R3113496/1 BH:changed:2	c_000000005423
S0R3113496/1 BH:changed:2	c_000000005423
S0R3124507/1 BH:changed:3	c_000000005423
S0R3124507/1 BH:changed:3	c_000000005423
S0R3126432/1 BH:changed:4	c_000000005423
S0R3131366/1 BH:changed:7	c_000000005423
S0R3131366/1 BH:changed:7	c_000000005423
S0R3147800/1 BH:changed:3	c_000000005423
S0R3147800/1 BH:changed:3	c_000000005423
S0R3148525/1 BH:changed:4	c_000000005423
S0R3148525/1 BH:changed:4	c_000000005423
S0R3145062/1 BH:changed:1	c_000000005423
S0R3145062/1 BH:changed:1	c_000000005423
S0R3143969/1 BH:changed:6	c_000000005423
S0R3143969/1 BH:changed:6	c_000000005423
S0R3173042/1 BH:changed:3	c_000000005423
S0R3173042/1 BH:changed:3	c_000000005423
S0R3162417/1 BH:changed:4	c_000000005423
S0R3173660/1 BH:changed:1	c_000000005423
S0R3173660/1 BH:changed:1	c_000000005423
S0R3174896/1 BH:changed:1	c_000000005423
S0R3174896/1 BH:changed:1	c_000000005423
S0R3166212/1 BH:changed:1	c_000000005423
S0R3166212/1 BH:changed:1	c_000000005423
S0R3178950/1 BH:changed:6	c_000000005423
S0R3178950/1 BH:changed:6	c_000000005423
S0R3190189/1 BH:changed:6	c_000000005423
S0R3190189/1 BH:changed:6	c_000000005423
S0R3194085/1 BH:changed:2	c_000000005423
S0R3194085/1 BH:changed:2	c_000000005423
S0R3198255/1 BH:changed:1	c_000000005423
S0R3198255/1 BH:changed:1	c_000000005423
S0R3205560/1 BH:changed:3	c_000000005423
S0R3205560/1 BH:changed:3	c_000000005423
S0R3207997/1 BH:changed:2	c_000000005423
S0R3207997/1 BH:changed:2	c_000000005423
S0R3225887/1 BH:changed:5	c_000000005423
S0R3225887/1 BH:changed:5	c_000000005423
S0R3228173/1 BH:changed:3	c_000000005423
S0R3228173/1 BH:changed:3	c_000000005423
S0R3230372/1 BH:changed:2	c_000000005423
S0R3230372/1 BH:changed:2	c_000000005423
S0R3231876/1 BH:changed:5	c_000000005423
S0R3231876/1 BH:changed:5	c_000000005423
S0R3231083/1 BH:changed:6	c_000000005423
S0R3231083/1 BH:changed:6	c_000000005423
S0R3245710/1 BH:changed:4	c_000000005423
S0R3245710/1 BH:changed:4	c_000000005423
S0R3248273/1 BH:changed:3	c_000000005423
S0R3248273/1 BH:changed:3	c_000000005423
S0R3252858/1 BH:changed:4	c_000000005423
S0R3252858/1 BH:changed:4	c_000000005423
S0R3263343/1 BH:changed:1	c_000000005423
S0R3263343/1 BH:changed:1	c_000000005423
S0R3268333/1 BH:changed:1	c_000000005423
S0R3268333/1 BH:changed:1	c_000000005423
S0R3270887/1 BH:changed:1	c_000000005423
S0R3270887/1 BH:changed:1	c_000000005423
S0R3288575/1 BH:changed:5	c_000000005423
S0R3288575/1 BH:changed:5	c_000000005423
S0R3289687/1 BH:changed:4	c_000000005423
S0R3289687/1 BH:changed:4	c_000000005423
S0R3299311/1 BH:changed:3	c_000000005423
S0R3299311/1 BH:changed:3	c_000000005423
S0R3304664/1 BH:changed:5	c_000000005423
S0R3304664/1 BH:changed:5	c_000000005423
S0R3308236/1 BH:changed:6	c_000000005423
S0R3308236/1 BH:changed:6	c_000000005423
S0R3318330/1 BH:changed:2	c_000000005423
S0R3345216/1 BH:changed:3	c_000000005423
S0R3345216/1 BH:changed:3	c_000000005423
S0R3348654/1 BH:changed:3	c_000000005423
S0R3357952/1 BH:changed:2	c_000000005423
S0R3357952/1 BH:changed:2	c_000000005423
S0R3361504/1 BH:changed:3	c_000000005423
S0R3361504/1 BH:changed:3	c_000000005423
S0R3371297/1 BH:changed:4	c_000000005423
S0R3371297/1 BH:changed:4	c_000000005423
S0R3365408/1 BH:changed:2	c_000000005423
S0R3385683/1 BH:changed:5	c_000000005423
S0R3385683/1 BH:changed:5	c_000000005423
S0R3385508/1 BH:changed:1	c_000000005423
S0R3385508/1 BH:changed:1	c_000000005423
S0R3388686/1 BH:changed:3	c_000000005423
S0R3388686/1 BH:changed:3	c_000000005423
S0R3400669/1 BH:changed:1	c_000000005423
S0R3400669/1 BH:changed:1	c_000000005423
S0R3397302/1 BH:changed:1	c_000000005423
S0R3397302/1 BH:changed:1	c_000000005423
S0R3412652/1 BH:changed:4	c_000000005423
S0R3412652/1 BH:changed:4	c_000000005423
S0R3426864/1 BH:changed:5	c_000000005423
S0R3426864/1 BH:changed:5	c_000000005423
S0R3407874/1 BH:changed:2	c_000000005423
S0R3407874/1 BH:changed:2	c_000000005423
S0R3451372/1 BH:changed:5	c_000000005423
S0R3451372/1 BH:changed:5	c_000000005423
S0R3446814/1 BH:changed:7	c_000000005423
S0R3446814/1 BH:changed:7	c_000000005423
S0R3467208/1 BH:changed:3	c_000000005423
S0R3467208/1 BH:changed:3	c_000000005423
S0R3431295/1 BH:changed:1	c_000000005423
S0R3431295/1 BH:changed:1	c_000000005423
S0R3475959/1 BH:changed:2	c_000000005423
S0R3452717/1 BH:changed:4	c_000000005423
S0R3452717/1 BH:changed:4	c_000000005423
S0R3479672/1 BH:changed:2	c_000000005423
S0R3479672/1 BH:changed:2	c_000000005423
S0R3487064/1 BH:changed:3	c_000000005423
S0R3487064/1 BH:changed:3	c_000000005423
S0R3486877/1 BH:changed:6	c_000000005423
S0R3486877/1 BH:changed:6	c_000000005423
S0R3505053/1 BH:failed	c_000000005423
S0R3505053/1 BH:failed	c_000000005423
S0R3525573/1 BH:changed:3	c_000000005423
S0R3525573/1 BH:changed:3	c_000000005423
S0R3537748/1 BH:changed:4	c_000000005423
S0R3537748/1 BH:changed:4	c_000000005423
S0R3559363/1 BH:changed:5	c_000000005423
S0R3579076/1 BH:changed:6	c_000000005423
S0R3579076/1 BH:changed:6	c_000000005423
S0R3562378/1 BH:changed:2	c_000000005423
S0R3562378/1 BH:changed:2	c_000000005423
S0R3580042/1 BH:changed:3	c_000000005423
S0R3580042/1 BH:changed:3	c_000000005423
S0R3609093/1 BH:changed:1	c_000000005423
S0R3609093/1 BH:changed:1	c_000000005423
S0R3635590/1 BH:changed:5	c_000000005423
S0R3635590/1 BH:changed:5	c_000000005423
S0R3635506/1 BH:ok	c_000000005423
S0R3635506/1 BH:ok	c_000000005423
S0R3669296/1 BH:changed:2	c_000000005423
S0R3669296/1 BH:changed:2	c_000000005423
S0R3677831/1 BH:changed:3	c_000000005423
S0R3677831/1 BH:changed:3	c_000000005423
S0R3683565/1 BH:changed:4	c_000000005423
S0R3683565/1 BH:changed:4	c_000000005423
S0R3676494/1 BH:changed:5	c_000000005423
S0R3676494/1 BH:changed:5	c_000000005423
S0R3706564/1 BH:changed:2	c_000000005423
S0R3706564/1 BH:changed:2	c_000000005423
S0R3717199/1 BH:changed:3	c_000000005423
S0R3717199/1 BH:changed:3	c_000000005423
S0R3710606/1 BH:changed:3	c_000000005423
S0R3710606/1 BH:changed:3	c_000000005423
S0R3708616/1 BH:changed:1	c_000000005423
S0R3708616/1 BH:changed:1	c_000000005423
S0R3727504/1 BH:changed:3	c_000000005423
S0R3727504/1 BH:changed:3	c_000000005423
S0R3755562/1 BH:changed:1	c_000000005423
S0R3755562/1 BH:changed:1	c_000000005423
S0R3763437/1 BH:changed:2	c_000000005423
S0R3763437/1 BH:changed:2	c_000000005423
S0R3771282/1 BH:changed:2	c_000000005423
S0R3771282/1 BH:changed:2	c_000000005423
S0R3778685/1 BH:changed:2	c_000000005423
S0R3778685/1 BH:changed:2	c_000000005423
S0R3784769/1 BH:changed:3	c_000000005423
S0R3784769/1 BH:changed:3	c_000000005423
S0R3786418/1 BH:changed:2	c_000000005423
S0R3786418/1 BH:changed:2	c_000000005423
S0R3790269/1 BH:changed:1	c_000000005423
S0R3790269/1 BH:changed:1	c_000000005423
S0R3789906/1 BH:changed:2	c_000000005423
S0R3789906/1 BH:changed:2	c_000000005423
S0R3787346/1 BH:changed:3	c_000000005423
S0R3787346/1 BH:changed:3	c_000000005423
S0R3798983/1 BH:changed:2	c_000000005423
S0R3798983/1 BH:changed:2	c_000000005423
S0R3809895/1 BH:changed:3	c_000000005423
S0R3809895/1 BH:changed:3	c_000000005423
S0R3815993/1 BH:changed:1	c_000000005423
S0R3815993/1 BH:changed:1	c_000000005423
S0R3816713/1 BH:changed:3	c_000000005423
S0R3824806/1 BH:changed:2	c_000000005423
S0R3824806/1 BH:changed:2	c_000000005423
S0R3810903/1 BH:changed:3	c_000000005423
S0R3810903/1 BH:changed:3	c_000000005423
S0R3830447/1 BH:changed:5	c_000000005423
S0R3830447/1 BH:changed:5	c_000000005423
S0R3810831/1 BH:changed:5	c_000000005423
S0R3810831/1 BH:changed:5	c_000000005423
S0R3846103/1 BH:changed:4	c_000000005423
S0R3846103/1 BH:changed:4	c_000000005423
S0R3843922/1 BH:changed:3	c_000000005423
S0R3843922/1 BH:changed:3	c_000000005423
S0R3848273/1 BH:changed:5	c_000000005423
S0R3848273/1 BH:changed:5	c_000000005423
S0R3853452/1 BH:changed:4	c_000000005423
S0R3853452/1 BH:changed:4	c_000000005423
S0R3852225/1 BH:changed:3	c_000000005423
S0R3852225/1 BH:changed:3	c_000000005423
S0R3887408/1 BH:changed:4	c_000000005423
S0R3887408/1 BH:changed:4	c_000000005423
S0R3902203/1 BH:changed:5	c_000000005423
S0R3902203/1 BH:changed:5	c_000000005423
S0R3906104/1 BH:changed:3	c_000000005423
S0R3906104/1 BH:changed:3	c_000000005423
S0R3913085/1 BH:changed:2	c_000000005423
S0R3913085/1 BH:changed:2	c_000000005423
S0R3923256/1 BH:ok	c_000000005423
S0R3923256/1 BH:ok	c_000000005423
S0R3938240/1 BH:changed:2	c_000000005423
S0R3938240/1 BH:changed:2	c_000000005423
S0R3933016/1 BH:changed:4	c_000000005423
S0R3933016/1 BH:changed:4	c_000000005423
S0R3957527/1 BH:changed:2	c_000000005423
S0R3957527/1 BH:changed:2	c_000000005423
S0R3951323/1 BH:changed:3	c_000000005423
S0R3951323/1 BH:changed:3	c_000000005423
S0R3953586/1 BH:changed:3	c_000000005423
S0R3953586/1 BH:changed:3	c_000000005423
S0R3964237/1 BH:changed:3	c_000000005423
S0R3961731/1 BH:changed:4	c_000000005423
S0R3961731/1 BH:changed:4	c_000000005423
S0R3956726/1 BH:changed:7	c_000000005423
S0R3956726/1 BH:changed:7	c_000000005423
S0R3965719/1 BH:changed:4	c_000000005423
S0R3965719/1 BH:changed:4	c_000000005423
S0R3984721/1 BH:changed:2	c_000000005423
S0R3983253/1 BH:changed:3	c_000000005423
S0R3983253/1 BH:changed:3	c_000000005423
S0R3984456/1 BH:changed:2	c_000000005423
S0R3984456/1 BH:changed:2	c_000000005423
S0R3994619/1 BH:changed:3	c_000000005423
S0R3994619/1 BH:changed:3	c_000000005423
S0R3997708/1 BH:changed:3	c_000000005423
S0R3997708/1 BH:changed:3	c_000000005423
S0R4002652/1 BH:changed:2	c_000000005423
S0R4002652/1 BH:changed:2	c_000000005423
S0R4010716/1 BH:changed:3	c_000000005423
S0R4010716/1 BH:changed:3	c_000000005423
S0R4021345/1 BH:changed:1	c_000000005423
S0R4021345/1 BH:changed:1	c_000000005423
S0R4028655/1 BH:changed:4	c_000000005423
S0R4003077/1 BH:changed:3	c_000000005423
S0R4003077/1 BH:changed:3	c_000000005423
S0R4004010/1 BH:failed	c_000000005423
S0R4004010/1 BH:failed	c_000000005423
S0R4040182/1 BH:changed:4	c_000000005423
S0R4040182/1 BH:changed:4	c_000000005423
S0R4013056/1 BH:changed:1	c_000000005423
S0R4013056/1 BH:changed:1	c_000000005423
S0R4046076/1 BH:changed:2	c_000000005423
S0R4046076/1 BH:changed:2	c_000000005423
S0R4066822/1 BH:changed:3	c_000000005423
S0R4066822/1 BH:changed:3	c_000000005423
S0R4053832/1 BH:changed:2	c_000000005423
S0R4053832/1 BH:changed:2	c_000000005423
S0R4062148/1 BH:changed:5	c_000000005423
S0R4062148/1 BH:changed:5	c_000000005423
S0R4078813/1 BH:changed:6	c_000000005423
S0R4078813/1 BH:changed:6	c_000000005423
S0R4062976/1 BH:changed:3	c_000000005423
S0R4100000/1 BH:changed:1	c_000000005423
S0R4100000/1 BH:changed:1	c_000000005423
S0R4102515/1 BH:changed:6	c_000000005423
S0R4102515/1 BH:changed:6	c_000000005423
S0R4098164/1 BH:changed:5	c_000000005423
S0R4098164/1 BH:changed:5	c_000000005423
S0R4092090/1 BH:changed:2	c_000000005423
S0R4092090/1 BH:changed:2	c_000000005423
S0R4128250/1 BH:changed:5	c_000000005423
S0R4128250/1 BH:changed:5	c_000000005423
S0R4143883/1 BH:changed:4	c_000000005423
S0R4143883/1 BH:changed:4	c_000000005423
S0R4112575/1 BH:changed:2	c_000000005423
S0R4112575/1 BH:changed:2	c_000000005423
S0R4142781/1 BH:changed:4	c_000000005423
S0R4142781/1 BH:changed:4	c_000000005423
S0R4145813/1 BH:changed:2	c_000000005423
S0R4145813/1 BH:changed:2	c_000000005423
S0R4167596/1 BH:changed:3	c_000000005423
S0R4167596/1 BH:changed:3	c_000000005423
S0R4180429/1 BH:changed:6	c_000000005423
S0R4180429/1 BH:changed:6	c_000000005423
S0R4196893/1 BH:changed:4	c_000000005423
S0R4196893/1 BH:changed:4	c_000000005423
S0R4188419/1 BH:changed:8	c_000000005423
S0R4188419/1 BH:changed:8	c_000000005423
S0R4200096/1 BH:changed:1	c_000000005423
S0R4200096/1 BH:changed:1	c_000000005423
S0R4221708/1 BH:changed:3	c_000000005423
S0R4221708/1 BH:changed:3	c_000000005423
S0R4230345/1 BH:changed:1	c_000000005423
S0R4230345/1 BH:changed:1	c_000000005423
S0R4226900/1 BH:failed	c_000000005423
S0R4226900/1 BH:failed	c_000000005423
S0R4246137/1 BH:changed:1	c_000000005423
S0R4246137/1 BH:changed:1	c_000000005423
S0R4266189/1 BH:changed:1	c_000000005423
S0R4266189/1 BH:changed:1	c_000000005423
S0R4267764/1 BH:changed:2	c_000000005423
S0R4267764/1 BH:changed:2	c_000000005423
S0R4264220/1 BH:changed:1	c_000000005423
S0R4264220/1 BH:changed:1	c_000000005423
S0R4258668/1 BH:changed:3	c_000000005423
S0R4258668/1 BH:changed:3	c_000000005423
S0R4258164/1 BH:changed:1	c_000000005423
S0R4282092/1 BH:changed:6	c_000000005423
S0R4282092/1 BH:changed:6	c_000000005423
S0R4276755/1 BH:changed:1	c_000000005423
S0R4276755/1 BH:changed:1	c_000000005423
S0R4290784/1 BH:changed:8	c_000000005423
S0R4290784/1 BH:changed:8	c_000000005423
S0R4295539/1 BH:changed:4	c_000000005423
S0R4295539/1 BH:changed:4	c_000000005423
S0R4301536/1 BH:changed:2	c_000000005423
S0R4301536/1 BH:changed:2	c_000000005423
S0R4301610/1 BH:changed:3	c_000000005423
S0R4301610/1 BH:changed:3	c_000000005423
S0R4311732/1 BH:changed:2	c_000000005423
S0R4311732/1 BH:changed:2	c_000000005423
S0R4326581/1 BH:changed:4	c_000000005423
S0R4326581/1 BH:changed:4	c_000000005423
S0R4328049/1 BH:changed:2	c_000000005423
S0R4328049/1 BH:changed:2	c_000000005423
S0R4331124/1 BH:changed:3	c_000000005423
S0R4331124/1 BH:changed:3	c_000000005423
S0R4338295/1 BH:changed:2	c_000000005423
S0R4338295/1 BH:changed:2	c_000000005423
S0R4342802/1 BH:changed:1	c_000000005423
S0R4342802/1 BH:changed:1	c_000000005423
S0R4342967/1 BH:changed:2	c_000000005423
S0R4342967/1 BH:changed:2	c_000000005423
S0R4343104/1 BH:changed:1	c_000000005423
S0R4343104/1 BH:changed:1	c_000000005423
S0R4364571/1 BH:changed:1	c_000000005423
S0R4364571/1 BH:changed:1	c_000000005423
S0R4399943/1 BH:changed:3	c_000000005423
S0R4399943/1 BH:changed:3	c_000000005423
S0R4403150/1 BH:changed:1	c_000000005423
S0R4403150/1 BH:changed:1	c_000000005423
S0R4409660/1 BH:changed:3	c_000000005423
S0R4418425/1 BH:changed:3	c_000000005423
S0R4418425/1 BH:changed:3	c_000000005423
S0R4427061/1 BH:changed:6	c_000000005423
S0R4427061/1 BH:changed:6	c_000000005423
S0R4456667/1 BH:changed:5	c_000000005423
S0R4456667/1 BH:changed:5	c_000000005423
S0R4458560/1 BH:changed:4	c_000000005423
S0R4458560/1 BH:changed:4	c_000000005423
S0R4457484/1 BH:failed	c_000000005423
S0R4457484/1 BH:failed	c_000000005423
S0R4477658/1 BH:changed:1	c_000000005423
S0R4477658/1 BH:changed:1	c_000000005423
S0R4479496/1 BH:changed:1	c_000000005423
S0R4479496/1 BH:changed:1	c_000000005423
S0R4495976/1 BH:changed:1	c_000000005423
S0R4495976/1 BH:changed:1	c_000000005423
S0R4499063/1 BH:changed:7	c_000000005423
S0R4499063/1 BH:changed:7	c_000000005423
S0R4509111/1 BH:changed:5	c_000000005423
S0R4509111/1 BH:changed:5	c_000000005423
S0R4529674/1 BH:changed:4	c_000000005423
S0R4529674/1 BH:changed:4	c_000000005423
S0R4522056/1 BH:changed:5	c_000000005423
S0R4522056/1 BH:changed:5	c_000000005423
S0R4529773/1 BH:changed:5	c_000000005423
S0R4529773/1 BH:changed:5	c_000000005423
S0R4523199/1 BH:changed:7	c_000000005423
S0R4523199/1 BH:changed:7	c_000000005423
S0R4540688/1 BH:changed:5	c_000000005423
S0R4540688/1 BH:changed:5	c_000000005423
S0R4530692/1 BH:changed:3	c_000000005423
S0R4541304/1 BH:changed:3	c_000000005423
S0R4541304/1 BH:changed:3	c_000000005423
S0R4538657/1 BH:ok	c_000000005423
S0R4538657/1 BH:ok	c_000000005423
S0R4553984/1 BH:changed:2	c_000000005423
S0R4553984/1 BH:changed:2	c_000000005423
S0R4556000/1 BH:changed:1	c_000000005423
S0R4556000/1 BH:changed:1	c_000000005423
S0R4553119/1 BH:changed:2	c_000000005423
S0R4553119/1 BH:changed:2	c_000000005423
S0R4571436/1 BH:changed:2	c_000000005423
S0R4571436/1 BH:changed:2	c_000000005423
S0R4584970/1 BH:changed:5	c_000000005423
S0R4584970/1 BH:changed:5	c_000000005423
S0R4611459/1 BH:changed:2	c_000000005423
S0R4611459/1 BH:changed:2	c_000000005423
S0R4608361/1 BH:changed:3	c_000000005423
S0R4608361/1 BH:changed:3	c_000000005423
S0R4615801/1 BH:changed:4	c_000000005423
S0R4615801/1 BH:changed:4	c_000000005423
S0R4614160/1 BH:changed:6	c_000000005423
S0R4614160/1 BH:changed:6	c_000000005423
S0R4624791/1 BH:changed:1	c_000000005423
S0R4624791/1 BH:changed:1	c_000000005423
S0R4638443/1 BH:changed:6	c_000000005423
S0R4638443/1 BH:changed:6	c_000000005423
S0R4645731/1 BH:changed:1	c_000000005423
S0R4645731/1 BH:changed:1	c_000000005423
S0R4652046/1 BH:changed:2	c_000000005423
S0R4652046/1 BH:changed:2	c_000000005423
S0R4655529/1 BH:changed:3	c_000000005423
S0R4655529/1 BH:changed:3	c_000000005423
S0R4658710/1 BH:changed:3	c_000000005423
S0R4658710/1 BH:changed:3	c_000000005423
S0R4645514/1 BH:changed:1	c_000000005423
S0R4645514/1 BH:changed:1	c_000000005423
S0R4661876/1 BH:changed:6	c_000000005423
S0R4661876/1 BH:changed:6	c_000000005423
S0R4685281/1 BH:changed:2	c_000000005423
S0R4686114/1 BH:changed:3	c_000000005423
S0R4686114/1 BH:changed:3	c_000000005423
S0R4693098/1 BH:changed:4	c_000000005423
S0R4693098/1 BH:changed:4	c_000000005423
S0R4698066/1 BH:changed:3	c_000000005423
S0R4698066/1 BH:changed:3	c_000000005423
S0R4702550/1 BH:changed:2	c_000000005423
S0R4702550/1 BH:changed:2	c_000000005423
S0R4709691/1 BH:changed:4	c_000000005423
S0R4709691/1 BH:changed:4	c_000000005423
S0R4726812/1 BH:changed:3	c_000000005423
S0R4726812/1 BH:changed:3	c_000000005423
S0R4744863/1 BH:changed:2	c_000000005423
S0R4746453/1 BH:changed:4	c_000000005423
S0R4746453/1 BH:changed:4	c_000000005423
S0R4750438/1 BH:ok	c_000000005423
S0R4750438/1 BH:ok	c_000000005423
S0R4749173/1 BH:changed:4	c_000000005423
S0R4749173/1 BH:changed:4	c_000000005423
S0R4769575/1 BH:changed:2	c_000000005423
S0R4769575/1 BH:changed:2	c_000000005423
S0R4775491/1 BH:changed:3	c_000000005423
S0R4775491/1 BH:changed:3	c_000000005423
S0R4777044/1 BH:changed:1	c_000000005423
S0R4777044/1 BH:changed:1	c_000000005423
S0R4792240/1 BH:changed:2	c_000000005423
S0R4792240/1 BH:changed:2	c_000000005423
S0R4807750/1 BH:changed:4	c_000000005423
S0R4807750/1 BH:changed:4	c_000000005423
S0R4808157/1 BH:changed:3	c_000000005423
S0R4808157/1 BH:changed:3	c_000000005423
S0R4829548/1 BH:changed:5	c_000000005423
S0R4829548/1 BH:changed:5	c_000000005423
S0R4824168/1 BH:changed:3	c_000000005423
S0R4824168/1 BH:changed:3	c_000000005423
S0R4834715/1 BH:changed:4	c_000000005423
S0R4834715/1 BH:changed:4	c_000000005423
S0R4870219/1 BH:changed:1	c_000000005423
S0R4870219/1 BH:changed:1	c_000000005423
S0R4860799/1 BH:changed:4	c_000000005423
S0R4860799/1 BH:changed:4	c_000000005423
S0R4859681/1 BH:changed:5	c_000000005423
S0R4859681/1 BH:changed:5	c_000000005423
S0R4875556/1 BH:changed:1	c_000000005423
S0R4875358/1 BH:changed:2	c_000000005423
S0R4875358/1 BH:changed:2	c_000000005423
S0R4886848/1 BH:changed:3	c_000000005423
S0R4886848/1 BH:changed:3	c_000000005423
S0R4880862/1 BH:changed:3	c_000000005423
S0R4880862/1 BH:changed:3	c_000000005423
S0R4895287/1 BH:changed:4	c_000000005423
S0R4895287/1 BH:changed:4	c_000000005423
S0R4888082/1 BH:changed:4	c_000000005423
S0R4888082/1 BH:changed:4	c_000000005423
S0R4900950/1 BH:changed:3	c_000000005423
S0R4900950/1 BH:changed:3	c_000000005423
S0R4912590/1 BH:changed:5	c_000000005423
S0R4912590/1 BH:changed:5	c_000000005423
S0R4927070/1 BH:changed:2	c_000000005423
S0R4927070/1 BH:changed:2	c_000000005423
S0R4945597/1 BH:changed:4	c_000000005423
S0R4945597/1 BH:changed:4	c_000000005423
S0R4955246/1 BH:changed:3	c_000000005423
S0R4955246/1 BH:changed:3	c_000000005423
S0R4956608/1 BH:changed:10	c_000000005423
S0R4956608/1 BH:changed:10	c_000000005423
S0R4964231/1 BH:changed:3	c_000000005423
S0R4964231/1 BH:changed:3	c_000000005423
S0R4967043/1 BH:changed:6	c_000000005423
S0R4967043/1 BH:changed:6	c_000000005423
S0R4978577/1 BH:changed:2	c_000000005423
S0R4978577/1 BH:changed:2	c_000000005423
S0R4973313/1 BH:changed:4	c_000000005423
S0R4973313/1 BH:changed:4	c_000000005423
S0R4992824/1 BH:changed:2	c_000000005423
S0R4992824/1 BH:changed:2	c_000000005423
S0R4985611/1 BH:changed:9	c_000000005423
S0R4985611/1 BH:changed:9	c_000000005423
S0R5004411/1 BH:changed:5	c_000000005423
S0R5004411/1 BH:changed:5	c_000000005423
S0R4994253/1 BH:changed:6	c_000000005423
S0R4994253/1 BH:changed:6	c_000000005423
S0R4998770/1 BH:changed:3	c_000000005423
S0R4998770/1 BH:changed:3	c_000000005423
S0R5032772/1 BH:changed:5	c_000000005423
S0R5032772/1 BH:changed:5	c_000000005423
S0R5031506/1 BH:changed:2	c_000000005423
S0R5037525/1 BH:changed:1	c_000000005423
S0R5037525/1 BH:changed:1	c_000000005423
S0R5047936/1 BH:changed:3	c_000000005423
S0R5047936/1 BH:changed:3	c_000000005423
S0R5041811/1 BH:changed:3	c_000000005423
S0R5047281/1 BH:changed:3	c_000000005423
S0R5047281/1 BH:changed:3	c_000000005423
S0R5049432/1 BH:changed:1	c_000000005423
S0R5049432/1 BH:changed:1	c_000000005423
S0R5055999/1 BH:changed:3	c_000000005423
S0R5055999/1 BH:changed:3	c_000000005423
S0R5056913/1 BH:changed:3	c_000000005423
S0R5056913/1 BH:changed:3	c_000000005423
S0R5062759/1 BH:changed:3	c_000000005423
S0R5062759/1 BH:changed:3	c_000000005423
S0R5064045/1 BH:changed:2	c_000000005423
S0R5064045/1 BH:changed:2	c_000000005423
S0R5081383/1 BH:changed:1	c_000000005423
S0R5081383/1 BH:changed:1	c_000000005423
S0R5089687/1 BH:changed:4	c_000000005423
S0R5089687/1 BH:changed:4	c_000000005423
S0R5087797/1 BH:changed:2	c_000000005423
S0R5087797/1 BH:changed:2	c_000000005423
S0R5084260/1 BH:changed:2	c_000000005423
S0R5084260/1 BH:changed:2	c_000000005423
S0R5094354/1 BH:changed:2	c_000000005423
S0R5094354/1 BH:changed:2	c_000000005423
S0R5088772/1 BH:changed:2	c_000000005423
S0R5088772/1 BH:changed:2	c_000000005423
S0R5090010/1 BH:changed:5	c_000000005423
S0R5090010/1 BH:changed:5	c_000000005423
S0R5106389/1 BH:changed:3	c_000000005423
S0R5106389/1 BH:changed:3	c_000000005423
S0R5106664/1 BH:changed:2	c_000000005423
S0R5106664/1 BH:changed:2	c_000000005423
S0R5107213/1 BH:changed:5	c_000000005423
S0R5107213/1 BH:changed:5	c_000000005423
S0R5105576/1 BH:changed:5	c_000000005423
S0R5105576/1 BH:changed:5	c_000000005423
S0R5107435/1 BH:changed:4	c_000000005423
S0R5107435/1 BH:changed:4	c_000000005423
S0R5106785/1 BH:changed:5	c_000000005423
S0R5131186/1 BH:changed:7	c_000000005423
S0R5131186/1 BH:changed:7	c_000000005423
S0R5133783/1 BH:changed:2	c_000000005423
S0R5133783/1 BH:changed:2	c_000000005423
S0R5139835/1 BH:changed:4	c_000000005423
S0R5139835/1 BH:changed:4	c_000000005423
S0R5141741/1 BH:changed:2	c_000000005423
S0R5141741/1 BH:changed:2	c_000000005423
S0R5151257/1 BH:changed:2	c_000000005423
S0R5183414/1 BH:changed:3	c_000000005423
S0R5183414/1 BH:changed:3	c_000000005423
S0R5185676/1 BH:changed:1	c_000000005423
S0R5185676/1 BH:changed:1	c_000000005423
S0R5191761/1 BH:changed:4	c_000000005423
S0R5191761/1 BH:changed:4	c_000000005423
S0R5191546/1 BH:changed:4	c_000000005423
S0R5191546/1 BH:changed:4	c_000000005423
S0R5208743/1 BH:changed:3	c_000000005423
S0R5208743/1 BH:changed:3	c_000000005423
S0R5210439/1 BH:changed:1	c_000000005423
S0R5210439/1 BH:changed:1	c_000000005423
S0R5217674/1 BH:changed:1	c_000000005423
S0R5217674/1 BH:changed:1	c_000000005423
S0R5207025/1 BH:changed:3	c_000000005423
S0R5207025/1 BH:changed:3	c_000000005423
S0R5230826/1 BH:changed:4	c_000000005423
S0R5230826/1 BH:changed:4	c_000000005423
S0R5245913/1 BH:changed:3	c_000000005423
S0R5245913/1 BH:changed:3	c_000000005423
S0R5255897/1 BH:changed:2	c_000000005423
S0R5255897/1 BH:changed:2	c_000000005423
S0R5256138/1 BH:changed:6	c_000000005423
S0R5256138/1 BH:changed:6	c_000000005423
S0R5262836/1 BH:changed:5	c_000000005423
S0R5262836/1 BH:changed:5	c_000000005423
S0R5268321/1 BH:changed:4	c_000000005423
S0R5268321/1 BH:changed:4	c_000000005423
S0R5272511/1 BH:changed:5	c_000000005423
S0R5272511/1 BH:changed:5	c_000000005423
S0R5267198/1 BH:changed:2	c_000000005423
S0R5267198/1 BH:changed:2	c_000000005423
S0R5277591/1 BH:changed:1	c_000000005423
S0R5277591/1 BH:changed:1	c_000000005423
S0R5288629/1 BH:ok	c_000000005423
S0R5288629/1 BH:ok	c_000000005423
S0R5288668/1 BH:changed:4	c_000000005423
S0R5288668/1 BH:changed:4	c_000000005423
S0R5288366/1 BH:changed:4	c_000000005423
S0R5288366/1 BH:changed:4	c_000000005423
S0R5306886/1 BH:changed:3	c_000000005423
S0R5306886/1 BH:changed:3	c_000000005423
S0R5320889/1 BH:changed:3	c_000000005423
S0R5320889/1 BH:changed:3	c_000000005423
S0R5315031/1 BH:changed:4	c_000000005423
S0R5315031/1 BH:changed:4	c_000000005423
S0R5323241/1 BH:changed:4	c_000000005423
S0R5323241/1 BH:changed:4	c_000000005423
S0R5339953/1 BH:changed:1	c_000000005423
S0R5339953/1 BH:changed:1	c_000000005423
S0R5322083/1 BH:changed:4	c_000000005423
S0R5322083/1 BH:changed:4	c_000000005423
S0R5357186/1 BH:changed:1	c_000000005423
S0R5357186/1 BH:changed:1	c_000000005423
S0R5340853/1 BH:changed:1	c_000000005423
S0R5340853/1 BH:changed:1	c_000000005423
S0R5356318/1 BH:changed:6	c_000000005423
S0R5356318/1 BH:changed:6	c_000000005423
S0R5350517/1 BH:changed:4	c_000000005423
S0R5350517/1 BH:changed:4	c_000000005423
S0R5375859/1 BH:changed:8	c_000000005423
S0R5374382/1 BH:changed:3	c_000000005423
S0R5374382/1 BH:changed:3	c_000000005423
S0R5379146/1 BH:changed:2	c_000000005423
S0R5379146/1 BH:changed:2	c_000000005423
S0R5407155/1 BH:changed:1	c_000000005423
S0R5407155/1 BH:changed:1	c_000000005423
S0R5405789/1 BH:changed:3	c_000000005423
S0R5405789/1 BH:changed:3	c_000000005423
S0R5417611/1 BH:changed:1	c_000000005423
S0R5424939/1 BH:changed:3	c_000000005423
S0R5424939/1 BH:changed:3	c_000000005423
S0R5421395/1 BH:changed:3	c_000000005423
S0R5421395/1 BH:changed:3	c_000000005423
S0R5423880/1 BH:changed:5	c_000000005423
S0R5423880/1 BH:changed:5	c_000000005423
S0R5423731/1 BH:changed:5	c_000000005423
S0R5423731/1 BH:changed:5	c_000000005423
S0R5449473/1 BH:changed:4	c_000000005423
S0R5449473/1 BH:changed:4	c_000000005423
S0R5458276/1 BH:changed:4	c_000000005423
S0R5458276/1 BH:changed:4	c_000000005423
S0R5461724/1 BH:changed:3	c_000000005423
S0R5461724/1 BH:changed:3	c_000000005423
S0R5458580/1 BH:changed:4	c_000000005423
S0R5458580/1 BH:changed:4	c_000000005423
S0R5477455/1 BH:changed:1	c_000000005423
S0R5477455/1 BH:changed:1	c_000000005423
S0R5477825/1 BH:changed:1	c_000000005423
S0R5477825/1 BH:changed:1	c_000000005423
S0R5480335/1 BH:changed:3	c_000000005423
S0R5480335/1 BH:changed:3	c_000000005423
S0R5479107/1 BH:changed:1	c_000000005423
S0R5479107/1 BH:changed:1	c_000000005423
S0R5490049/1 BH:changed:2	c_000000005423
S0R5490049/1 BH:changed:2	c_000000005423
S0R5489024/1 BH:changed:3	c_000000005423
S0R5489024/1 BH:changed:3	c_000000005423
S0R5473106/1 BH:changed:5	c_000000005423
S0R5473106/1 BH:changed:5	c_000000005423
S0R5506010/1 BH:changed:1	c_000000005423
S0R5506010/1 BH:changed:1	c_000000005423
S0R5510307/1 BH:ok	c_000000005423
S0R5510307/1 BH:ok	c_000000005423
S0R5516320/1 BH:changed:2	c_000000005423
S0R5516320/1 BH:changed:2	c_000000005423
S0R5491188/1 BH:changed:4	c_000000005423
S0R5491188/1 BH:changed:4	c_000000005423
S0R5511190/1 BH:changed:7	c_000000005423
S0R5511190/1 BH:changed:7	c_000000005423
S0R5519701/1 BH:changed:1	c_000000005423
S0R5519701/1 BH:changed:1	c_000000005423
S0R5533028/1 BH:changed:2	c_000000005423
S0R5533028/1 BH:changed:2	c_000000005423
S0R5546002/1 BH:changed:3	c_000000005423
S0R5546002/1 BH:changed:3	c_000000005423
S0R5553554/1 BH:changed:3	c_000000005423
S0R5553554/1 BH:changed:3	c_000000005423
S0R5546345/1 BH:changed:4	c_000000005423
S0R5546345/1 BH:changed:4	c_000000005423
S0R5549677/1 BH:changed:3	c_000000005423
S0R5549677/1 BH:changed:3	c_000000005423
S0R5564774/1 BH:changed:6	c_000000005423
S0R5564774/1 BH:changed:6	c_000000005423
S0R5592468/1 BH:changed:4	c_000000005423
S0R5592468/1 BH:changed:4	c_000000005423
S0R5598089/1 BH:changed:1	c_000000005423
S0R5598089/1 BH:changed:1	c_000000005423
S0R5598120/1 BH:changed:1	c_000000005423
S0R5598120/1 BH:changed:1	c_000000005423
S0R5602433/1 BH:changed:4	c_000000005423
S0R5611344/1 BH:changed:2	c_000000005423
S0R5611344/1 BH:changed:2	c_000000005423
S0R5587828/1 BH:changed:7	c_000000005423
S0R5587828/1 BH:changed:7	c_000000005423
S0R5623037/1 BH:changed:2	c_000000005423
S0R5623037/1 BH:changed:2	c_000000005423
S0R5606743/1 BH:changed:7	c_000000005423
S0R5636787/1 BH:changed:1	c_000000005423
S0R5636787/1 BH:changed:1	c_000000005423
S0R5649956/1 BH:changed:4	c_000000005423
S0R5649956/1 BH:changed:4	c_000000005423
S0R5650280/1 BH:changed:6	c_000000005423
S0R5650280/1 BH:changed:6	c_000000005423
S0R5660060/1 BH:changed:3	c_000000005423
S0R5660060/1 BH:changed:3	c_000000005423
S0R5671691/1 BH:changed:3	c_000000005423
S0R5671691/1 BH:changed:3	c_000000005423
S0R5708078/1 BH:changed:2	c_000000005423
S0R5708078/1 BH:changed:2	c_000000005423
S0R5699969/1 BH:changed:2	c_000000005423
S0R5699969/1 BH:changed:2	c_000000005423
S0R5712806/1 BH:changed:5	c_000000005423
S0R5712806/1 BH:changed:5	c_000000005423
S0R5721730/1 BH:changed:6	c_000000005423
S0R5740312/1 BH:changed:4	c_000000005423
S0R5740312/1 BH:changed:4	c_000000005423
S0R5725590/1 BH:changed:4	c_000000005423
S0R5725590/1 BH:changed:4	c_000000005423
S0R5743997/1 BH:changed:4	c_000000005423
S0R5743997/1 BH:changed:4	c_000000005423
S0R5757580/1 BH:changed:4	c_000000005423
S0R5757580/1 BH:changed:4	c_000000005423
S0R5763898/1 BH:changed:6	c_000000005423
S0R5763898/1 BH:changed:6	c_000000005423
S0R5789738/1 BH:changed:1	c_000000005423
S0R5789738/1 BH:changed:1	c_000000005423
S0R5805525/1 BH:changed:2	c_000000005423
S0R5805525/1 BH:changed:2	c_000000005423
S0R5818253/1 BH:changed:4	c_000000005423
S0R5818253/1 BH:changed:4	c_000000005423
S0R5816820/1 BH:changed:3	c_000000005423
S0R5816820/1 BH:changed:3	c_000000005423
S0R5819727/1 BH:ok	c_000000005423
S0R5819727/1 BH:ok	c_000000005423
S0R5822513/1 BH:changed:4	c_000000005423
S0R5822513/1 BH:changed:4	c_000000005423
S0R5822629/1 BH:changed:5	c_000000005423
S0R5822629/1 BH:changed:5	c_000000005423
S0R5833717/1 BH:changed:6	c_000000005423
S0R5833717/1 BH:changed:6	c_000000005423
S0R5841383/1 BH:changed:4	c_000000005423
S0R5860123/1 BH:changed:5	c_000000005423
S0R5860123/1 BH:changed:5	c_000000005423
S0R5853323/1 BH:changed:3	c_000000005423
S0R5853323/1 BH:changed:3	c_000000005423
S0R5857663/1 BH:changed:3	c_000000005423
S0R5857663/1 BH:changed:3	c_000000005423
S0R5861770/1 BH:changed:5	c_000000005423
S0R5861770/1 BH:changed:5	c_000000005423
S0R5869825/1 BH:changed:2	c_000000005423
S0R5869825/1 BH:changed:2	c_000000005423
S0R5864502/1 BH:changed:3	c_000000005423
S0R5864502/1 BH:changed:3	c_000000005423
S0R5871740/1 BH:changed:5	c_000000005423
S0R5871740/1 BH:changed:5	c_000000005423
S0R5879270/1 BH:changed:2	c_000000005423
S0R5879270/1 BH:changed:2	c_000000005423
S0R5880978/1 BH:changed:3	c_000000005423
S0R5880978/1 BH:changed:3	c_000000005423
S0R5905240/1 BH:changed:2	c_000000005423
S0R5905240/1 BH:changed:2	c_000000005423
S0R5920954/1 BH:changed:5	c_000000005423
S0R5920954/1 BH:changed:5	c_000000005423
S0R5934117/1 BH:changed:4	c_000000005423
S0R5934117/1 BH:changed:4	c_000000005423
S0R5935247/1 BH:changed:4	c_000000005423
S0R5935247/1 BH:changed:4	c_000000005423
S0R5954438/1 BH:changed:5	c_000000005423
S0R5954438/1 BH:changed:5	c_000000005423
S0R5963195/1 BH:changed:2	c_000000005423
S0R5963195/1 BH:changed:2	c_000000005423
S0R5959142/1 BH:changed:3	c_000000005423
S0R5959142/1 BH:changed:3	c_000000005423
S0R5975091/1 BH:changed:4	c_000000005423
S0R5975091/1 BH:changed:4	c_000000005423
S0R5971861/1 BH:changed:3	c_000000005423
S0R5971861/1 BH:changed:3	c_000000005423
S0R5976925/1 BH:changed:6	c_000000005423
S0R5976925/1 BH:changed:6	c_000000005423
S0R5984513/1 BH:changed:3	c_000000005423
S0R5984513/1 BH:changed:3	c_000000005423
S0R5986485/1 BH:changed:2	c_000000005423
S0R5986485/1 BH:changed:2	c_000000005423
S0R5994346/1 BH:changed:1	c_000000005423
S0R5994499/1 BH:failed	c_000000005423
S0R5994499/1 BH:failed	c_000000005423
S0R5993945/1 BH:changed:5	c_000000005423
S0R5993945/1 BH:changed:5	c_000000005423
S0R6004685/1 BH:changed:3	c_000000005423
S0R6004685/1 BH:changed:3	c_000000005423
S0R5994991/1 BH:changed:3	c_000000005423
S0R5994991/1 BH:changed:3	c_000000005423
S0R5998457/1 BH:changed:5	c_000000005423
S0R5998457/1 BH:changed:5	c_000000005423
S0R6007616/1 BH:changed:3	c_000000005423
S0R6007616/1 BH:changed:3	c_000000005423
S0R6009494/1 BH:changed:2	c_000000005423
S0R6009494/1 BH:changed:2	c_000000005423
S0R6021926/1 BH:changed:5	c_000000005423
S0R6021926/1 BH:changed:5	c_000000005423
S0R6023152/1 BH:changed:3	c_000000005423
S0R6023152/1 BH:changed:3	c_000000005423
S0R6016842/1 BH:changed:3	c_000000005423
S0R6016842/1 BH:changed:3	c_000000005423
S0R6026942/1 BH:changed:1	c_000000005423
S0R6026942/1 BH:changed:1	c_000000005423
S0R6032029/1 BH:changed:3	c_000000005423
S0R6042894/1 BH:changed:4	c_000000005423
S0R6042894/1 BH:changed:4	c_000000005423
S0R6046369/1 BH:changed:3	c_000000005423
S0R6046369/1 BH:changed:3	c_000000005423
S0R6068690/1 BH:changed:5	c_000000005423
S0R6068690/1 BH:changed:5	c_000000005423
S0R6070173/1 BH:changed:7	c_000000005423
S0R6070173/1 BH:changed:7	c_000000005423
S0R6074346/1 BH:changed:2	c_000000005423
S0R6074346/1 BH:changed:2	c_000000005423
S0R6082832/1 BH:changed:3	c_000000005423
S0R6082832/1 BH:changed:3	c_000000005423
S0R6084579/1 BH:changed:6	c_000000005423
S0R6084579/1 BH:changed:6	c_000000005423
S0R6083915/1 BH:changed:3	c_000000005423
S0R6083915/1 BH:changed:3	c_000000005423
S0R6096290/1 BH:changed:3	c_000000005423
S0R6096290/1 BH:changed:3	c_000000005423
S0R6103727/1 BH:changed:2	c_000000005423
S0R6103727/1 BH:changed:2	c_000000005423
S0R6102383/1 BH:changed:5	c_000000005423
S0R6102383/1 BH:changed:5	c_000000005423
S0R6102427/1 BH:changed:1	c_000000005423
S0R6102427/1 BH:changed:1	c_000000005423
S0R6110346/1 BH:changed:5	c_000000005423
S0R6110346/1 BH:changed:5	c_000000005423
S0R6108953/1 BH:changed:6	c_000000005423
S0R6108953/1 BH:changed:6	c_000000005423
S0R6113970/1 BH:changed:2	c_000000005423
S0R6113970/1 BH:changed:2	c_000000005423
S0R6112759/1 BH:changed:3	c_000000005423
S0R6112759/1 BH:changed:3	c_000000005423
S0R6118857/1 BH:changed:4	c_000000005423
S0R6118857/1 BH:changed:4	c_000000005423
S0R6122434/1 BH:changed:5	c_000000005423
S0R6122434/1 BH:changed:5	c_000000005423
S0R6141675/1 BH:changed:4	c_000000005423
S0R6141675/1 BH:changed:4	c_000000005423
S0R6137960/1 BH:changed:3	c_000000005423
S0R6137960/1 BH:changed:3	c_000000005423
S0R6152723/1 BH:changed:1	c_000000005423
S0R6152723/1 BH:changed:1	c_000000005423
S0R6159090/1 BH:changed:8	c_000000005423
S0R6159090/1 BH:changed:8	c_000000005423
S0R6158021/1 BH:changed:3	c_000000005423
S0R6158021/1 BH:changed:3	c_000000005423
S0R6179415/1 BH:changed:2	c_000000005423
S0R6178750/1 BH:changed:4	c_000000005423
S0R6178750/1 BH:changed:4	c_000000005423
S0R6184668/1 BH:failed	c_000000005423
S0R6184668/1 BH:failed	c_000000005423
S0R6200122/1 BH:ok	c_000000005423
S0R6209130/1 BH:changed:2	c_000000005423
S0R6209130/1 BH:changed:2	c_000000005423
S0R6211601/1 BH:changed:4	c_000000005423
S0R6211601/1 BH:changed:4	c_000000005423
S0R6228377/1 BH:changed:1	c_000000005423
S0R6228377/1 BH:changed:1	c_000000005423
S0R6226581/1 BH:changed:5	c_000000005423
S0R6226581/1 BH:changed:5	c_000000005423
S0R6223286/1 BH:changed:4	c_000000005423
S0R6223286/1 BH:changed:4	c_000000005423
S0R6225168/1 BH:changed:3	c_000000005423
S0R6225168/1 BH:changed:3	c_000000005423
S0R6242331/1 BH:changed:5	c_000000005423
S0R6242331/1 BH:changed:5	c_000000005423
S0R6242390/1 BH:changed:3	c_000000005423
S0R6242390/1 BH:changed:3	c_000000005423
S0R6247988/1 BH:changed:3	c_000000005423
S0R6247988/1 BH:changed:3	c_000000005423
S0R6240227/1 BH:changed:3	c_000000005423
S0R6240227/1 BH:changed:3	c_000000005423
S0R6246328/1 BH:changed:5	c_000000005423
S0R6246328/1 BH:changed:5	c_000000005423
S0R6258867/1 BH:changed:5	c_000000005423
S0R6258867/1 BH:changed:5	c_000000005423
S0R6259776/1 BH:changed:5	c_000000005423
S0R6259776/1 BH:changed:5	c_000000005423
S0R6250163/1 BH:changed:3	c_000000005423
S0R6250163/1 BH:changed:3	c_000000005423
S0R6258616/1 BH:changed:2	c_000000005423
S0R6258616/1 BH:changed:2	c_000000005423
S0R6282442/1 BH:changed:4	c_000000005423
S0R6282442/1 BH:changed:4	c_000000005423
S0R6312136/1 BH:changed:2	c_000000005423
S0R6312136/1 BH:changed:2	c_000000005423
S0R6326498/1 BH:changed:3	c_000000005423
S0R6326498/1 BH:changed:3	c_000000005423
S0R6319190/1 BH:changed:9	c_000000005423
S0R6319190/1 BH:changed:9	c_000000005423
S0R6332624/1 BH:failed	c_000000005423
S0R6332624/1 BH:failed	c_000000005423
S0R6321942/1 BH:ok	c_000000005423
S0R6321942/1 BH:ok	c_000000005423
S0R6327808/1 BH:changed:3	c_000000005423
S0R6327808/1 BH:changed:3	c_000000005423
S0R6346001/1 BH:changed:2	c_000000005423
S0R6346001/1 BH:changed:2	c_000000005423
S0R6348855/1 BH:changed:1	c_000000005423
S0R6348855/1 BH:changed:1	c_000000005423
S0R6387771/1 BH:changed:3	c_000000005423
S0R6387771/1 BH:changed:3	c_000000005423
S0R6388207/1 BH:changed:2	c_000000005423
S0R6388207/1 BH:changed:2	c_000000005423
S0R6394452/1 BH:changed:4	c_000000005423
S0R6394452/1 BH:changed:4	c_000000005423
S0R6405385/1 BH:changed:1	c_000000005423
S0R6405385/1 BH:changed:1	c_000000005423
S0R6437358/1 BH:changed:4	c_000000005423
S0R6437358/1 BH:changed:4	c_000000005423
S0R6444662/1 BH:changed:2	c_000000005423
S0R6444662/1 BH:changed:2	c_000000005423
S0R6441863/1 BH:changed:4	c_000000005423
S0R6441863/1 BH:changed:4	c_000000005423
S0R6460483/1 BH:changed:1	c_000000005423
S0R6460483/1 BH:changed:1	c_000000005423
S0R6454586/1 BH:changed:1	c_000000005423
S0R6454586/1 BH:changed:1	c_000000005423
S0R6465878/1 BH:failed	c_000000005423
S0R6465878/1 BH:failed	c_000000005423
S0R6483850/1 BH:changed:9	c_000000005423
S0R6483850/1 BH:changed:9	c_000000005423
S0R6490514/1 BH:changed:3	c_000000005423
S0R6499101/1 BH:changed:8	c_000000005423
S0R6499101/1 BH:changed:8	c_000000005423
S0R6492577/1 BH:changed:4	c_000000005423
S0R6492577/1 BH:changed:4	c_000000005423
S0R6500702/1 BH:changed:8	c_000000005423
S0R6500702/1 BH:changed:8	c_000000005423
S0R6493602/1 BH:changed:1	c_000000005423
S0R6493602/1 BH:changed:1	c_000000005423
S0R6493608/1 BH:changed:1	c_000000005423
S0R6493608/1 BH:changed:1	c_000000005423
S0R6499415/1 BH:changed:4	c_000000005423
S0R6499415/1 BH:changed:4	c_000000005423
S0R6504495/1 BH:changed:1	c_000000005423
S0R6504495/1 BH:changed:1	c_000000005423
S0R6515898/1 BH:changed:7	c_000000005423
S0R6515898/1 BH:changed:7	c_000000005423
S0R6511320/1 BH:changed:7	c_000000005423
S0R6511320/1 BH:changed:7	c_000000005423
S0R6526228/1 BH:ok	c_000000005423
S0R6526228/1 BH:ok	c_000000005423
S0R6518233/1 BH:changed:4	c_000000005423
S0R6518233/1 BH:changed:4	c_000000005423
S0R6528850/1 BH:changed:4	c_000000005423
S0R6528850/1 BH:changed:4	c_000000005423
S0R6529526/1 BH:changed:3	c_000000005423
S0R6529526/1 BH:changed:3	c_000000005423
S0R6543434/1 BH:changed:3	c_000000005423
S0R6543434/1 BH:changed:3	c_000000005423
S0R6550965/1 BH:changed:6	c_000000005423
S0R6550965/1 BH:changed:6	c_000000005423
S0R6557301/1 BH:changed:2	c_000000005423
S0R6557301/1 BH:changed:2	c_000000005423
S0R6554042/1 BH:changed:3	c_000000005423
S0R6554042/1 BH:changed:3	c_000000005423
S0R6556870/1 BH:changed:2	c_000000005423
S0R6556870/1 BH:changed:2	c_000000005423
S0R6567346/1 BH:changed:1	c_000000005423
S0R6567346/1 BH:changed:1	c_000000005423
S0R6565645/1 BH:changed:2	c_000000005423
S0R6565645/1 BH:changed:2	c_000000005423
S0R6585769/1 BH:changed:1	c_000000005423
S0R6585769/1 BH:changed:1	c_000000005423
S0R6615735/1 BH:changed:2	c_000000005423
S0R6615735/1 BH:changed:2	c_000000005423
S0R6603333/1 BH:changed:3	c_000000005423
S0R6603333/1 BH:changed:3	c_000000005423
S0R6619638/1 BH:changed:1	c_000000005423
S0R6620887/1 BH:failed	c_000000005423
S0R6620887/1 BH:failed	c_000000005423
S0R6637844/1 BH:changed:2	c_000000005423
S0R6637844/1 BH:changed:2	c_000000005423
S0R6637030/1 BH:changed:4	c_000000005423
S0R6637030/1 BH:changed:4	c_000000005423
S0R6617944/1 BH:changed:7	c_000000005423
S0R6617944/1 BH:changed:7	c_000000005423
S0R6648695/1 BH:changed:2	c_000000005423
S0R6648695/1 BH:changed:2	c_000000005423
S0R6642113/1 BH:changed:2	c_000000005423
S0R6642113/1 BH:changed:2	c_000000005423
S0R6647821/1 BH:changed:5	c_000000005423
S0R6647821/1 BH:changed:5	c_000000005423
S0R6649570/1 BH:changed:5	c_000000005423
S0R6649570/1 BH:changed:5	c_000000005423
S0R6644654/1 BH:changed:2	c_000000005423
S0R6644654/1 BH:changed:2	c_000000005423
S0R6653231/1 BH:changed:5	c_000000005423
S0R6653231/1 BH:changed:5	c_000000005423
S0R6655021/1 BH:changed:2	c_000000005423
S0R6655021/1 BH:changed:2	c_000000005423
S0R6661089/1 BH:changed:4	c_000000005423
S0R6661089/1 BH:changed:4	c_000000005423
S0R6670107/1 BH:changed:3	c_000000005423
S0R6670107/1 BH:changed:3	c_000000005423
S0R6670955/1 BH:changed:1	c_000000005423
S0R6670955/1 BH:changed:1	c_000000005423
S0R6686812/1 BH:ok	c_000000005423
S0R6686812/1 BH:ok	c_000000005423
S0R6693057/1 BH:changed:3	c_000000005423
S0R6693057/1 BH:changed:3	c_000000005423
S0R6709983/1 BH:changed:4	c_000000005423
S0R6709983/1 BH:changed:4	c_000000005423
S0R6713804/1 BH:changed:2	c_000000005423
S0R6713804/1 BH:changed:2	c_000000005423
S0R6684557/1 BH:changed:5	c_000000005423
S0R6684557/1 BH:changed:5	c_000000005423
S0R6738809/1 BH:changed:3	c_000000005423
S0R6738809/1 BH:changed:3	c_000000005423
S0R6724198/1 BH:changed:3	c_000000005423
S0R6724198/1 BH:changed:3	c_000000005423
S0R6740676/1 BH:changed:1	c_000000005423
S0R6746756/1 BH:changed:6	c_000000005423
S0R6746756/1 BH:changed:6	c_000000005423
S0R6743235/1 BH:changed:1	c_000000005423
S0R6743235/1 BH:changed:1	c_000000005423
S0R6749911/1 BH:changed:4	c_000000005423
S0R6749911/1 BH:changed:4	c_000000005423
S0R6750772/1 BH:changed:4	c_000000005423
S0R6750772/1 BH:changed:4	c_000000005423
S0R6749583/1 BH:changed:4	c_000000005423
S0R6749583/1 BH:changed:4	c_000000005423
S0R6763784/1 BH:changed:2	c_000000005423
S0R6763784/1 BH:changed:2	c_000000005423
S0R6751228/1 BH:changed:3	c_000000005423
S0R6751228/1 BH:changed:3	c_000000005423
S0R6793051/1 BH:changed:4	c_000000005423
S0R6793051/1 BH:changed:4	c_000000005423
S0R6802673/1 BH:changed:5	c_000000005423
S0R6802673/1 BH:changed:5	c_000000005423
S0R6814114/1 BH:changed:2	c_000000005423
S0R6814114/1 BH:changed:2	c_000000005423
S0R6803876/1 BH:changed:3	c_000000005423
S0R6803876/1 BH:changed:3	c_000000005423
S0R6826546/1 BH:failed	c_000000005423
S0R6826546/1 BH:failed	c_000000005423
S0R6827359/1 BH:changed:1	c_000000005423
S0R6827359/1 BH:changed:1	c_000000005423
S0R6841936/1 BH:changed:1	c_000000005423
S0R6841936/1 BH:changed:1	c_000000005423
S0R6857672/1 BH:changed:3	c_000000005423
S0R6857672/1 BH:changed:3	c_000000005423
S0R6857368/1 BH:changed:3	c_000000005423
S0R6857368/1 BH:changed:3	c_000000005423
S0R6889342/1 BH:changed:2	c_000000005423
S0R6889342/1 BH:changed:2	c_000000005423
S0R6892850/1 BH:changed:3	c_000000005423
S0R6892850/1 BH:changed:3	c_000000005423
S0R6897100/1 BH:changed:3	c_000000005423
S0R6897100/1 BH:changed:3	c_000000005423
S0R6897917/1 BH:changed:6	c_000000005423
S0R6897917/1 BH:changed:6	c_000000005423
S0R6914610/1 BH:changed:6	c_000000005423
S0R6914610/1 BH:changed:6	c_000000005423
S0R6917366/1 BH:changed:1	c_000000005423
S0R6917366/1 BH:changed:1	c_000000005423
S0R6912746/1 BH:changed:3	c_000000005423
S0R6912746/1 BH:changed:3	c_000000005423
S0R6926171/1 BH:changed:3	c_000000005423
S0R6926171/1 BH:changed:3	c_000000005423
S0R6941829/1 BH:changed:4	c_000000005423
S0R6941829/1 BH:changed:4	c_000000005423
S0R6936562/1 BH:changed:5	c_000000005423
S0R6936562/1 BH:changed:5	c_000000005423
S0R6961179/1 BH:changed:4	c_000000005423
S0R6961179/1 BH:changed:4	c_000000005423
S0R6956365/1 BH:changed:3	c_000000005423
S0R6956365/1 BH:changed:3	c_000000005423
S0R6951366/1 BH:changed:3	c_000000005423
S0R6951366/1 BH:changed:3	c_000000005423
S0R6995390/1 BH:changed:4	c_000000005423
S0R6995390/1 BH:changed:4	c_000000005423
S0R6981164/1 BH:ok	c_000000005423
S0R6981164/1 BH:ok	c_000000005423
S0R6995621/1 BH:changed:2	c_000000005423
S0R6995621/1 BH:changed:2	c_000000005423
S0R7012077/1 BH:changed:6	c_000000005423
S0R7012077/1 BH:changed:6	c_000000005423
S0R7023529/1 BH:ok	c_000000005423
S0R7023529/1 BH:ok	c_000000005423
S0R7044058/1 BH:changed:4	c_000000005423
S0R7044058/1 BH:changed:4	c_000000005423
S0R7051051/1 BH:changed:6	c_000000005423
S0R7051051/1 BH:changed:6	c_000000005423
S0R7053129/1 BH:changed:4	c_000000005423
S0R7053129/1 BH:changed:4	c_000000005423
S0R7068509/1 BH:changed:7	c_000000005423
S0R7068509/1 BH:changed:7	c_000000005423
S0R7068216/1 BH:changed:5	c_000000005423
S0R7081811/1 BH:ok	c_000000005423
S0R7081811/1 BH:ok	c_000000005423
S0R7080210/1 BH:changed:1	c_000000005423
S0R7078198/1 BH:changed:9	c_000000005423
S0R7078198/1 BH:changed:9	c_000000005423
S0R7082741/1 BH:changed:3	c_000000005423
S0R7082741/1 BH:changed:3	c_000000005423
S0R7091403/1 BH:changed:1	c_000000005423
S0R7091403/1 BH:changed:1	c_000000005423
S0R7100064/1 BH:changed:5	c_000000005423
S0R7100064/1 BH:changed:5	c_000000005423
S0R7102933/1 BH:changed:2	c_000000005423
S0R7102933/1 BH:changed:2	c_000000005423
S0R7123284/1 BH:changed:2	c_000000005423
S0R7123284/1 BH:changed:2	c_000000005423
S0R7125356/1 BH:changed:1	c_000000005423
S0R7125356/1 BH:changed:1	c_000000005423
S0R7139310/1 BH:changed:5	c_000000005423
S0R7139310/1 BH:changed:5	c_000000005423
S0R7137846/1 BH:changed:4	c_000000005423
S0R7137846/1 BH:changed:4	c_000000005423
S0R7142210/1 BH:changed:5	c_000000005423
S0R7142210/1 BH:changed:5	c_000000005423
S0R7152237/1 BH:changed:2	c_000000005423
S0R7152237/1 BH:changed:2	c_000000005423
S0R7144429/1 BH:changed:5	c_000000005423
S0R7144429/1 BH:changed:5	c_000000005423
S0R7161020/1 BH:changed:5	c_000000005423
S0R7161020/1 BH:changed:5	c_000000005423
S0R7172514/1 BH:changed:4	c_000000005423
S0R7172514/1 BH:changed:4	c_000000005423
S0R7164800/1 BH:ok	c_000000005423
S0R7164800/1 BH:ok	c_000000005423
S0R7168173/1 BH:changed:1	c_000000005423
S0R7168173/1 BH:changed:1	c_000000005423
S0R7191444/1 BH:changed:7	c_000000005423
S0R7191444/1 BH:changed:7	c_000000005423
S0R7194567/1 BH:changed:3	c_000000005423
S0R7194567/1 BH:changed:3	c_000000005423
S0R7194615/1 BH:changed:3	c_000000005423
S0R7194615/1 BH:changed:3	c_000000005423
S0R7186177/1 BH:changed:5	c_000000005423
S0R7186177/1 BH:changed:5	c_000000005423
S0R7186317/1 BH:changed:1	c_000000005423
S0R7186317/1 BH:changed:1	c_000000005423
S0R7213383/1 BH:changed:5	c_000000005423
S0R7216511/1 BH:changed:2	c_000000005423
S0R7216511/1 BH:changed:2	c_000000005423
S0R7232206/1 BH:changed:6	c_000000005423
S0R7232206/1 BH:changed:6	c_000000005423
S0R7230041/1 BH:failed	c_000000005423
S0R7230041/1 BH:failed	c_000000005423
S0R7245322/1 BH:changed:4	c_000000005423
S0R7245322/1 BH:changed:4	c_000000005423
S0R7263556/1 BH:changed:3	c_000000005423
S0R7263556/1 BH:changed:3	c_000000005423
S0R7257310/1 BH:changed:3	c_000000005423
S0R7257310/1 BH:changed:3	c_000000005423
S0R7269515/1 BH:changed:5	c_000000005423
S0R7269515/1 BH:changed:5	c_000000005423
S0R7276917/1 BH:changed:4	c_000000005423
S0R7276917/1 BH:changed:4	c_000000005423
S0R7277232/1 BH:changed:5	c_000000005423
S0R7277232/1 BH:changed:5	c_000000005423
S0R7275480/1 BH:changed:2	c_000000005423
S0R7275480/1 BH:changed:2	c_000000005423
S0R7276513/1 BH:changed:5	c_000000005423
S0R7276513/1 BH:changed:5	c_000000005423
S0R7282387/1 BH:changed:10	c_000000005423
S0R7282387/1 BH:changed:10	c_000000005423
S0R7287090/1 BH:changed:4	c_000000005423
S0R7287090/1 BH:changed:4	c_000000005423
S0R7288654/1 BH:changed:5	c_000000005423
S0R7288654/1 BH:changed:5	c_000000005423
S0R7310620/1 BH:changed:4	c_000000005423
S0R7310620/1 BH:changed:4	c_000000005423
S0R7316294/1 BH:changed:4	c_000000005423
S0R7316294/1 BH:changed:4	c_000000005423
S0R7319082/1 BH:changed:3	c_000000005423
S0R7319082/1 BH:changed:3	c_000000005423
S0R7314829/1 BH:changed:3	c_000000005423
S0R7314829/1 BH:changed:3	c_000000005423
S0R7333298/1 BH:changed:4	c_000000005423
S0R7333298/1 BH:changed:4	c_000000005423
S0R7321904/1 BH:ok	c_000000005423
S0R7321904/1 BH:ok	c_000000005423
S0R7333357/1 BH:changed:5	c_000000005423
S0R7333357/1 BH:changed:5	c_000000005423
S0R7359757/1 BH:changed:2	c_000000005423
S0R7359757/1 BH:changed:2	c_000000005423
S0R7376272/1 BH:changed:4	c_000000005423
S0R7376272/1 BH:changed:4	c_000000005423
S0R7371530/1 BH:changed:5	c_000000005423
S0R7371530/1 BH:changed:5	c_000000005423
S0R7371025/1 BH:ok	c_000000005423
S0R7371025/1 BH:ok	c_000000005423
S0R7395476/1 BH:changed:4	c_000000005423
S0R7395476/1 BH:changed:4	c_000000005423
S0R7400006/1 BH:changed:5	c_000000005423
S0R7400006/1 BH:changed:5	c_000000005423
S0R7422875/1 BH:changed:4	c_000000005423
S0R7422875/1 BH:changed:4	c_000000005423
S0R7435510/1 BH:changed:1	c_000000005423
S0R7435510/1 BH:changed:1	c_000000005423
S0R7434437/1 BH:changed:5	c_000000005423
S0R7434437/1 BH:changed:5	c_000000005423
S0R7429919/1 BH:changed:1	c_000000005423
S0R7429919/1 BH:changed:1	c_000000005423
S0R7420399/1 BH:changed:2	c_000000005423
S0R7420399/1 BH:changed:2	c_000000005423
S0R7443183/1 BH:changed:4	c_000000005423
S0R7443183/1 BH:changed:4	c_000000005423
S0R7463107/1 BH:changed:6	c_000000005423
S0R7463107/1 BH:changed:6	c_000000005423
S0R7478768/1 BH:changed:2	c_000000005423
S0R7478768/1 BH:changed:2	c_000000005423
S0R7486084/1 BH:changed:5	c_000000005423
S0R7486084/1 BH:changed:5	c_000000005423
S0R7490368/1 BH:changed:7	c_000000005423
S0R7490368/1 BH:changed:7	c_000000005423
S0R7509212/1 BH:changed:2	c_000000005423
S0R7509212/1 BH:changed:2	c_000000005423
S0R7518876/1 BH:changed:5	c_000000005423
S0R7518876/1 BH:changed:5	c_000000005423
S0R7523561/1 BH:changed:1	c_000000005423
S0R7540073/1 BH:changed:5	c_000000005423
S0R7540073/1 BH:changed:5	c_000000005423
S0R7543535/1 BH:changed:5	c_000000005423
S0R7543535/1 BH:changed:5	c_000000005423
S0R7543670/1 BH:changed:4	c_000000005423
S0R7543670/1 BH:changed:4	c_000000005423
S0R7547274/1 BH:changed:5	c_000000005423
S0R7556347/1 BH:changed:6	c_000000005423
S0R7556347/1 BH:changed:6	c_000000005423
S0R7550235/1 BH:changed:4	c_000000005423
S0R7550235/1 BH:changed:4	c_000000005423
S0R7567797/1 BH:changed:5	c_000000005423
S0R7567797/1 BH:changed:5	c_000000005423
S0R7577849/1 BH:changed:2	c_000000005423
S0R7577849/1 BH:changed:2	c_000000005423
S0R7591797/1 BH:changed:3	c_000000005423
S0R7591797/1 BH:changed:3	c_000000005423
S0R7583511/1 BH:changed:7	c_000000005423
S0R7583511/1 BH:changed:7	c_000000005423
S0R7603773/1 BH:changed:3	c_000000005423
S0R7603773/1 BH:changed:3	c_000000005423
S0R7629793/1 BH:changed:5	c_000000005423
S0R7629793/1 BH:changed:5	c_000000005423
S0R7644847/1 BH:changed:1	c_000000005423
S0R7644847/1 BH:changed:1	c_000000005423
S0R7652619/1 BH:changed:2	c_000000005423
S0R7652619/1 BH:changed:2	c_000000005423
S0R7665924/1 BH:changed:4	c_000000005423
S0R7665924/1 BH:changed:4	c_000000005423
S0R7656023/1 BH:changed:1	c_000000005423
S0R7656023/1 BH:changed:1	c_000000005423
S0R7677140/1 BH:changed:1	c_000000005423
S0R7677140/1 BH:changed:1	c_000000005423
S0R7681436/1 BH:changed:6	c_000000005423
S0R7681436/1 BH:changed:6	c_000000005423
S0R7681334/1 BH:changed:2	c_000000005423
S0R7681334/1 BH:changed:2	c_000000005423
S0R7689086/1 BH:changed:1	c_000000005423
S0R7686074/1 BH:changed:4	c_000000005423
S0R7686074/1 BH:changed:4	c_000000005423
S0R7690110/1 BH:changed:3	c_000000005423
S0R7690110/1 BH:changed:3	c_000000005423
S0R7692892/1 BH:changed:11	c_000000005423
S0R7692892/1 BH:changed:11	c_000000005423
S0R7724817/1 BH:changed:2	c_000000005423
S0R7724817/1 BH:changed:2	c_000000005423
S0R7727929/1 BH:ok	c_000000005423
S0R7727929/1 BH:ok	c_000000005423
S0R7728845/1 BH:changed:6	c_000000005423
S0R7728845/1 BH:changed:6	c_000000005423
S0R7747249/1 BH:changed:2	c_000000005423
S0R7747249/1 BH:changed:2	c_000000005423
S0R7747255/1 BH:changed:5	c_000000005423
S0R7747255/1 BH:changed:5	c_000000005423
S0R7744160/1 BH:changed:3	c_000000005423
S0R7744160/1 BH:changed:3	c_000000005423
S0R7753984/1 BH:changed:6	c_000000005423
S0R7753984/1 BH:changed:6	c_000000005423
S0R7753145/1 BH:changed:2	c_000000005423
S0R7753145/1 BH:changed:2	c_000000005423
S0R7753864/1 BH:changed:2	c_000000005423
S0R7753864/1 BH:changed:2	c_000000005423
S0R7722925/1 BH:changed:7	c_000000005423
S0R7722925/1 BH:changed:7	c_000000005423
S0R7745788/1 BH:changed:3	c_000000005423
S0R7745793/1 BH:changed:4	c_000000005423
S0R7745793/1 BH:changed:4	c_000000005423
S0R7764170/1 BH:changed:6	c_000000005423
S0R7764170/1 BH:changed:6	c_000000005423
S0R7761790/1 BH:changed:3	c_000000005423
S0R7761790/1 BH:changed:3	c_000000005423
S0R7785437/1 BH:changed:2	c_000000005423
S0R7785437/1 BH:changed:2	c_000000005423
S0R7791964/1 BH:changed:2	c_000000005423
S0R7791964/1 BH:changed:2	c_000000005423
S0R7793758/1 BH:changed:3	c_000000005423
S0R7793758/1 BH:changed:3	c_000000005423
S0R7803570/1 BH:changed:7	c_000000005423
S0R7794556/1 BH:changed:6	c_000000005423
S0R7794556/1 BH:changed:6	c_000000005423
S0R7814095/1 BH:changed:1	c_000000005423
S0R7810004/1 BH:changed:2	c_000000005423
S0R7810004/1 BH:changed:2	c_000000005423
S0R7820673/1 BH:changed:3	c_000000005423
S0R7820673/1 BH:changed:3	c_000000005423
S0R7832958/1 BH:changed:3	c_000000005423
S0R7832958/1 BH:changed:3	c_000000005423
S0R7829494/1 BH:changed:2	c_000000005423
S0R7828728/1 BH:changed:4	c_000000005423
S0R7828728/1 BH:changed:4	c_000000005423
S0R7858146/1 BH:changed:2	c_000000005423
S0R7858146/1 BH:changed:2	c_000000005423
S0R7861973/1 BH:changed:3	c_000000005423
S0R7861973/1 BH:changed:3	c_000000005423
S0R7859399/1 BH:changed:3	c_000000005423
S0R7859399/1 BH:changed:3	c_000000005423
S0R7904428/1 BH:ok	c_000000005423
S0R7904428/1 BH:ok	c_000000005423
S0R7924860/1 BH:changed:4	c_000000005423
S0R7924860/1 BH:changed:4	c_000000005423
S0R7944158/1 BH:changed:3	c_000000005423
S0R7944158/1 BH:changed:3	c_000000005423
S0R7934339/1 BH:changed:3	c_000000005423
S0R7934339/1 BH:changed:3	c_000000005423
S0R7951144/1 BH:changed:1	c_000000005423
S0R7951770/1 BH:changed:6	c_000000005423
S0R7951770/1 BH:changed:6	c_000000005423
S0R7954878/1 BH:changed:2	c_000000005423
S0R7954878/1 BH:changed:2	c_000000005423
S0R7960033/1 BH:changed:1	c_000000005423
S0R7960033/1 BH:changed:1	c_000000005423
S0R7972593/1 BH:changed:4	c_000000005423
S0R7972593/1 BH:changed:4	c_000000005423
S0R7971883/1 BH:changed:5	c_000000005423
S0R7971883/1 BH:changed:5	c_000000005423
S0R7963812/1 BH:changed:1	c_000000005423
S0R7963812/1 BH:changed:1	c_000000005423
S0R7976226/1 BH:changed:2	c_000000005423
S0R7976226/1 BH:changed:2	c_000000005423
S0R7982666/1 BH:changed:4	c_000000005423
S0R7982666/1 BH:changed:4	c_000000005423
S0R7994431/1 BH:changed:3	c_000000005423
S0R7994431/1 BH:changed:3	c_000000005423
S0R7999355/1 BH:changed:3	c_000000005423
S0R7999355/1 BH:changed:3	c_000000005423
S0R7994105/1 BH:failed	c_000000005423
S0R7994105/1 BH:failed	c_000000005423
S0R7991624/1 BH:changed:7	c_000000005423
S0R7991624/1 BH:changed:7	c_000000005423
S0R8011867/1 BH:changed:5	c_000000005423
S0R8011867/1 BH:changed:5	c_000000005423
S0R8008832/1 BH:changed:3	c_000000005423
S0R8008832/1 BH:changed:3	c_000000005423
S0R8010379/1 BH:changed:2	c_000000005423
S0R8010379/1 BH:changed:2	c_000000005423
S0R7989767/1 BH:changed:4	c_000000005423
S0R7989767/1 BH:changed:4	c_000000005423
S0R8044785/1 BH:changed:5	c_000000005423
S0R8044785/1 BH:changed:5	c_000000005423
S0R8051281/1 BH:changed:3	c_000000005423
S0R8051281/1 BH:changed:3	c_000000005423
S0R8043987/1 BH:changed:5	c_000000005423
S0R8043987/1 BH:changed:5	c_000000005423
S0R8066416/1 BH:changed:3	c_000000005423
S0R8066416/1 BH:changed:3	c_000000005423
S0R8067694/1 BH:changed:5	c_000000005423
S0R8067694/1 BH:changed:5	c_000000005423
S0R8065200/1 BH:changed:4	c_000000005423
S0R8065200/1 BH:changed:4	c_000000005423
S0R8085574/1 BH:changed:1	c_000000005423
S0R8085574/1 BH:changed:1	c_000000005423
S0R8083468/1 BH:changed:1	c_000000005423
S0R8083468/1 BH:changed:1	c_000000005423
S0R8085144/1 BH:changed:3	c_000000005423
S0R8085144/1 BH:changed:3	c_000000005423
S0R8088094/1 BH:changed:6	c_000000005423
S0R8088094/1 BH:changed:6	c_000000005423
S0R8093287/1 BH:ok	c_000000005423
S0R8093287/1 BH:ok	c_000000005423
S0R8098883/1 BH:changed:5	c_000000005423
S0R8098883/1 BH:changed:5	c_000000005423
S0R8112934/1 BH:changed:4	c_000000005423
S0R8112934/1 BH:changed:4	c_000000005423
S0R8113105/1 BH:changed:2	c_000000005423
S0R8113105/1 BH:changed:2	c_000000005423
S0R8120183/1 BH:changed:2	c_000000005423
S0R8120183/1 BH:changed:2	c_000000005423
S0R8136297/1 BH:changed:1	c_000000005423
S0R8136297/1 BH:changed:1	c_000000005423
S0R8137261/1 BH:changed:2	c_000000005423
S0R8137261/1 BH:changed:2	c_000000005423
S0R8148487/1 BH:changed:4	c_000000005423
S0R8148487/1 BH:changed:4	c_000000005423
S0R8148781/1 BH:changed:4	c_000000005423
S0R8148781/1 BH:changed:4	c_000000005423
S0R8160066/1 BH:changed:3	c_000000005423
S0R8160066/1 BH:changed:3	c_000000005423
S0R8146897/1 BH:failed	c_000000005423
S0R8146897/1 BH:failed	c_000000005423
S0R8182095/1 BH:changed:1	c_000000005423
S0R8182095/1 BH:changed:1	c_000000005423
S0R8179438/1 BH:changed:6	c_000000005423
S0R8179438/1 BH:changed:6	c_000000005423
S0R8190533/1 BH:changed:1	c_000000005423
S0R8190533/1 BH:changed:1	c_000000005423
S0R8172839/1 BH:changed:3	c_000000005423
S0R8172839/1 BH:changed:3	c_000000005423
S0R8188892/1 BH:changed:2	c_000000005423
S0R8188892/1 BH:changed:2	c_000000005423
S0R8181556/1 BH:changed:6	c_000000005423
S0R8181556/1 BH:changed:6	c_000000005423
S0R8188037/1 BH:changed:6	c_000000005423
S0R8188037/1 BH:changed:6	c_000000005423
S0R8204459/1 BH:changed:4	c_000000005423
S0R8204459/1 BH:changed:4	c_000000005423
S0R8211829/1 BH:changed:6	c_000000005423
S0R8211829/1 BH:changed:6	c_000000005423
S0R8230483/1 BH:changed:7	c_000000005423
S0R8230483/1 BH:changed:7	c_000000005423
S0R8221018/1 BH:changed:7	c_000000005423
S0R8221018/1 BH:changed:7	c_000000005423
S0R8242664/1 BH:changed:2	c_000000005423
S0R8242664/1 BH:changed:2	c_000000005423
S0R8247973/1 BH:changed:2	c_000000005423
S0R8247973/1 BH:changed:2	c_000000005423
S0R8233851/1 BH:changed:4	c_000000005423
S0R8233851/1 BH:changed:4	c_000000005423
S0R8251463/1 BH:changed:5	c_000000005423
S0R8251463/1 BH:changed:5	c_000000005423
S0R8272258/1 BH:changed:3	c_000000005423
S0R8272258/1 BH:changed:3	c_000000005423
S0R8276568/1 BH:changed:3	c_000000005423
S0R8276568/1 BH:changed:3	c_000000005423
S0R8261740/1 BH:changed:4	c_000000005423
S0R8261740/1 BH:changed:4	c_000000005423
S0R8267895/1 BH:changed:4	c_000000005423
S0R8267895/1 BH:changed:4	c_000000005423
S0R8274231/1 BH:changed:2	c_000000005423
S0R8275619/1 BH:changed:1	c_000000005423
S0R8275619/1 BH:changed:1	c_000000005423
S0R8280358/1 BH:changed:6	c_000000005423
S0R8280358/1 BH:changed:6	c_000000005423
S0R8301776/1 BH:changed:2	c_000000005423
S0R8301776/1 BH:changed:2	c_000000005423
S0R8296504/1 BH:changed:5	c_000000005423
S0R8296504/1 BH:changed:5	c_000000005423
S0R8320371/1 BH:changed:4	c_000000005423
S0R8320371/1 BH:changed:4	c_000000005423
S0R8312081/1 BH:changed:2	c_000000005423
S0R8312081/1 BH:changed:2	c_000000005423
S0R8322382/1 BH:changed:3	c_000000005423
S0R8322382/1 BH:changed:3	c_000000005423
S0R8324709/1 BH:changed:5	c_000000005423
S0R8324709/1 BH:changed:5	c_000000005423
S0R8332791/1 BH:changed:4	c_000000005423
S0R8332791/1 BH:changed:4	c_000000005423
S0R8332879/1 BH:changed:3	c_000000005423
S0R8332879/1 BH:changed:3	c_000000005423
S0R8335459/1 BH:changed:4	c_000000005423
S0R8335459/1 BH:changed:4	c_000000005423
S0R8335562/1 BH:changed:2	c_000000005423
S0R8335562/1 BH:changed:2	c_000000005423
S0R8357717/1 BH:changed:6	c_000000005423
S0R8357717/1 BH:changed:6	c_000000005423
S0R8358246/1 BH:changed:3	c_000000005423
S0R8358246/1 BH:changed:3	c_000000005423
S0R8374442/1 BH:changed:4	c_000000005423
S0R8361701/1 BH:changed:1	c_000000005423
S0R8361701/1 BH:changed:1	c_000000005423
S0R8374205/1 BH:changed:3	c_000000005423
S0R8374205/1 BH:changed:3	c_000000005423
S0R8366007/1 BH:failed	c_000000005423
S0R8366007/1 BH:failed	c_000000005423
S0R8379856/1 BH:changed:2	c_000000005423
S0R8379856/1 BH:changed:2	c_000000005423
S0R8382281/1 BH:changed:2	c_000000005423
S0R8382281/1 BH:changed:2	c_000000005423
S0R8372475/1 BH:changed:6	c_000000005423
S0R8372475/1 BH:changed:6	c_000000005423
S0R8388594/1 BH:failed	c_000000005423
S0R8388594/1 BH:failed	c_000000005423
S0R8393206/1 BH:changed:1	c_000000005423
S0R8393206/1 BH:changed:1	c_000000005423
S0R8410690/1 BH:changed:5	c_000000005423
S0R8410690/1 BH:changed:5	c_000000005423
S0R8415598/1 BH:changed:4	c_000000005423
S0R8415598/1 BH:changed:4	c_000000005423
S0R8406207/1 BH:changed:4	c_000000005423
S0R8406207/1 BH:changed:4	c_000000005423
S0R8413722/1 BH:changed:2	c_000000005423
S0R8413722/1 BH:changed:2	c_000000005423
S0R8416010/1 BH:changed:2	c_000000005423
S0R8416010/1 BH:changed:2	c_000000005423
S0R8434327/1 BH:changed:3	c_000000005423
S0R8434327/1 BH:changed:3	c_000000005423
S0R8439845/1 BH:changed:1	c_000000005423
S0R8439845/1 BH:changed:1	c_000000005423
S0R8429971/1 BH:changed:4	c_000000005423
S0R8429971/1 BH:changed:4	c_000000005423
S0R8444681/1 BH:changed:3	c_000000005423
S0R8444681/1 BH:changed:3	c_000000005423
S0R8451724/1 BH:changed:4	c_000000005423
S0R8451724/1 BH:changed:4	c_000000005423
S0R8456924/1 BH:changed:5	c_000000005423
S0R8456924/1 BH:changed:5	c_000000005423
S0R8449016/1 BH:changed:5	c_000000005423
S0R8454560/1 BH:changed:3	c_000000005423
S0R8454560/1 BH:changed:3	c_000000005423
S0R8472325/1 BH:changed:3	c_000000005423
S0R8472325/1 BH:changed:3	c_000000005423
S0R8460893/1 BH:changed:2	c_000000005423
S0R8471330/1 BH:changed:3	c_000000005423
S0R8471330/1 BH:changed:3	c_000000005423
S0R8494943/1 BH:changed:3	c_000000005423
S0R8494943/1 BH:changed:3	c_000000005423
S0R8505769/1 BH:changed:2	c_000000005423
S0R8505769/1 BH:changed:2	c_000000005423
S0R8536364/1 BH:changed:2	c_000000005423
S0R8524430/1 BH:changed:3	c_000000005423
S0R8524430/1 BH:changed:3	c_000000005423
S0R8534254/1 BH:changed:3	c_000000005423
S0R8534254/1 BH:changed:3	c_000000005423
S0R8526641/1 BH:changed:1	c_000000005423
S0R8526641/1 BH:changed:1	c_000000005423
S0R8554968/1 BH:changed:4	c_000000005423
S0R8554968/1 BH:changed:4	c_000000005423
S0R8556835/1 BH:changed:5	c_000000005423
S0R8556835/1 BH:changed:5	c_000000005423
S0R8546892/1 BH:changed:3	c_000000005423
S0R8546892/1 BH:changed:3	c_000000005423
S0R8559904/1 BH:changed:6	c_000000005423
S0R8559904/1 BH:changed:6	c_000000005423
S0R8576796/1 BH:changed:4	c_000000005423
S0R8576796/1 BH:changed:4	c_000000005423
S0R8575920/1 BH:changed:1	c_000000005423
S0R8575920/1 BH:changed:1	c_000000005423
S0R8582534/1 BH:changed:1	c_000000005423
S0R8582534/1 BH:changed:1	c_000000005423
S0R8587298/1 BH:changed:4	c_000000005423
S0R8587298/1 BH:changed:4	c_000000005423
S0R8587595/1 BH:changed:3	c_000000005423
S0R8587595/1 BH:changed:3	c_000000005423
S0R8592251/1 BH:changed:2	c_000000005423
S0R8592251/1 BH:changed:2	c_000000005423
S0R8601917/1 BH:changed:2	c_000000005423
S0R8601917/1 BH:changed:2	c_000000005423
S0R8611117/1 BH:changed:4	c_000000005423
S0R8611117/1 BH:changed:4	c_000000005423
S0R8613599/1 BH:changed:4	c_000000005423
S0R8613599/1 BH:changed:4	c_000000005423
S0R8631708/1 BH:changed:4	c_000000005423
S0R8631708/1 BH:changed:4	c_000000005423
S0R8648584/1 BH:changed:1	c_000000005423
S0R8648584/1 BH:changed:1	c_000000005423
S0R8646939/1 BH:changed:1	c_000000005423
S0R8646939/1 BH:changed:1	c_000000005423
S0R8641987/1 BH:changed:5	c_000000005423
S0R8641987/1 BH:changed:5	c_000000005423
S0R8654943/1 BH:changed:2	c_000000005423
S0R8654943/1 BH:changed:2	c_000000005423
S0R8661655/1 BH:changed:1	c_000000005423
S0R8661655/1 BH:changed:1	c_000000005423
S0R8668144/1 BH:changed:3	c_000000005423
S0R8668144/1 BH:changed:3	c_000000005423
S0R8677832/1 BH:changed:3	c_000000005423
S0R8677832/1 BH:changed:3	c_000000005423
S0R8681206/1 BH:changed:5	c_000000005423
S0R8681206/1 BH:changed:5	c_000000005423
S0R8680710/1 BH:changed:6	c_000000005423
S0R8680710/1 BH:changed:6	c_000000005423
S0R8672852/1 BH:changed:5	c_000000005423
S0R8672852/1 BH:changed:5	c_000000005423
S0R8683597/1 BH:changed:7	c_000000005423
S0R8683597/1 BH:changed:7	c_000000005423
S0R8705800/1 BH:changed:7	c_000000005423
S0R8705800/1 BH:changed:7	c_000000005423
S0R8710733/1 BH:failed	c_000000005423
S0R8710733/1 BH:failed	c_000000005423
S0R8699438/1 BH:changed:4	c_000000005423
S0R8699438/1 BH:changed:4	c_000000005423
S0R8721563/1 BH:changed:6	c_000000005423
S0R8721563/1 BH:changed:6	c_000000005423
S0R8723134/1 BH:changed:4	c_000000005423
S0R8723134/1 BH:changed:4	c_000000005423
S0R8740165/1 BH:changed:2	c_000000005423
S0R8740165/1 BH:changed:2	c_000000005423
S0R8751081/1 BH:changed:3	c_000000005423
S0R8751081/1 BH:changed:3	c_000000005423
S0R8769270/1 BH:changed:1	c_000000005423
S0R8769270/1 BH:changed:1	c_000000005423
S0R8793694/1 BH:changed:1	c_000000005423
S0R8793694/1 BH:changed:1	c_000000005423
S0R8804804/1 BH:changed:3	c_000000005423
S0R8804804/1 BH:changed:3	c_000000005423
S0R8794232/1 BH:changed:6	c_000000005423
S0R8794232/1 BH:changed:6	c_000000005423
S0R8814351/1 BH:changed:1	c_000000005423
S0R8814351/1 BH:changed:1	c_000000005423
S0R8806647/1 BH:changed:4	c_000000005423
S0R8806647/1 BH:changed:4	c_000000005423
S0R8809481/1 BH:changed:2	c_000000005423
S0R8809481/1 BH:changed:2	c_000000005423
S0R8835097/1 BH:ok	c_000000005423
S0R8844649/1 BH:changed:4	c_000000005423
S0R8844649/1 BH:changed:4	c_000000005423
S0R8867818/1 BH:changed:4	c_000000005423
S0R8867818/1 BH:changed:4	c_000000005423
S0R8867372/1 BH:changed:2	c_000000005423
S0R8867372/1 BH:changed:2	c_000000005423
S0R8873455/1 BH:changed:5	c_000000005423
S0R8873455/1 BH:changed:5	c_000000005423
S0R8886364/1 BH:changed:6	c_000000005423
S0R8886364/1 BH:changed:6	c_000000005423
S0R8885802/1 BH:changed:3	c_000000005423
S0R8885802/1 BH:changed:3	c_000000005423
S0R8885761/1 BH:changed:2	c_000000005423
S0R8885761/1 BH:changed:2	c_000000005423
S0R8893336/1 BH:changed:3	c_000000005423
S0R8893336/1 BH:changed:3	c_000000005423
S0R8893524/1 BH:changed:1	c_000000005423
S0R8893524/1 BH:changed:1	c_000000005423
S0R8901481/1 BH:changed:3	c_000000005423
S0R8901481/1 BH:changed:3	c_000000005423
S0R8909589/1 BH:changed:3	c_000000005423
S0R8909589/1 BH:changed:3	c_000000005423
S0R8913240/1 BH:changed:5	c_000000005423
S0R8914678/1 BH:changed:4	c_000000005423
S0R8914678/1 BH:changed:4	c_000000005423
S0R8917555/1 BH:changed:5	c_000000005423
S0R8917555/1 BH:changed:5	c_000000005423
S0R8930667/1 BH:changed:1	c_000000005423
S0R8930667/1 BH:changed:1	c_000000005423
S0R8944902/1 BH:changed:2	c_000000005423
S0R8944902/1 BH:changed:2	c_000000005423
S0R8944398/1 BH:changed:3	c_000000005423
S0R8944398/1 BH:changed:3	c_000000005423
S0R8936297/1 BH:changed:5	c_000000005423
S0R8936297/1 BH:changed:5	c_000000005423
S0R8966011/1 BH:changed:3	c_000000005423
S0R8966011/1 BH:changed:3	c_000000005423
S0R8969231/1 BH:changed:2	c_000000005423
S0R8969231/1 BH:changed:2	c_000000005423
S0R8990518/1 BH:changed:5	c_000000005423
S0R8990518/1 BH:changed:5	c_000000005423
S0R8977216/1 BH:changed:2	c_000000005423
S0R8977216/1 BH:changed:2	c_000000005423
S0R8988941/1 BH:changed:5	c_000000005423
S0R8988941/1 BH:changed:5	c_000000005423
S0R8986942/1 BH:changed:4	c_000000005423
S0R8986942/1 BH:changed:4	c_000000005423
S0R8987019/1 BH:changed:3	c_000000005423
S0R8987019/1 BH:changed:3	c_000000005423
S0R9001201/1 BH:changed:4	c_000000005423
S0R9001201/1 BH:changed:4	c_000000005423
S0R9003685/1 BH:changed:2	c_000000005423
S0R9003685/1 BH:changed:2	c_000000005423
S0R9009681/1 BH:changed:3	c_000000005423
S0R9009681/1 BH:changed:3	c_000000005423
S0R8997677/1 BH:changed:3	c_000000005423
S0R8997677/1 BH:changed:3	c_000000005423
S0R9013966/1 BH:changed:15	c_000000005423
S0R9013966/1 BH:changed:15	c_000000005423
S0R9024769/1 BH:changed:3	c_000000005423
S0R9024769/1 BH:changed:3	c_000000005423
S0R9032457/1 BH:changed:4	c_000000005423
S0R9032457/1 BH:changed:4	c_000000005423
S0R9041166/1 BH:changed:6	c_000000005423
S0R9045058/1 BH:ok	c_000000005423
S0R9045058/1 BH:ok	c_000000005423
S0R9041561/1 BH:changed:1	c_000000005423
S0R9041561/1 BH:changed:1	c_000000005423
S0R9050234/1 BH:changed:2	c_000000005423
S0R9050234/1 BH:changed:2	c_000000005423
S0R9054195/1 BH:changed:2	c_000000005423
S0R9054195/1 BH:changed:2	c_000000005423
S0R9079078/1 BH:changed:3	c_000000005423
S0R9079078/1 BH:changed:3	c_000000005423
S0R9081466/1 BH:changed:9	c_000000005423
S0R9081466/1 BH:changed:9	c_000000005423
S0R9115906/1 BH:changed:5	c_000000005423
S0R9115906/1 BH:changed:5	c_000000005423
S0R9112808/1 BH:changed:1	c_000000005423
S0R9112808/1 BH:changed:1	c_000000005423
S0R9123097/1 BH:changed:5	c_000000005423
S0R9123097/1 BH:changed:5	c_000000005423
S0R9112305/1 BH:changed:1	c_000000005423
S0R9112305/1 BH:changed:1	c_000000005423
S0R9119439/1 BH:changed:4	c_000000005423
S0R9119439/1 BH:changed:4	c_000000005423
S0R9145175/1 BH:changed:1	c_000000005423
S0R9145175/1 BH:changed:1	c_000000005423
S0R9134129/1 BH:changed:5	c_000000005423
S0R9134129/1 BH:changed:5	c_000000005423
S0R9141942/1 BH:changed:3	c_000000005423
S0R9141942/1 BH:changed:3	c_000000005423
S0R9155340/1 BH:changed:3	c_000000005423
S0R9155340/1 BH:changed:3	c_000000005423
S0R9159879/1 BH:changed:6	c_000000005423
S0R9159879/1 BH:changed:6	c_000000005423
S0R9163917/1 BH:changed:3	c_000000005423
S0R9163917/1 BH:changed:3	c_000000005423
S0R9157221/1 BH:changed:5	c_000000005423
S0R9157221/1 BH:changed:5	c_000000005423
S0R9162994/1 BH:changed:4	c_000000005423
S0R9162994/1 BH:changed:4	c_000000005423
S0R9178993/1 BH:changed:3	c_000000005423
S0R9178993/1 BH:changed:3	c_000000005423
S0R9179395/1 BH:changed:3	c_000000005423
S0R9179395/1 BH:changed:3	c_000000005423
S0R9170628/1 BH:changed:5	c_000000005423
S0R9170628/1 BH:changed:5	c_000000005423
S0R9171197/1 BH:changed:1	c_000000005423
S0R9171197/1 BH:changed:1	c_000000005423
S0R9187235/1 BH:changed:3	c_000000005423
S0R9187235/1 BH:changed:3	c_000000005423
S0R9207535/1 BH:changed:3	c_000000005423
S0R9207535/1 BH:changed:3	c_000000005423
S0R9201425/1 BH:changed:1	c_000000005423
S0R9201425/1 BH:changed:1	c_000000005423
S0R9217330/1 BH:changed:4	c_000000005423
S0R9217330/1 BH:changed:4	c_000000005423
S0R9217685/1 BH:changed:6	c_000000005423
S0R9217685/1 BH:changed:6	c_000000005423
S0R9212193/1 BH:changed:5	c_000000005423
S0R9212193/1 BH:changed:5	c_000000005423
S0R9222013/1 BH:changed:3	c_000000005423
S0R9222013/1 BH:changed:3	c_000000005423
S0R9221289/1 BH:changed:3	c_000000005423
S0R9221289/1 BH:changed:3	c_000000005423
S0R9229813/1 BH:changed:3	c_000000005423
S0R9229813/1 BH:changed:3	c_000000005423
S0R9229450/1 BH:changed:7	c_000000005423
S0R9229450/1 BH:changed:7	c_000000005423
S0R9244945/1 BH:changed:2	c_000000005423
S0R9244945/1 BH:changed:2	c_000000005423
S0R9250862/1 BH:changed:4	c_000000005423
S0R9250862/1 BH:changed:4	c_000000005423
S0R9246764/1 BH:changed:2	c_000000005423
S0R9246764/1 BH:changed:2	c_000000005423
S0R9251488/1 BH:changed:4	c_000000005423
S0R9278978/1 BH:changed:2	c_000000005423
S0R9278978/1 BH:changed:2	c_000000005423
S0R9272559/1 BH:changed:3	c_000000005423
S0R9280557/1 BH:changed:1	c_000000005423
S0R9280557/1 BH:changed:1	c_000000005423
S0R9287480/1 BH:changed:5	c_000000005423
S0R9287480/1 BH:changed:5	c_000000005423
S0R9290935/1 BH:changed:3	c_000000005423
S0R9290935/1 BH:changed:3	c_000000005423
S0R9302334/1 BH:changed:3	c_000000005423
S0R9302334/1 BH:changed:3	c_000000005423
S0R9300311/1 BH:changed:3	c_000000005423
S0R9314067/1 BH:failed	c_000000005423
S0R9314067/1 BH:failed	c_000000005423
S0R9326248/1 BH:changed:2	c_000000005423
S0R9326248/1 BH:changed:2	c_000000005423
S0R9333970/1 BH:changed:2	c_000000005423
S0R9333970/1 BH:changed:2	c_000000005423
S0R9328035/1 BH:changed:4	c_000000005423
S0R9328035/1 BH:changed:4	c_000000005423
S0R9339105/1 BH:changed:4	c_000000005423
S0R9339105/1 BH:changed:4	c_000000005423
S0R9357484/1 BH:changed:2	c_000000005423
S0R9357484/1 BH:changed:2	c_000000005423
S0R9344081/1 BH:changed:2	c_000000005423
S0R9344081/1 BH:changed:2	c_000000005423
S0R9355243/1 BH:changed:2	c_000000005423
S0R9355243/1 BH:changed:2	c_000000005423
S0R9367264/1 BH:changed:3	c_000000005423
S0R9367264/1 BH:changed:3	c_000000005423
S0R9347821/1 BH:changed:2	c_000000005423
S0R9347821/1 BH:changed:2	c_000000005423
S0R9358816/1 BH:changed:3	c_000000005423
S0R9367662/1 BH:changed:1	c_000000005423
S0R9367662/1 BH:changed:1	c_000000005423
S0R9386647/1 BH:changed:2	c_000000005423
S0R9386647/1 BH:changed:2	c_000000005423
S0R9401993/1 BH:changed:2	c_000000005423
S0R9401993/1 BH:changed:2	c_000000005423
S0R9388813/1 BH:changed:2	c_000000005423
S0R9388813/1 BH:changed:2	c_000000005423
S0R9391274/1 BH:changed:4	c_000000005423
S0R9391274/1 BH:changed:4	c_000000005423
S0R9417012/1 BH:changed:2	c_000000005423
S0R9417012/1 BH:changed:2	c_000000005423
S0R9437561/1 BH:changed:7	c_000000005423
S0R9437561/1 BH:changed:7	c_000000005423
S0R9436320/1 BH:changed:4	c_000000005423
S0R9436320/1 BH:changed:4	c_000000005423
S0R9439506/1 BH:changed:1	c_000000005423
S0R9439506/1 BH:changed:1	c_000000005423
S0R9445932/1 BH:changed:6	c_000000005423
S0R9445932/1 BH:changed:6	c_000000005423
S0R9442276/1 BH:changed:3	c_000000005423
S0R9442276/1 BH:changed:3	c_000000005423
S0R9461198/1 BH:changed:3	c_000000005423
S0R9461198/1 BH:changed:3	c_000000005423
S0R9460241/1 BH:changed:5	c_000000005423
S0R9460241/1 BH:changed:5	c_000000005423
S0R9473737/1 BH:changed:1	c_000000005423
S0R9473737/1 BH:changed:1	c_000000005423
S0R9459002/1 BH:changed:2	c_000000005423
S0R9459002/1 BH:changed:2	c_000000005423
S0R9459911/1 BH:changed:3	c_000000005423
S0R9459911/1 BH:changed:3	c_000000005423
S0R9492964/1 BH:changed:2	c_000000005423
S0R9492964/1 BH:changed:2	c_000000005423
S0R9485394/1 BH:changed:4	c_000000005423
S0R9485394/1 BH:changed:4	c_000000005423
S0R9489438/1 BH:changed:4	c_000000005423
S0R9489438/1 BH:changed:4	c_000000005423
S0R9517845/1 BH:changed:3	c_000000005423
S0R9517845/1 BH:changed:3	c_000000005423
S0R9519402/1 BH:changed:1	c_000000005423
S0R9519402/1 BH:changed:1	c_000000005423
S0R9521203/1 BH:changed:3	c_000000005423
S0R9521203/1 BH:changed:3	c_000000005423
S0R9524922/1 BH:changed:3	c_000000005423
S0R9524922/1 BH:changed:3	c_000000005423
S0R9506762/1 BH:changed:4	c_000000005423
S0R9506762/1 BH:changed:4	c_000000005423
S0R9530967/1 BH:changed:4	c_000000005423
S0R9530967/1 BH:changed:4	c_000000005423
S0R9524383/1 BH:changed:3	c_000000005423
S0R9524383/1 BH:changed:3	c_000000005423
S0R9524483/1 BH:ok	c_000000005423
S0R9524483/1 BH:ok	c_000000005423
S0R9523050/1 BH:changed:3	c_000000005423
S0R9523050/1 BH:changed:3	c_000000005423
S0R9523679/1 BH:changed:3	c_000000005423
S0R9523679/1 BH:changed:3	c_000000005423
S0R9549437/1 BH:changed:5	c_000000005423
S0R9549437/1 BH:changed:5	c_000000005423
S0R9549689/1 BH:changed:3	c_000000005423
S0R9549689/1 BH:changed:3	c_000000005423
S0R9548865/1 BH:changed:5	c_000000005423
S0R9548865/1 BH:changed:5	c_000000005423
S0R9557398/1 BH:changed:3	c_000000005423
S0R9557398/1 BH:changed:3	c_000000005423
S0R9568430/1 BH:changed:2	c_000000005423
S0R9568430/1 BH:changed:2	c_000000005423
S0R9575050/1 BH:changed:8	c_000000005423
S0R9575050/1 BH:changed:8	c_000000005423
S0R9580222/1 BH:changed:3	c_000000005423
S0R9580222/1 BH:changed:3	c_000000005423
S0R9584369/1 BH:changed:3	c_000000005423
S0R9584369/1 BH:changed:3	c_000000005423
S0R9585638/1 BH:changed:4	c_000000005423
S0R9585638/1 BH:changed:4	c_000000005423
S0R9594039/1 BH:changed:3	c_000000005423
S0R9594039/1 BH:changed:3	c_000000005423
S0R9610466/1 BH:changed:3	c_000000005423
S0R9610466/1 BH:changed:3	c_000000005423
S0R9603715/1 BH:changed:5	c_000000005423
S0R9603715/1 BH:changed:5	c_000000005423
S0R9617553/1 BH:changed:4	c_000000005423
S0R9617553/1 BH:changed:4	c_000000005423
S0R9626159/1 BH:changed:3	c_000000005423
S0R9626159/1 BH:changed:3	c_000000005423
S0R9645991/1 BH:changed:1	c_000000005423
S0R9645991/1 BH:changed:1	c_000000005423
S0R9656330/1 BH:changed:4	c_000000005423
S0R9656330/1 BH:changed:4	c_000000005423
S0R9645227/1 BH:changed:2	c_000000005423
S0R9645227/1 BH:changed:2	c_000000005423
S0R9641948/1 BH:changed:2	c_000000005423
S0R9641948/1 BH:changed:2	c_000000005423
S0R9653665/1 BH:changed:2	c_000000005423
S0R9653665/1 BH:changed:2	c_000000005423
S0R9659763/1 BH:changed:2	c_000000005423
S0R9659763/1 BH:changed:2	c_000000005423
S0R9678159/1 BH:changed:6	c_000000005423
S0R9671547/1 BH:changed:2	c_000000005423
S0R9671547/1 BH:changed:2	c_000000005423
S0R9690557/1 BH:changed:2	c_000000005423
S0R9690557/1 BH:changed:2	c_000000005423
S0R9697692/1 BH:changed:5	c_000000005423
S0R9697692/1 BH:changed:5	c_000000005423
S0R9704595/1 BH:changed:3	c_000000005423
S0R9716378/1 BH:changed:3	c_000000005423
S0R9716378/1 BH:changed:3	c_000000005423
S0R9719216/1 BH:changed:5	c_000000005423
S0R9716265/1 BH:changed:4	c_000000005423
S0R9716265/1 BH:changed:4	c_000000005423
S0R9732246/1 BH:changed:4	c_000000005423
S0R9732246/1 BH:changed:4	c_000000005423
S0R9740225/1 BH:changed:7	c_000000005423
S0R9740225/1 BH:changed:7	c_000000005423
S0R9752516/1 BH:changed:1	c_000000005423
S0R9752516/1 BH:changed:1	c_000000005423
S0R9764844/1 BH:changed:3	c_000000005423
S0R9764844/1 BH:changed:3	c_000000005423
S0R9748205/1 BH:changed:1	c_000000005423
S0R9748205/1 BH:changed:1	c_000000005423
S0R9786327/1 BH:failed	c_000000005423
S0R9794212/1 BH:changed:6	c_000000005423
S0R9794212/1 BH:changed:6	c_000000005423
S0R9819640/1 BH:changed:2	c_000000005423
S0R9819640/1 BH:changed:2	c_000000005423
S0R9813494/1 BH:changed:3	c_000000005423
S0R9813494/1 BH:changed:3	c_000000005423
S0R9815771/1 BH:changed:2	c_000000005423
S0R9815771/1 BH:changed:2	c_000000005423
S0R9826935/1 BH:changed:4	c_000000005423
S0R9826935/1 BH:changed:4	c_000000005423
S0R9805407/1 BH:ok	c_000000005423
S0R9805407/1 BH:ok	c_000000005423
S0R9834149/1 BH:changed:7	c_000000005423
S0R9834149/1 BH:changed:7	c_000000005423
S0R9831314/1 BH:changed:4	c_000000005423
S0R9831314/1 BH:changed:4	c_000000005423
S0R9848653/1 BH:changed:6	c_000000005423
S0R9848653/1 BH:changed:6	c_000000005423
S0R9843292/1 BH:changed:6	c_000000005423
S0R9843292/1 BH:changed:6	c_000000005423
S0R9847153/1 BH:changed:4	c_000000005423
S0R9847153/1 BH:changed:4	c_000000005423
S0R9833358/1 BH:changed:5	c_000000005423
S0R9852281/1 BH:changed:3	c_000000005423
S0R9852281/1 BH:changed:3	c_000000005423
S0R9849045/1 BH:changed:6	c_000000005423
S0R9846445/1 BH:changed:8	c_000000005423
S0R9846445/1 BH:changed:8	c_000000005423
S0R9864812/1 BH:changed:5	c_000000005423
S0R9864812/1 BH:changed:5	c_000000005423
S0R9879583/1 BH:changed:1	c_000000005423
S0R9879583/1 BH:changed:1	c_000000005423
S0R9884881/1 BH:changed:2	c_000000005423
S0R9884881/1 BH:changed:2	c_000000005423
S0R9896208/1 BH:changed:4	c_000000005423
S0R9896208/1 BH:changed:4	c_000000005423
S0R9905012/1 BH:changed:2	c_000000005423
S0R9905012/1 BH:changed:2	c_000000005423
S0R9916764/1 BH:changed:3	c_000000005423
S0R9918411/1 BH:changed:3	c_000000005423
S0R9918411/1 BH:changed:3	c_000000005423
S0R9918074/1 BH:changed:4	c_000000005423
S0R9918074/1 BH:changed:4	c_000000005423
S0R9924482/1 BH:changed:2	c_000000005423
S0R9924482/1 BH:changed:2	c_000000005423
S0R9930685/1 BH:changed:1	c_000000005423
S0R9930685/1 BH:changed:1	c_000000005423
S0R9935469/1 BH:changed:2	c_000000005423
S0R9935469/1 BH:changed:2	c_000000005423
S0R9934013/1 BH:changed:5	c_000000005423
S0R9934013/1 BH:changed:5	c_000000005423
S0R9952883/1 BH:changed:2	c_000000005423
S0R9952883/1 BH:changed:2	c_000000005423
S0R9958320/1 BH:changed:2	c_000000005423
S0R9958320/1 BH:changed:2	c_000000005423
S0R9970139/1 BH:changed:3	c_000000005423
S0R9970139/1 BH:changed:3	c_000000005423
S0R9969020/1 BH:changed:8	c_000000005423
S0R9969020/1 BH:changed:8	c_000000005423
S0R9980746/1 BH:changed:2	c_000000005423
S0R9980746/1 BH:changed:2	c_000000005423
S0R9974288/1 BH:changed:2	c_000000005423
S0R9974288/1 BH:changed:2	c_000000005423
S0R9994081/1 BH:changed:3	c_000000005423
S0R9994081/1 BH:changed:3	c_000000005423
S0R9993867/1 BH:changed:6	c_000000005423
S0R9993867/1 BH:changed:6	c_000000005423
S0R10005959/1 BH:changed:4	c_000000005423
S0R10005959/1 BH:changed:4	c_000000005423
S0R10002174/1 BH:changed:6	c_000000005423
S0R10002174/1 BH:changed:6	c_000000005423
S0R10004721/1 BH:changed:2	c_000000005423
S0R10004721/1 BH:changed:2	c_000000005423
S0R10003563/1 BH:changed:3	c_000000005423
S0R10003563/1 BH:changed:3	c_000000005423
S0R10016786/1 BH:changed:4	c_000000005423
S0R10016786/1 BH:changed:4	c_000000005423
S0R10017727/1 BH:changed:5	c_000000005423
S0R10017727/1 BH:changed:5	c_000000005423
S0R10026888/1 BH:changed:5	c_000000005423
S0R10026888/1 BH:changed:5	c_000000005423
S0R10038269/1 BH:changed:3	c_000000005423
S0R10040716/1 BH:changed:4	c_000000005423
S0R10040716/1 BH:changed:4	c_000000005423
S0R10045395/1 BH:changed:7	c_000000005423
S0R10045395/1 BH:changed:7	c_000000005423
S0R10055051/1 BH:changed:1	c_000000005423
S0R10055051/1 BH:changed:1	c_000000005423
S0R10065437/1 BH:changed:2	c_000000005423
S0R10065437/1 BH:changed:2	c_000000005423
S0R10067671/1 BH:changed:6	c_000000005423
S0R10067671/1 BH:changed:6	c_000000005423
S0R10057720/1 BH:changed:4	c_000000005423
S0R10057720/1 BH:changed:4	c_000000005423
S0R10072738/1 BH:changed:4	c_000000005423
S0R10072738/1 BH:changed:4	c_000000005423
S0R10093233/1 BH:changed:3	c_000000005423
S0R10093233/1 BH:changed:3	c_000000005423
S0R10096215/1 BH:changed:3	c_000000005423
S0R10096215/1 BH:changed:3	c_000000005423
S0R10094140/1 BH:changed:3	c_000000005423
S0R10094140/1 BH:changed:3	c_000000005423
S0R10072747/1 BH:changed:3	c_000000005423
S0R10072747/1 BH:changed:3	c_000000005423
S0R10082461/1 BH:changed:5	c_000000005423
S0R10082461/1 BH:changed:5	c_000000005423
S0R10098851/1 BH:ok	c_000000005423
S0R10098851/1 BH:ok	c_000000005423
S0R10125511/1 BH:changed:5	c_000000005423
S0R10125511/1 BH:changed:5	c_000000005423
S0R10115811/1 BH:changed:1	c_000000005423
S0R10115811/1 BH:changed:1	c_000000005423
S0R10124664/1 BH:ok	c_000000005423
S0R10124664/1 BH:ok	c_000000005423
S0R10132771/1 BH:changed:9	c_000000005423
S0R10132771/1 BH:changed:9	c_000000005423
S0R10135067/1 BH:changed:2	c_000000005423
S0R10135067/1 BH:changed:2	c_000000005423
S0R10148066/1 BH:changed:6	c_000000005423
S0R10148066/1 BH:changed:6	c_000000005423
S0R10147051/1 BH:changed:6	c_000000005423
S0R10147051/1 BH:changed:6	c_000000005423
S0R10161320/1 BH:changed:2	c_000000005423
S0R10161320/1 BH:changed:2	c_000000005423
S0R10165968/1 BH:changed:8	c_000000005423
S0R10165968/1 BH:changed:8	c_000000005423
S0R10172502/1 BH:changed:7	c_000000005423
S0R10172502/1 BH:changed:7	c_000000005423
S0R10161495/1 BH:changed:4	c_000000005423
S0R10161495/1 BH:changed:4	c_000000005423
S0R10168645/1 BH:changed:2	c_000000005423
S0R10168645/1 BH:changed:2	c_000000005423
S0R10171251/1 BH:changed:2	c_000000005423
S0R10171251/1 BH:changed:2	c_000000005423
S0R10180119/1 BH:changed:4	c_000000005423
S0R10180119/1 BH:changed:4	c_000000005423
S0R10200128/1 BH:changed:2	c_000000005423
S0R10200128/1 BH:changed:2	c_000000005423
S0R10198708/1 BH:changed:5	c_000000005423
S0R10198708/1 BH:changed:5	c_000000005423
S0R10204432/1 BH:changed:4	c_000000005423
S0R10204432/1 BH:changed:4	c_000000005423
S0R10207061/1 BH:changed:3	c_000000005423
S0R10207061/1 BH:changed:3	c_000000005423
S0R10231581/1 BH:changed:3	c_000000005423
S0R10231581/1 BH:changed:3	c_000000005423
S0R10248737/1 BH:changed:4	c_000000005423
S0R10248737/1 BH:changed:4	c_000000005423
S0R10234376/1 BH:changed:1	c_000000005423
S0R10234376/1 BH:changed:1	c_000000005423
S0R10254502/1 BH:changed:6	c_000000005423
S0R10247283/1 BH:ok	c_000000005423
S0R10247283/1 BH:ok	c_000000005423
S0R10245183/1 BH:changed:1	c_000000005423
S0R10245183/1 BH:changed:1	c_000000005423
S0R10267861/1 BH:changed:3	c_000000005423
S0R10267861/1 BH:changed:3	c_000000005423
S0R10267577/1 BH:changed:1	c_000000005423
S0R10267577/1 BH:changed:1	c_000000005423
S0R10276843/1 BH:changed:3	c_000000005423
S0R10276843/1 BH:changed:3	c_000000005423
S0R10294212/1 BH:changed:3	c_000000005423
S0R10294212/1 BH:changed:3	c_000000005423
S0R10302564/1 BH:changed:2	c_000000005423
S0R10302564/1 BH:changed:2	c_000000005423
S0R10304748/1 BH:changed:1	c_000000005423
S0R10304748/1 BH:changed:1	c_000000005423
S0R10317298/1 BH:changed:2	c_000000005423
S0R10317298/1 BH:changed:2	c_000000005423
S0R10325983/1 BH:changed:3	c_000000005423
S0R10325983/1 BH:changed:3	c_000000005423
S0R10331852/1 BH:changed:3	c_000000005423
S0R10331852/1 BH:changed:3	c_000000005423
S0R10351161/1 BH:changed:3	c_000000005423
S0R10353063/1 BH:changed:1	c_000000005423
S0R10353063/1 BH:changed:1	c_000000005423
S0R10368982/1 BH:changed:3	c_000000005423
S0R10368982/1 BH:changed:3	c_000000005423
S0R10361939/1 BH:changed:5	c_000000005423
S0R10361939/1 BH:changed:5	c_000000005423
S0R10365364/1 BH:changed:2	c_000000005423
S0R10365364/1 BH:changed:2	c_000000005423
S0R10364862/1 BH:changed:3	c_000000005423
S0R10378211/1 BH:changed:3	c_000000005423
S0R10378211/1 BH:changed:3	c_000000005423
S0R10378474/1 BH:changed:1	c_000000005423
S0R10378474/1 BH:changed:1	c_000000005423
S0R10352198/1 BH:changed:4	c_000000005423
S0R10352198/1 BH:changed:4	c_000000005423
S0R10378346/1 BH:changed:6	c_000000005423
S0R10378346/1 BH:changed:6	c_000000005423
S0R10390608/1 BH:changed:2	c_000000005423
S0R10390608/1 BH:changed:2	c_000000005423
S0R10397163/1 BH:changed:2	c_000000005423
S0R10397163/1 BH:changed:2	c_000000005423
S0R10396048/1 BH:changed:5	c_000000005423
S0R10396048/1 BH:changed:5	c_000000005423
S0R10416123/1 BH:changed:3	c_000000005423
S0R10427265/1 BH:failed	c_000000005423
S0R10427265/1 BH:failed	c_000000005423
S0R10445111/1 BH:changed:4	c_000000005423
S0R10445111/1 BH:changed:4	c_000000005423
S0R10478285/1 BH:changed:2	c_000000005423
S0R10478285/1 BH:changed:2	c_000000005423
S0R10479920/1 BH:changed:5	c_000000005423
S0R10479920/1 BH:changed:5	c_000000005423
S0R10477921/1 BH:changed:3	c_000000005423
S0R10477921/1 BH:changed:3	c_000000005423
S0R10491594/1 BH:changed:2	c_000000005423
S0R10491594/1 BH:changed:2	c_000000005423
S0R10512022/1 BH:changed:3	c_000000005423
S0R10512022/1 BH:changed:3	c_000000005423
S0R10514978/1 BH:changed:3	c_000000005423
S0R10514978/1 BH:changed:3	c_000000005423
S0R10513406/1 BH:changed:2	c_000000005423
S0R10513406/1 BH:changed:2	c_000000005423
S0R10512961/1 BH:changed:8	c_000000005423
S0R10512961/1 BH:changed:8	c_000000005423
S0R10526671/1 BH:changed:3	c_000000005423
S0R10526671/1 BH:changed:3	c_000000005423
S0R10524594/1 BH:changed:2	c_000000005423
S0R10524594/1 BH:changed:2	c_000000005423
S0R10570009/1 BH:changed:4	c_000000005423
S0R10570009/1 BH:changed:4	c_000000005423
S0R10573278/1 BH:changed:2	c_000000005423
S0R10573278/1 BH:changed:2	c_000000005423
S0R10582748/1 BH:changed:3	c_000000005423
S0R10582748/1 BH:changed:3	c_000000005423
S0R10587408/1 BH:changed:1	c_000000005423
S0R10587408/1 BH:changed:1	c_000000005423
S0R10589272/1 BH:changed:3	c_000000005423
S0R10589272/1 BH:changed:3	c_000000005423
S0R10586467/1 BH:changed:1	c_000000005423
S0R10586467/1 BH:changed:1	c_000000005423
S0R10602128/1 BH:changed:3	c_000000005423
S0R10602128/1 BH:changed:3	c_000000005423
S0R10597669/1 BH:changed:3	c_000000005423
S0R10597669/1 BH:changed:3	c_000000005423
S0R10605381/1 BH:changed:6	c_000000005423
S0R10605381/1 BH:changed:6	c_000000005423
S0R10608695/1 BH:changed:2	c_000000005423
S0R10608695/1 BH:changed:2	c_000000005423
S0R10620315/1 BH:ok	c_000000005423
S0R10620315/1 BH:ok	c_000000005423
S0R10616071/1 BH:changed:2	c_000000005423
S0R10616071/1 BH:changed:2	c_000000005423
S0R10609732/1 BH:changed:1	c_000000005423
S0R10609732/1 BH:changed:1	c_000000005423
S0R10628362/1 BH:changed:6	c_000000005423
S0R10628362/1 BH:changed:6	c_000000005423
S0R10631990/1 BH:changed:5	c_000000005423
S0R10631990/1 BH:changed:5	c_000000005423
S0R10622671/1 BH:changed:2	c_000000005423
S0R10622671/1 BH:changed:2	c_000000005423
S0R10653701/1 BH:changed:4	c_000000005423
S0R10653701/1 BH:changed:4	c_000000005423
S0R10669383/1 BH:changed:4	c_000000005423
S0R10669383/1 BH:changed:4	c_000000005423
S0R10657268/1 BH:changed:3	c_000000005423
S0R10657268/1 BH:changed:3	c_000000005423
S0R10677448/1 BH:changed:2	c_000000005423
S0R10677448/1 BH:changed:2	c_000000005423
S0R10675877/1 BH:changed:6	c_000000005423
S0R10675877/1 BH:changed:6	c_000000005423
S0R10676837/1 BH:changed:2	c_000000005423
S0R10676837/1 BH:changed:2	c_000000005423
S0R10679845/1 BH:changed:5	c_000000005423
S0R10675115/1 BH:changed:2	c_000000005423
S0R10675115/1 BH:changed:2	c_000000005423
S0R10688410/1 BH:changed:3	c_000000005423
S0R10688410/1 BH:changed:3	c_000000005423
S0R10687713/1 BH:changed:3	c_000000005423
S0R10687713/1 BH:changed:3	c_000000005423
S0R10700675/1 BH:changed:3	c_000000005423
S0R10700675/1 BH:changed:3	c_000000005423
S0R10709270/1 BH:changed:5	c_000000005423
S0R10709270/1 BH:changed:5	c_000000005423
S0R10708453/1 BH:changed:4	c_000000005423
S0R10708453/1 BH:changed:4	c_000000005423
S0R10716160/1 BH:ok	c_000000005423
S0R10716160/1 BH:ok	c_000000005423
S0R10731383/1 BH:changed:4	c_000000005423
S0R10731383/1 BH:changed:4	c_000000005423
S0R10740731/1 BH:changed:8	c_000000005423
S0R10740731/1 BH:changed:8	c_000000005423
S0R10728518/1 BH:changed:2	c_000000005423
S0R10746122/1 BH:changed:4	c_000000005423
S0R10746122/1 BH:changed:4	c_000000005423
S0R10752099/1 BH:changed:4	c_000000005423
S0R10752099/1 BH:changed:4	c_000000005423
S0R10751798/1 BH:changed:2	c_000000005423
S0R10751798/1 BH:changed:2	c_000000005423
S0R10761144/1 BH:changed:2	c_000000005423
S0R10761144/1 BH:changed:2	c_000000005423
S0R10757835/1 BH:changed:2	c_000000005423
S0R10757835/1 BH:changed:2	c_000000005423
S0R10776224/1 BH:changed:4	c_000000005423
S0R10785937/1 BH:changed:4	c_000000005423
S0R10785937/1 BH:changed:4	c_000000005423
S0R10781591/1 BH:changed:3	c_000000005423
S0R10804104/1 BH:changed:4	c_000000005423
S0R10804104/1 BH:changed:4	c_000000005423
S0R10843378/1 BH:changed:4	c_000000005423
S0R10843378/1 BH:changed:4	c_000000005423
S0R10846396/1 BH:changed:4	c_000000005423
S0R10846396/1 BH:changed:4	c_000000005423
S0R10863069/1 BH:changed:2	c_000000005423
S0R10863069/1 BH:changed:2	c_000000005423
S0R10868546/1 BH:changed:2	c_000000005423
S0R10868546/1 BH:changed:2	c_000000005423
S0R10871516/1 BH:changed:6	c_000000005423
S0R10871516/1 BH:changed:6	c_000000005423
S0R10856269/1 BH:changed:3	c_000000005423
S0R10856269/1 BH:changed:3	c_000000005423
S0R10883558/1 BH:changed:3	c_000000005423
S0R10883558/1 BH:changed:3	c_000000005423
S0R10890048/1 BH:ok	c_000000005423
S0R10890048/1 BH:ok	c_000000005423
S0R10898393/1 BH:changed:2	c_000000005423
S0R10898393/1 BH:changed:2	c_000000005423
S0R10911954/1 BH:changed:1	c_000000005423
S0R10911954/1 BH:changed:1	c_000000005423
S0R10912147/1 BH:changed:3	c_000000005423
S0R10912147/1 BH:changed:3	c_000000005423
S0R10934367/1 BH:changed:2	c_000000005423
S0R10934367/1 BH:changed:2	c_000000005423
S0R10937330/1 BH:ok	c_000000005423
S0R10937330/1 BH:ok	c_000000005423
S0R10944887/1 BH:changed:2	c_000000005423
S0R10944887/1 BH:changed:2	c_000000005423
S0R10955215/1 BH:changed:3	c_000000005423
S0R10955215/1 BH:changed:3	c_000000005423
S0R10974030/1 BH:changed:3	c_000000005423
S0R10966743/1 BH:ok	c_000000005423
S0R10966743/1 BH:ok	c_000000005423
S0R10981240/1 BH:changed:3	c_000000005423
S0R10981240/1 BH:changed:3	c_000000005423
S0R10992189/1 BH:changed:1	c_000000005423
S0R10992189/1 BH:changed:1	c_000000005423
S0R10988308/1 BH:changed:3	c_000000005423
S0R10988308/1 BH:changed:3	c_000000005423
S0R10984460/1 BH:changed:1	c_000000005423
S0R10984460/1 BH:changed:1	c_000000005423
S0R10994576/1 BH:changed:5	c_000000005423
S0R10994576/1 BH:changed:5	c_000000005423
S0R10980224/1 BH:changed:3	c_000000005423
S0R10980224/1 BH:changed:3	c_000000005423
S0R11001788/1 BH:changed:13	c_000000005423
S0R11001788/1 BH:changed:13	c_000000005423
S0R11003956/1 BH:changed:4	c_000000005423
S0R11003956/1 BH:changed:4	c_000000005423
S0R11022236/1 BH:ok	c_000000005423
S0R11022236/1 BH:ok	c_000000005423
S0R11019461/1 BH:changed:1	c_000000005423
S0R11019461/1 BH:changed:1	c_000000005423
S0R11037668/1 BH:ok	c_000000005423
S0R11037668/1 BH:ok	c_000000005423
S0R11038829/1 BH:changed:3	c_000000005423
S0R11038829/1 BH:changed:3	c_000000005423
S0R11038311/1 BH:changed:2	c_000000005423
S0R11038311/1 BH:changed:2	c_000000005423
S0R11044140/1 BH:changed:4	c_000000005423
S0R11044140/1 BH:changed:4	c_000000005423
S0R11043919/1 BH:changed:3	c_000000005423
S0R11043919/1 BH:changed:3	c_000000005423
S0R11047120/1 BH:changed:5	c_000000005423
S0R11047120/1 BH:changed:5	c_000000005423
S0R11066113/1 BH:changed:4	c_000000005423
S0R11066113/1 BH:changed:4	c_000000005423
S0R11067311/1 BH:changed:4	c_000000005423
S0R11067311/1 BH:changed:4	c_000000005423
S0R11066579/1 BH:changed:1	c_000000005423
S0R11066579/1 BH:changed:1	c_000000005423
S0R11097665/1 BH:changed:5	c_000000005423
S0R11097665/1 BH:changed:5	c_000000005423
S0R11105011/1 BH:changed:3	c_000000005423
S0R11105011/1 BH:changed:3	c_000000005423
S0R11107757/1 BH:changed:3	c_000000005423
S0R11107757/1 BH:changed:3	c_000000005423
S0R11122198/1 BH:changed:4	c_000000005423
S0R11122198/1 BH:changed:4	c_000000005423
S0R11126283/1 BH:changed:3	c_000000005423
S0R11126283/1 BH:changed:3	c_000000005423
S0R11125618/1 BH:changed:3	c_000000005423
S0R11125618/1 BH:changed:3	c_000000005423
S0R11143774/1 BH:changed:4	c_000000005423
S0R11143774/1 BH:changed:4	c_000000005423
S0R11146908/1 BH:changed:5	c_000000005423
S0R11146908/1 BH:changed:5	c_000000005423
S0R11151272/1 BH:failed	c_000000005423
S0R11151272/1 BH:failed	c_000000005423
S0R11142430/1 BH:changed:5	c_000000005423
S0R11142430/1 BH:changed:5	c_000000005423
S0R11171814/1 BH:changed:4	c_000000005423
S0R11171814/1 BH:changed:4	c_000000005423
S0R11172353/1 BH:changed:1	c_000000005423
S0R11172353/1 BH:changed:1	c_000000005423
S0R11155862/1 BH:changed:5	c_000000005423
S0R11155862/1 BH:changed:5	c_000000005423
S0R11161958/1 BH:changed:1	c_000000005423
S0R11161958/1 BH:changed:1	c_000000005423
S0R11180008/1 BH:changed:4	c_000000005423
S0R11180008/1 BH:changed:4	c_000000005423
S0R11159289/1 BH:changed:3	c_000000005423
S0R11159289/1 BH:changed:3	c_000000005423
S0R11171723/1 BH:changed:4	c_000000005423
S0R11171723/1 BH:changed:4	c_000000005423
S0R11192338/1 BH:changed:6	c_000000005423
S0R11192338/1 BH:changed:6	c_000000005423
S0R11200428/1 BH:changed:6	c_000000005423
S0R11200428/1 BH:changed:6	c_000000005423
S0R11198906/1 BH:changed:3	c_000000005423
S0R11198906/1 BH:changed:3	c_000000005423
S0R11194060/1 BH:changed:5	c_000000005423
S0R11194060/1 BH:changed:5	c_000000005423
S0R11206280/1 BH:changed:3	c_000000005423
S0R11206280/1 BH:changed:3	c_000000005423
S0R11232667/1 BH:changed:3	c_000000005423
S0R11232667/1 BH:changed:3	c_000000005423
S0R11217381/1 BH:ok	c_000000005423
S0R11217381/1 BH:ok	c_000000005423
S0R11236241/1 BH:changed:6	c_000000005423
S0R11236241/1 BH:changed:6	c_000000005423
S0R11247933/1 BH:ok	c_000000005423
S0R11247933/1 BH:ok	c_000000005423
S0R11224540/1 BH:changed:1	c_000000005423
S0R11224540/1 BH:changed:1	c_000000005423
S0R11253902/1 BH:changed:2	c_000000005423
S0R11253902/1 BH:changed:2	c_000000005423
S0R11243745/1 BH:changed:2	c_000000005423
S0R11243745/1 BH:changed:2	c_000000005423
S0R11270034/1 BH:changed:2	c_000000005423
S0R11270034/1 BH:changed:2	c_000000005423
S0R11285728/1 BH:changed:6	c_000000005423
S0R11285728/1 BH:changed:6	c_000000005423
S0R11288355/1 BH:changed:6	c_000000005423
S0R11288355/1 BH:changed:6	c_000000005423
S0R11290935/1 BH:changed:2	c_000000005423
S0R11290935/1 BH:changed:2	c_000000005423
S0R11307314/1 BH:changed:5	c_000000005423
S0R11307314/1 BH:changed:5	c_000000005423
S0R11315251/1 BH:changed:2	c_000000005423
S0R11315251/1 BH:changed:2	c_000000005423
S0R11314209/1 BH:changed:8	c_000000005423
S0R11314209/1 BH:changed:8	c_000000005423
S0R11330544/1 BH:changed:5	c_000000005423
S0R11330544/1 BH:changed:5	c_000000005423
S0R11350093/1 BH:changed:3	c_000000005423
S0R11350093/1 BH:changed:3	c_000000005423
S0R11352463/1 BH:changed:4	c_000000005423
S0R11352463/1 BH:changed:4	c_000000005423
S0R11359985/1 BH:changed:3	c_000000005423
S0R11359985/1 BH:changed:3	c_000000005423
S0R11375895/1 BH:changed:4	c_000000005423
S0R11375895/1 BH:changed:4	c_000000005423
S0R11364844/1 BH:changed:5	c_000000005423
S0R11364844/1 BH:changed:5	c_000000005423
S0R11362585/1 BH:ok	c_000000005423
S0R11362585/1 BH:ok	c_000000005423
S0R11383179/1 BH:changed:3	c_000000005423
S0R11383179/1 BH:changed:3	c_000000005423
S0R11368541/1 BH:changed:2	c_000000005423
S0R11368541/1 BH:changed:2	c_000000005423
S0R11388221/1 BH:changed:5	c_000000005423
S0R11388221/1 BH:changed:5	c_000000005423
S0R11388282/1 BH:changed:7	c_000000005423
S0R11388282/1 BH:changed:7	c_000000005423
S0R11388287/1 BH:changed:4	c_000000005423
S0R11388287/1 BH:changed:4	c_000000005423
S0R11395556/1 BH:changed:2	c_000000005423
S0R11395556/1 BH:changed:2	c_000000005423
S0R11382991/1 BH:changed:6	c_000000005423
S0R11382991/1 BH:changed:6	c_000000005423
S0R11410451/1 BH:changed:3	c_000000005423
S0R11410451/1 BH:changed:3	c_000000005423
S0R11408493/1 BH:changed:3	c_000000005423
S0R11408493/1 BH:changed:3	c_000000005423
S0R11410295/1 BH:changed:5	c_000000005423
S0R11410295/1 BH:changed:5	c_000000005423
S0R11418534/1 BH:changed:3	c_000000005423
S0R11418534/1 BH:changed:3	c_000000005423
S0R11422401/1 BH:changed:1	c_000000005423
S0R11422401/1 BH:changed:1	c_000000005423
S0R11429948/1 BH:changed:4	c_000000005423
S0R11429948/1 BH:changed:4	c_000000005423
S0R11426499/1 BH:changed:3	c_000000005423
S0R11426499/1 BH:changed:3	c_000000005423
S0R11433737/1 BH:changed:1	c_000000005423
S0R11433737/1 BH:changed:1	c_000000005423
S0R11455328/1 BH:changed:4	c_000000005423
S0R11455328/1 BH:changed:4	c_000000005423
S0R11444680/1 BH:changed:2	c_000000005423
S0R11458128/1 BH:changed:2	c_000000005423
S0R11458128/1 BH:changed:2	c_000000005423
S0R11464641/1 BH:changed:5	c_000000005423
S0R11464641/1 BH:changed:5	c_000000005423
S0R11446507/1 BH:changed:5	c_000000005423
S0R11446507/1 BH:changed:5	c_000000005423
S0R11454948/1 BH:changed:5	c_000000005423
S0R11454948/1 BH:changed:5	c_000000005423
S0R11459132/1 BH:changed:5	c_000000005423
S0R11459132/1 BH:changed:5	c_000000005423
S0R11472420/1 BH:changed:1	c_000000005423
S0R11472420/1 BH:changed:1	c_000000005423
S0R11482868/1 BH:changed:2	c_000000005423
S0R11482868/1 BH:changed:2	c_000000005423
S0R11491272/1 BH:changed:4	c_000000005423
S0R11491272/1 BH:changed:4	c_000000005423
S0R11492278/1 BH:changed:1	c_000000005423
S0R11492278/1 BH:changed:1	c_000000005423
S0R11488413/1 BH:changed:6	c_000000005423
S0R11488413/1 BH:changed:6	c_000000005423
S0R11496022/1 BH:changed:2	c_000000005423
S0R11496683/1 BH:changed:4	c_000000005423
S0R11496683/1 BH:changed:4	c_000000005423
S0R11502093/1 BH:changed:6	c_000000005423
S0R11502093/1 BH:changed:6	c_000000005423
S0R11505954/1 BH:changed:2	c_000000005423
S0R11505954/1 BH:changed:2	c_000000005423
S0R11513701/1 BH:changed:2	c_000000005423
S0R11513701/1 BH:changed:2	c_000000005423
S0R11519955/1 BH:changed:4	c_000000005423
S0R11519955/1 BH:changed:4	c_000000005423
S0R11529641/1 BH:changed:2	c_000000005423
S0R11529641/1 BH:changed:2	c_000000005423
S0R11536102/1 BH:changed:4	c_000000005423
S0R11536102/1 BH:changed:4	c_000000005423
S0R11545362/1 BH:changed:6	c_000000005423
S0R11545362/1 BH:changed:6	c_000000005423
S0R11543751/1 BH:changed:6	c_000000005423
S0R11543751/1 BH:changed:6	c_000000005423
S0R11550433/1 BH:changed:3	c_000000005423
S0R11550433/1 BH:changed:3	c_000000005423
S0R11538357/1 BH:changed:5	c_000000005423
S0R11538357/1 BH:changed:5	c_000000005423
S0R11543445/1 BH:ok	c_000000005423
S0R11543445/1 BH:ok	c_000000005423
S0R11546972/1 BH:changed:4	c_000000005423
S0R11546972/1 BH:changed:4	c_000000005423
S0R11535470/1 BH:changed:3	c_000000005423
S0R11535470/1 BH:changed:3	c_000000005423
S0R11527977/1 BH:ok	c_000000005423
S0R11527977/1 BH:ok	c_000000005423
S0R11558372/1 BH:changed:7	c_000000005423
S0R11558372/1 BH:changed:7	c_000000005423
S0R11566121/1 BH:changed:3	c_000000005423
S0R11566121/1 BH:changed:3	c_000000005423
S0R11570967/1 BH:changed:6	c_000000005423
S0R11570967/1 BH:changed:6	c_000000005423
S0R11577414/1 BH:changed:4	c_000000005423
S0R11577414/1 BH:changed:4	c_000000005423
S0R11579791/1 BH:changed:3	c_000000005423
S0R11579791/1 BH:changed:3	c_000000005423
S0R11567828/1 BH:changed:1	c_000000005423
S0R11567828/1 BH:changed:1	c_000000005423
S0R11582973/1 BH:changed:8	c_000000005423
S0R11582973/1 BH:changed:8	c_000000005423
S0R11570387/1 BH:changed:2	c_000000005423
S0R11570387/1 BH:changed:2	c_000000005423
S0R11575604/1 BH:changed:2	c_000000005423
S0R11575604/1 BH:changed:2	c_000000005423
S0R11583282/1 BH:changed:2	c_000000005423
S0R11583282/1 BH:changed:2	c_000000005423
S0R11589348/1 BH:changed:5	c_000000005423
S0R11589348/1 BH:changed:5	c_000000005423
S0R11586839/1 BH:changed:2	c_000000005423
S0R11586839/1 BH:changed:2	c_000000005423
S0R11607659/1 BH:changed:1	c_000000005423
S0R11607659/1 BH:changed:1	c_000000005423
S0R11602502/1 BH:changed:3	c_000000005423
S0R11602502/1 BH:changed:3	c_000000005423
S0R11626476/1 BH:changed:4	c_000000005423
S0R11626476/1 BH:changed:4	c_000000005423
S0R11634415/1 BH:changed:5	c_000000005423
S0R11634415/1 BH:changed:5	c_000000005423
S0R11636471/1 BH:changed:4	c_000000005423
S0R11636471/1 BH:changed:4	c_000000005423
S0R11649416/1 BH:changed:5	c_000000005423
S0R11649549/1 BH:changed:4	c_000000005423
S0R11649549/1 BH:changed:4	c_000000005423
S0R11652341/1 BH:changed:4	c_000000005423
S0R11652341/1 BH:changed:4	c_000000005423
S0R11656708/1 BH:changed:3	c_000000005423
S0R11656708/1 BH:changed:3	c_000000005423
S0R11669557/1 BH:changed:2	c_000000005423
S0R11669557/1 BH:changed:2	c_000000005423
S0R11681881/1 BH:changed:5	c_000000005423
S0R11681881/1 BH:changed:5	c_000000005423
S0R11675325/1 BH:changed:5	c_000000005423
S0R11675414/1 BH:changed:4	c_000000005423
S0R11675414/1 BH:changed:4	c_000000005423
S0R11685556/1 BH:changed:2	c_000000005423
S0R11685556/1 BH:changed:2	c_000000005423
S0R11690409/1 BH:changed:2	c_000000005423
S0R11690409/1 BH:changed:2	c_000000005423
S0R11670446/1 BH:changed:5	c_000000005423
S0R11670446/1 BH:changed:5	c_000000005423
S0R11674791/1 BH:changed:3	c_000000005423
S0R11674791/1 BH:changed:3	c_000000005423
S0R11686776/1 BH:changed:2	c_000000005423
S0R11686776/1 BH:changed:2	c_000000005423
S0R11703922/1 BH:changed:5	c_000000005423
S0R11703922/1 BH:changed:5	c_000000005423
S0R11710159/1 BH:changed:2	c_000000005423
S0R11710159/1 BH:changed:2	c_000000005423
S0R11716311/1 BH:changed:4	c_000000005423
S0R11716311/1 BH:changed:4	c_000000005423
S0R11708253/1 BH:changed:6	c_000000005423
S0R11708253/1 BH:changed:6	c_000000005423
S0R11714403/1 BH:changed:3	c_000000005423
S0R11714403/1 BH:changed:3	c_000000005423
S0R11719935/1 BH:changed:2	c_000000005423
S0R11719935/1 BH:changed:2	c_000000005423
S0R11722611/1 BH:changed:3	c_000000005423
S0R11722611/1 BH:changed:3	c_000000005423
S0R11728239/1 BH:changed:5	c_000000005423
S0R11728239/1 BH:changed:5	c_000000005423
S0R11725232/1 BH:changed:8	c_000000005423
S0R11725232/1 BH:changed:8	c_000000005423
S0R11751195/1 BH:changed:2	c_000000005423
S0R11751195/1 BH:changed:2	c_000000005423
S0R11747224/1 BH:changed:2	c_000000005423
S0R11765164/1 BH:changed:1	c_000000005423
S0R11765164/1 BH:changed:1	c_000000005423
S0R11793793/1 BH:changed:6	c_000000005423
S0R11793793/1 BH:changed:6	c_000000005423
S0R11810153/1 BH:changed:5	c_000000005423
S0R11810153/1 BH:changed:5	c_000000005423
S0R11806765/1 BH:changed:5	c_000000005423
S0R11806765/1 BH:changed:5	c_000000005423
S0R11803714/1 BH:changed:2	c_000000005423
S0R11803714/1 BH:changed:2	c_000000005423
S0R11812286/1 BH:changed:5	c_000000005423
S0R11812286/1 BH:changed:5	c_000000005423
S0R11827717/1 BH:changed:3	c_000000005423
S0R11827717/1 BH:changed:3	c_000000005423
S0R11819604/1 BH:changed:9	c_000000005423
S0R11819604/1 BH:changed:9	c_000000005423
S0R11834693/1 BH:ok	c_000000005423
S0R11834693/1 BH:ok	c_000000005423
S0R11846666/1 BH:changed:1	c_000000005423
S0R11846666/1 BH:changed:1	c_000000005423
S0R11849138/1 BH:changed:5	c_000000005423
S0R11849138/1 BH:changed:5	c_000000005423
S0R11806207/1 BH:changed:4	c_000000005423
S0R11806207/1 BH:changed:4	c_000000005423
S0R11852435/1 BH:changed:3	c_000000005423
S0R11852435/1 BH:changed:3	c_000000005423
S0R11850074/1 BH:changed:4	c_000000005423
S0R11850074/1 BH:changed:4	c_000000005423
S0R11851181/1 BH:changed:2	c_000000005423
S0R11851181/1 BH:changed:2	c_000000005423
S0R11853584/1 BH:changed:3	c_000000005423
S0R11853584/1 BH:changed:3	c_000000005423
S0R11859657/1 BH:changed:3	c_000000005423
S0R11859657/1 BH:changed:3	c_000000005423
S0R11867860/1 BH:changed:3	c_000000005423
S0R11867860/1 BH:changed:3	c_000000005423
S0R11880751/1 BH:changed:5	c_000000005423
S0R11879563/1 BH:changed:4	c_000000005423
S0R11879563/1 BH:changed:4	c_000000005423
S0R11886049/1 BH:changed:2	c_000000005423
S0R11886049/1 BH:changed:2	c_000000005423
S0R11891736/1 BH:changed:2	c_000000005423
S0R11891736/1 BH:changed:2	c_000000005423
S0R11901280/1 BH:changed:1	c_000000005423
S0R11901280/1 BH:changed:1	c_000000005423
S0R11892321/1 BH:changed:5	c_000000005423
S0R11892321/1 BH:changed:5	c_000000005423
S0R11895843/1 BH:changed:4	c_000000005423
S0R11895843/1 BH:changed:4	c_000000005423
S0R11926972/1 BH:changed:4	c_000000005423
S0R11926972/1 BH:changed:4	c_000000005423
S0R11923239/1 BH:changed:3	c_000000005423
S0R11923239/1 BH:changed:3	c_000000005423
S0R11929358/1 BH:changed:4	c_000000005423
S0R11929358/1 BH:changed:4	c_000000005423
S0R11928079/1 BH:changed:4	c_000000005423
S0R11928079/1 BH:changed:4	c_000000005423
S0R11929620/1 BH:changed:3	c_000000005423
S0R11929620/1 BH:changed:3	c_000000005423
S0R11934869/1 BH:changed:6	c_000000005423
S0R11934869/1 BH:changed:6	c_000000005423
S0R11941737/1 BH:changed:4	c_000000005423
S0R11941737/1 BH:changed:4	c_000000005423
S0R11967614/1 BH:changed:2	c_000000005423
S0R11967614/1 BH:changed:2	c_000000005423
S0R11969522/1 BH:changed:1	c_000000005423
S0R11969522/1 BH:changed:1	c_000000005423
S0R11958752/1 BH:changed:2	c_000000005423
S0R11958752/1 BH:changed:2	c_000000005423
S0R11954494/1 BH:changed:2	c_000000005423
S0R11954494/1 BH:changed:2	c_000000005423
S0R11975039/1 BH:changed:4	c_000000005423
S0R11975039/1 BH:changed:4	c_000000005423
S0R11961082/1 BH:changed:4	c_000000005423
S0R11961082/1 BH:changed:4	c_000000005423
S0R11972765/1 BH:changed:3	c_000000005423
S0R11972765/1 BH:changed:3	c_000000005423
S0R11998185/1 BH:changed:1	c_000000005423
S0R11998185/1 BH:changed:1	c_000000005423
S0R12004461/1 BH:changed:1	c_000000005423
S0R12004461/1 BH:changed:1	c_000000005423
S0R12019805/1 BH:changed:1	c_000000005423
S0R12019805/1 BH:changed:1	c_000000005423
S0R12033406/1 BH:changed:2	c_000000005423
S0R12033406/1 BH:changed:2	c_000000005423
S0R12024735/1 BH:changed:4	c_000000005423
S0R12024735/1 BH:changed:4	c_000000005423
S0R12052022/1 BH:changed:2	c_000000005423
S0R12052022/1 BH:changed:2	c_000000005423
S0R12026357/1 BH:changed:4	c_000000005423
S0R12026357/1 BH:changed:4	c_000000005423
S0R12056499/1 BH:failed	c_000000005423
S0R12056499/1 BH:failed	c_000000005423
S0R12050901/1 BH:changed:3	c_000000005423
S0R12050901/1 BH:changed:3	c_000000005423
S0R12061664/1 BH:changed:4	c_000000005423
S0R12061664/1 BH:changed:4	c_000000005423
S0R12089407/1 BH:changed:4	c_000000005423
S0R12089407/1 BH:changed:4	c_000000005423
S0R12089961/1 BH:changed:3	c_000000005423
S0R12089961/1 BH:changed:3	c_000000005423
S0R12096719/1 BH:changed:1	c_000000005423
S0R12096719/1 BH:changed:1	c_000000005423
S0R12103752/1 BH:changed:4	c_000000005423
S0R12103752/1 BH:changed:4	c_000000005423
S0R12103604/1 BH:changed:3	c_000000005423
S0R12108350/1 BH:changed:2	c_000000005423
S0R12108350/1 BH:changed:2	c_000000005423
S0R12111766/1 BH:changed:3	c_000000005423
S0R12111766/1 BH:changed:3	c_000000005423
S0R12112061/1 BH:changed:4	c_000000005423
S0R12112061/1 BH:changed:4	c_000000005423
S0R12122992/1 BH:changed:4	c_000000005423
S0R12122992/1 BH:changed:4	c_000000005423
S0R12108960/1 BH:changed:1	c_000000005423
S0R12108960/1 BH:changed:1	c_000000005423
S0R12120652/1 BH:changed:2	c_000000005423
S0R12120652/1 BH:changed:2	c_000000005423
S0R12134115/1 BH:changed:5	c_000000005423
S0R12134115/1 BH:changed:5	c_000000005423
S0R12143938/1 BH:changed:3	c_000000005423
S0R12143938/1 BH:changed:3	c_000000005423
S0R12156772/1 BH:changed:2	c_000000005423
S0R12156772/1 BH:changed:2	c_000000005423
S0R12150944/1 BH:changed:5	c_000000005423
S0R12150944/1 BH:changed:5	c_000000005423
S0R12146734/1 BH:changed:6	c_000000005423
S0R12146734/1 BH:changed:6	c_000000005423
S0R12151089/1 BH:changed:2	c_000000005423
S0R12151089/1 BH:changed:2	c_000000005423
S0R12167780/1 BH:changed:1	c_000000005423
S0R12167780/1 BH:changed:1	c_000000005423
S0R12172887/1 BH:changed:3	c_000000005423
S0R12172887/1 BH:changed:3	c_000000005423
S0R12163088/1 BH:changed:5	c_000000005423
S0R12163088/1 BH:changed:5	c_000000005423
S0R12155184/1 BH:changed:8	c_000000005423
S0R12155184/1 BH:changed:8	c_000000005423
S0R12167848/1 BH:changed:3	c_000000005423
S0R12167848/1 BH:changed:3	c_000000005423
S0R12182052/1 BH:changed:4	c_000000005423
S0R12182052/1 BH:changed:4	c_000000005423
S0R12202438/1 BH:changed:8	c_000000005423
S0R12202438/1 BH:changed:8	c_000000005423
S0R12209741/1 BH:changed:2	c_000000005423
S0R12209741/1 BH:changed:2	c_000000005423
S0R12206993/1 BH:changed:9	c_000000005423
S0R12206993/1 BH:changed:9	c_000000005423
S0R12213079/1 BH:changed:1	c_000000005423
S0R12213079/1 BH:changed:1	c_000000005423
S0R12223914/1 BH:changed:2	c_000000005423
S0R12223914/1 BH:changed:2	c_000000005423
S0R12222748/1 BH:changed:4	c_000000005423
S0R12222748/1 BH:changed:4	c_000000005423
S0R12229514/1 BH:changed:6	c_000000005423
S0R12229514/1 BH:changed:6	c_000000005423
S0R12233340/1 BH:changed:4	c_000000005423
S0R12233340/1 BH:changed:4	c_000000005423
S0R12230065/1 BH:changed:2	c_000000005423
S0R12230065/1 BH:changed:2	c_000000005423
S0R12233940/1 BH:changed:2	c_000000005423
S0R12233940/1 BH:changed:2	c_000000005423
S0R12232290/1 BH:changed:3	c_000000005423
S0R12247517/1 BH:changed:2	c_000000005423
S0R12247517/1 BH:changed:2	c_000000005423
S0R12253776/1 BH:changed:1	c_000000005423
S0R12253776/1 BH:changed:1	c_000000005423
S0R12257955/1 BH:changed:3	c_000000005423
S0R12257955/1 BH:changed:3	c_000000005423
S0R12238425/1 BH:changed:6	c_000000005423
S0R12238425/1 BH:changed:6	c_000000005423
S0R12262132/1 BH:failed	c_000000005423
S0R12262132/1 BH:failed	c_000000005423
S0R12280286/1 BH:changed:4	c_000000005423
S0R12280286/1 BH:changed:4	c_000000005423
S0R12285139/1 BH:changed:2	c_000000005423
S0R12285139/1 BH:changed:2	c_000000005423
S0R12280066/1 BH:changed:2	c_000000005423
S0R12280066/1 BH:changed:2	c_000000005423
S0R12296204/1 BH:changed:4	c_000000005423
S0R12296204/1 BH:changed:4	c_000000005423
S0R12278596/1 BH:ok	c_000000005423
S0R12278596/1 BH:ok	c_000000005423
S0R12307799/1 BH:changed:2	c_000000005423
S0R12307799/1 BH:changed:2	c_000000005423
S0R12318232/1 BH:changed:2	c_000000005423
S0R12318232/1 BH:changed:2	c_000000005423
S0R12319600/1 BH:changed:5	c_000000005423
S0R12319600/1 BH:changed:5	c_000000005423
S0R12309014/1 BH:changed:4	c_000000005423
S0R12309014/1 BH:changed:4	c_000000005423
S0R12322846/1 BH:changed:3	c_000000005423
S0R12322846/1 BH:changed:3	c_000000005423
S0R12308212/1 BH:changed:2	c_000000005423
S0R12308212/1 BH:changed:2	c_000000005423
S0R12326737/1 BH:changed:4	c_000000005423
S0R12326737/1 BH:changed:4	c_000000005423
S0R12348764/1 BH:changed:2	c_000000005423
S0R12348764/1 BH:changed:2	c_000000005423
S0R12358077/1 BH:changed:4	c_000000005423
S0R12358077/1 BH:changed:4	c_000000005423
S0R12367062/1 BH:changed:2	c_000000005423
S0R12367062/1 BH:changed:2	c_000000005423
S0R12373192/1 BH:changed:6	c_000000005423
S0R12373192/1 BH:changed:6	c_000000005423
S0R12359492/1 BH:changed:5	c_000000005423
S0R12359492/1 BH:changed:5	c_000000005423
S0R12382938/1 BH:changed:3	c_000000005423
S0R12382938/1 BH:changed:3	c_000000005423
S0R12371030/1 BH:changed:3	c_000000005423
S0R12371030/1 BH:changed:3	c_000000005423
S0R12371294/1 BH:changed:4	c_000000005423
S0R12371294/1 BH:changed:4	c_000000005423
S0R12388109/1 BH:changed:5	c_000000005423
S0R12388109/1 BH:changed:5	c_000000005423
S0R12402526/1 BH:ok	c_000000005423
S0R12402526/1 BH:ok	c_000000005423
S0R12399258/1 BH:changed:2	c_000000005423
S0R12399258/1 BH:changed:2	c_000000005423
S0R12422381/1 BH:changed:2	c_000000005423
S0R12422381/1 BH:changed:2	c_000000005423
S0R12431183/1 BH:changed:3	c_000000005423
S0R12431183/1 BH:changed:3	c_000000005423
S0R12433531/1 BH:changed:2	c_000000005423
S0R12433531/1 BH:changed:2	c_000000005423
S0R12449484/1 BH:changed:2	c_000000005423
S0R12449484/1 BH:changed:2	c_000000005423
S0R12458467/1 BH:changed:4	c_000000005423
S0R12458467/1 BH:changed:4	c_000000005423
S0R12475445/1 BH:changed:2	c_000000005423
S0R12475445/1 BH:changed:2	c_000000005423
S0R12488595/1 BH:changed:4	c_000000005423
S0R12488595/1 BH:changed:4	c_000000005423
S0R12504153/1 BH:changed:4	c_000000005423
S0R12504153/1 BH:changed:4	c_000000005423
S0R12540093/1 BH:changed:3	c_000000005423
S0R12540093/1 BH:changed:3	c_000000005423
S0R12588813/1 BH:changed:2	c_000000005423
S0R12588813/1 BH:changed:2	c_000000005423
S0R12585206/1 BH:changed:3	c_000000005423
S0R12585206/1 BH:changed:3	c_000000005423
S0R12597308/1 BH:changed:3	c_000000005423
S0R12597308/1 BH:changed:3	c_000000005423
S0R12605797/1 BH:changed:2	c_000000005423
S0R12605797/1 BH:changed:2	c_000000005423
S0R12599481/1 BH:changed:5	c_000000005423
S0R12599481/1 BH:changed:5	c_000000005423
S0R12609337/1 BH:changed:4	c_000000005423
S0R12609337/1 BH:changed:4	c_000000005423
S0R12608430/1 BH:changed:2	c_000000005423
S0R12608430/1 BH:changed:2	c_000000005423
S0R12615852/1 BH:changed:1	c_000000005423
S0R12615852/1 BH:changed:1	c_000000005423
S0R12630926/1 BH:changed:3	c_000000005423
S0R12630926/1 BH:changed:3	c_000000005423
S0R12640911/1 BH:changed:1	c_000000005423
S0R12640911/1 BH:changed:1	c_000000005423
S0R12641580/1 BH:changed:3	c_000000005423
S0R12641580/1 BH:changed:3	c_000000005423
S0R12641458/1 BH:changed:4	c_000000005423
S0R12641458/1 BH:changed:4	c_000000005423
S0R12640583/1 BH:ok	c_000000005423
S0R12640583/1 BH:ok	c_000000005423
S0R12650555/1 BH:changed:5	c_000000005423
S0R12650555/1 BH:changed:5	c_000000005423
S0R12666947/1 BH:changed:3	c_000000005423
S0R12666947/1 BH:changed:3	c_000000005423
S0R12668560/1 BH:changed:1	c_000000005423
S0R12668560/1 BH:changed:1	c_000000005423
S0R12667699/1 BH:changed:2	c_000000005423
S0R12667699/1 BH:changed:2	c_000000005423
S0R12694510/1 BH:changed:3	c_000000005423
S0R12694510/1 BH:changed:3	c_000000005423
S0R12694254/1 BH:changed:3	c_000000005423
S0R12694254/1 BH:changed:3	c_000000005423
S0R12694517/1 BH:changed:2	c_000000005423
S0R12694517/1 BH:changed:2	c_000000005423
S0R12710481/1 BH:changed:7	c_000000005423
S0R12710481/1 BH:changed:7	c_000000005423
S0R12721225/1 BH:ok	c_000000005423
S0R12721225/1 BH:ok	c_000000005423
S0R12736739/1 BH:changed:6	c_000000005423
S0R12736739/1 BH:changed:6	c_000000005423
S0R12756376/1 BH:changed:5	c_000000005423
S0R12756376/1 BH:changed:5	c_000000005423
S0R12765290/1 BH:failed	c_000000005423
S0R12765290/1 BH:failed	c_000000005423
S0R12778973/1 BH:changed:8	c_000000005423
S0R12778973/1 BH:changed:8	c_000000005423
S0R12773107/1 BH:changed:2	c_000000005423
S0R12773107/1 BH:changed:2	c_000000005423
S0R12783711/1 BH:changed:3	c_000000005423
S0R12784033/1 BH:changed:4	c_000000005423
S0R12784033/1 BH:changed:4	c_000000005423
S0R12787426/1 BH:changed:4	c_000000005423
S0R12787426/1 BH:changed:4	c_000000005423
S0R12809810/1 BH:changed:6	c_000000005423
S0R12809810/1 BH:changed:6	c_000000005423
S0R12822270/1 BH:changed:2	c_000000005423
S0R12822270/1 BH:changed:2	c_000000005423
S0R12825720/1 BH:changed:6	c_000000005423
S0R12825720/1 BH:changed:6	c_000000005423
S0R12821796/1 BH:failed	c_000000005423
S0R12821796/1 BH:failed	c_000000005423
S0R12821109/1 BH:changed:3	c_000000005423
S0R12821109/1 BH:changed:3	c_000000005423
S0R12836698/1 BH:changed:2	c_000000005423
S0R12828016/1 BH:changed:3	c_000000005423
S0R12828016/1 BH:changed:3	c_000000005423
S0R12859997/1 BH:changed:1	c_000000005423
S0R12859997/1 BH:changed:1	c_000000005423
S0R12858359/1 BH:ok	c_000000005423
S0R12858359/1 BH:ok	c_000000005423
S0R12876749/1 BH:changed:5	c_000000005423
S0R12876749/1 BH:changed:5	c_000000005423
S0R12872685/1 BH:changed:6	c_000000005423
S0R12872685/1 BH:changed:6	c_000000005423
S0R12872694/1 BH:changed:1	c_000000005423
S0R12872694/1 BH:changed:1	c_000000005423
S0R12885668/1 BH:changed:4	c_000000005423
S0R12885668/1 BH:changed:4	c_000000005423
S0R12905611/1 BH:changed:4	c_000000005423
S0R12905611/1 BH:changed:4	c_000000005423
S0R12912046/1 BH:changed:4	c_000000005423
S0R12912046/1 BH:changed:4	c_000000005423
S0R12911805/1 BH:changed:2	c_000000005423
S0R12911805/1 BH:changed:2	c_000000005423
S0R12907691/1 BH:changed:4	c_000000005423
S0R12907691/1 BH:changed:4	c_000000005423
S0R12921220/1 BH:changed:1	c_000000005423
S0R12921220/1 BH:changed:1	c_000000005423
S0R12922151/1 BH:changed:3	c_000000005423
S0R12922151/1 BH:changed:3	c_000000005423
S0R12925612/1 BH:changed:4	c_000000005423
S0R12958478/1 BH:ok	c_000000005423
S0R12958478/1 BH:ok	c_000000005423
S0R12959240/1 BH:changed:1	c_000000005423
S0R12959240/1 BH:changed:1	c_000000005423
S0R12942172/1 BH:changed:3	c_000000005423
S0R12937389/1 BH:changed:4	c_000000005423
S0R12937389/1 BH:changed:4	c_000000005423
S0R12978293/1 BH:changed:1	c_000000005423
S0R12971725/1 BH:changed:4	c_000000005423
S0R12971725/1 BH:changed:4	c_000000005423
S0R12972417/1 BH:changed:2	c_000000005423
S0R12972417/1 BH:changed:2	c_000000005423
S0R13013656/1 BH:changed:3	c_000000005423
S0R13013656/1 BH:changed:3	c_000000005423
S0R13013673/1 BH:changed:1	c_000000005423
S0R13013673/1 BH:changed:1	c_000000005423
S0R13030381/1 BH:changed:5	c_000000005423
S0R13030381/1 BH:changed:5	c_000000005423
S0R13038034/1 BH:changed:1	c_000000005423
S0R13038034/1 BH:changed:1	c_000000005423
S0R13057151/1 BH:changed:1	c_000000005423
S0R13057151/1 BH:changed:1	c_000000005423
S0R13081121/1 BH:changed:4	c_000000005423
S0R13081121/1 BH:changed:4	c_000000005423
S0R13086426/1 BH:changed:5	c_000000005423
S0R13086426/1 BH:changed:5	c_000000005423
S0R13075148/1 BH:changed:3	c_000000005423
S0R13075148/1 BH:changed:3	c_000000005423
S0R13078502/1 BH:changed:2	c_000000005423
S0R13078502/1 BH:changed:2	c_000000005423
S0R13084054/1 BH:changed:4	c_000000005423
S0R13084054/1 BH:changed:4	c_000000005423
S0R13085487/1 BH:changed:5	c_000000005423
S0R13085487/1 BH:changed:5	c_000000005423
S0R13104823/1 BH:changed:4	c_000000005423
S0R13104823/1 BH:changed:4	c_000000005423
S0R13106101/1 BH:changed:2	c_000000005423
S0R13106101/1 BH:changed:2	c_000000005423
S0R13100150/1 BH:changed:8	c_000000005423
S0R13100150/1 BH:changed:8	c_000000005423
S0R13120490/1 BH:changed:9	c_000000005423
S0R13120490/1 BH:changed:9	c_000000005423
S0R13125713/1 BH:changed:3	c_000000005423
S0R13125713/1 BH:changed:3	c_000000005423
S0R13135144/1 BH:changed:3	c_000000005423
S0R13135144/1 BH:changed:3	c_000000005423
S0R13121994/1 BH:changed:1	c_000000005423
S0R13121994/1 BH:changed:1	c_000000005423
S0R13125614/1 BH:changed:4	c_000000005423
S0R13125614/1 BH:changed:4	c_000000005423
S0R13129145/1 BH:changed:2	c_000000005423
S0R13129145/1 BH:changed:2	c_000000005423
S0R13138742/1 BH:changed:3	c_000000005423
S0R13138742/1 BH:changed:3	c_000000005423
S0R13137693/1 BH:changed:5	c_000000005423
S0R13137693/1 BH:changed:5	c_000000005423
S0R13156195/1 BH:changed:5	c_000000005423
S0R13156195/1 BH:changed:5	c_000000005423
S0R13164320/1 BH:changed:5	c_000000005423
S0R13164320/1 BH:changed:5	c_000000005423
S0R13156289/1 BH:changed:3	c_000000005423
S0R13156289/1 BH:changed:3	c_000000005423
S0R13167748/1 BH:changed:5	c_000000005423
S0R13167748/1 BH:changed:5	c_000000005423
S0R13186352/1 BH:changed:3	c_000000005423
S0R13186352/1 BH:changed:3	c_000000005423
S0R13205904/1 BH:changed:4	c_000000005423
S0R13205904/1 BH:changed:4	c_000000005423
S0R13218395/1 BH:changed:2	c_000000005423
S0R13218395/1 BH:changed:2	c_000000005423
S0R13226216/1 BH:changed:4	c_000000005423
S0R13226216/1 BH:changed:4	c_000000005423
S0R13220978/1 BH:changed:6	c_000000005423
S0R13220978/1 BH:changed:6	c_000000005423
S0R13231592/1 BH:changed:4	c_000000005423
S0R13231592/1 BH:changed:4	c_000000005423
S0R13230928/1 BH:changed:5	c_000000005423
S0R13230928/1 BH:changed:5	c_000000005423
S0R13237340/1 BH:changed:1	c_000000005423
S0R13237340/1 BH:changed:1	c_000000005423
S0R13243648/1 BH:changed:3	c_000000005423
S0R13243648/1 BH:changed:3	c_000000005423
S0R13237024/1 BH:changed:6	c_000000005423
S0R13237024/1 BH:changed:6	c_000000005423
S0R13259343/1 BH:changed:1	c_000000005423
S0R13259343/1 BH:changed:1	c_000000005423
S0R13259830/1 BH:changed:3	c_000000005423
S0R13259830/1 BH:changed:3	c_000000005423
S0R13287149/1 BH:changed:1	c_000000005423
S0R13287149/1 BH:changed:1	c_000000005423
S0R13276473/1 BH:changed:8	c_000000005423
S0R13276473/1 BH:changed:8	c_000000005423
S0R13288668/1 BH:changed:5	c_000000005423
S0R13288668/1 BH:changed:5	c_000000005423
S0R13315806/1 BH:changed:5	c_000000005423
S0R13315806/1 BH:changed:5	c_000000005423
S0R13319331/1 BH:changed:4	c_000000005423
S0R13319331/1 BH:changed:4	c_000000005423
S0R13312659/1 BH:changed:3	c_000000005423
S0R13312659/1 BH:changed:3	c_000000005423
S0R13327580/1 BH:changed:1	c_000000005423
S0R13327580/1 BH:changed:1	c_000000005423
S0R13329314/1 BH:changed:3	c_000000005423
S0R13329314/1 BH:changed:3	c_000000005423
S0R13343469/1 BH:changed:1	c_000000005423
S0R13345088/1 BH:changed:5	c_000000005423
S0R13345088/1 BH:changed:5	c_000000005423
S0R13355445/1 BH:changed:2	c_000000005423
S0R13380192/1 BH:changed:4	c_000000005423
S0R13380192/1 BH:changed:4	c_000000005423
S0R13388810/1 BH:changed:2	c_000000005423
S0R13388810/1 BH:changed:2	c_000000005423
S0R13396959/1 BH:changed:3	c_000000005423
S0R13396959/1 BH:changed:3	c_000000005423
S0R13384296/1 BH:changed:7	c_000000005423
S0R13384296/1 BH:changed:7	c_000000005423
S0R13391877/1 BH:failed	c_000000005423
S0R13391877/1 BH:failed	c_000000005423
S0R13385626/1 BH:changed:3	c_000000005423
S0R13385626/1 BH:changed:3	c_000000005423
S0R13390574/1 BH:changed:5	c_000000005423
S0R13390574/1 BH:changed:5	c_000000005423
S0R13402232/1 BH:changed:8	c_000000005423
S0R13402232/1 BH:changed:8	c_000000005423
S0R13398192/1 BH:changed:5	c_000000005423
S0R13398192/1 BH:changed:5	c_000000005423
S0R13428499/1 BH:changed:4	c_000000005423
S0R13428499/1 BH:changed:4	c_000000005423
S0R13432772/1 BH:changed:2	c_000000005423
S0R13432772/1 BH:changed:2	c_000000005423
S0R13438515/1 BH:changed:1	c_000000005423
S0R13438515/1 BH:changed:1	c_000000005423
S0R13444211/1 BH:changed:4	c_000000005423
S0R13444211/1 BH:changed:4	c_000000005423
S0R13457044/1 BH:changed:1	c_000000005423
S0R13457044/1 BH:changed:1	c_000000005423
S0R13458035/1 BH:changed:2	c_000000005423
S0R13458035/1 BH:changed:2	c_000000005423
S0R13481579/1 BH:changed:2	c_000000005423
S0R13481579/1 BH:changed:2	c_000000005423
S0R13483791/1 BH:changed:1	c_000000005423
S0R13483791/1 BH:changed:1	c_000000005423
S0R13499660/1 BH:ok	c_000000005423
S0R13499660/1 BH:ok	c_000000005423
S0R13512733/1 BH:changed:1	c_000000005423
S0R13512733/1 BH:changed:1	c_000000005423
S0R13523581/1 BH:changed:4	c_000000005423
S0R13535731/1 BH:changed:2	c_000000005423
S0R13535731/1 BH:changed:2	c_000000005423
S0R13538281/1 BH:changed:3	c_000000005423
S0R13538281/1 BH:changed:3	c_000000005423
S0R13527343/1 BH:changed:4	c_000000005423
S0R13552398/1 BH:changed:3	c_000000005423
S0R13552398/1 BH:changed:3	c_000000005423
S0R13576696/1 BH:changed:4	c_000000005423
S0R13576696/1 BH:changed:4	c_000000005423
S0R13600628/1 BH:changed:1	c_000000005423
S0R13600628/1 BH:changed:1	c_000000005423
S0R13588711/1 BH:changed:2	c_000000005423
S0R13588711/1 BH:changed:2	c_000000005423
S0R13577992/1 BH:changed:1	c_000000005423
S0R13577992/1 BH:changed:1	c_000000005423
S0R13603611/1 BH:changed:3	c_000000005423
S0R13603611/1 BH:changed:3	c_000000005423
S0R13600972/1 BH:changed:6	c_000000005423
S0R13619504/1 BH:changed:5	c_000000005423
S0R13619504/1 BH:changed:5	c_000000005423
S0R13616727/1 BH:changed:2	c_000000005423
S0R13616727/1 BH:changed:2	c_000000005423
S0R13633472/1 BH:changed:6	c_000000005423
S0R13633472/1 BH:changed:6	c_000000005423
S0R13625647/1 BH:changed:2	c_000000005423
S0R13625647/1 BH:changed:2	c_000000005423
S0R13632815/1 BH:changed:3	c_000000005423
S0R13632815/1 BH:changed:3	c_000000005423
S0R13651962/1 BH:changed:2	c_000000005423
S0R13651962/1 BH:changed:2	c_000000005423
S0R13649702/1 BH:changed:3	c_000000005423
S0R13649702/1 BH:changed:3	c_000000005423
S0R13668780/1 BH:changed:3	c_000000005423
S0R13668780/1 BH:changed:3	c_000000005423
S0R13663990/1 BH:changed:1	c_000000005423
S0R13663990/1 BH:changed:1	c_000000005423
S0R13661598/1 BH:changed:7	c_000000005423
S0R13661598/1 BH:changed:7	c_000000005423
S0R13667599/1 BH:changed:3	c_000000005423
S0R13667599/1 BH:changed:3	c_000000005423
S0R13677997/1 BH:changed:3	c_000000005423
S0R13677997/1 BH:changed:3	c_000000005423
S0R13675460/1 BH:changed:7	c_000000005423
S0R13675460/1 BH:changed:7	c_000000005423
S0R13718396/1 BH:changed:4	c_000000005423
S0R13718396/1 BH:changed:4	c_000000005423
S0R13717515/1 BH:changed:4	c_000000005423
S0R13717515/1 BH:changed:4	c_000000005423
S0R13732275/1 BH:changed:3	c_000000005423
S0R13732275/1 BH:changed:3	c_000000005423
S0R13740687/1 BH:ok	c_000000005423
S0R13740687/1 BH:ok	c_000000005423
S0R13761230/1 BH:changed:3	c_000000005423
S0R13761230/1 BH:changed:3	c_000000005423
S0R13769240/1 BH:changed:5	c_000000005423
S0R13769240/1 BH:changed:5	c_000000005423
S0R13768994/1 BH:changed:2	c_000000005423
S0R13768994/1 BH:changed:2	c_000000005423
S0R13786502/1 BH:changed:3	c_000000005423
S0R13786502/1 BH:changed:3	c_000000005423
S0R13782023/1 BH:changed:2	c_000000005423
S0R13782023/1 BH:changed:2	c_000000005423
S0R13782850/1 BH:changed:4	c_000000005423
S0R13782850/1 BH:changed:4	c_000000005423
S0R13815600/1 BH:changed:3	c_000000005423
S0R13815600/1 BH:changed:3	c_000000005423
S0R13816178/1 BH:ok	c_000000005423
S0R13816178/1 BH:ok	c_000000005423
S0R13819974/1 BH:changed:3	c_000000005423
S0R13819974/1 BH:changed:3	c_000000005423
S0R13828173/1 BH:changed:5	c_000000005423
S0R13828173/1 BH:changed:5	c_000000005423
S0R13825322/1 BH:changed:2	c_000000005423
S0R13825322/1 BH:changed:2	c_000000005423
S0R13836423/1 BH:changed:3	c_000000005423
S0R13837162/1 BH:changed:7	c_000000005423
S0R13837162/1 BH:changed:7	c_000000005423
S0R13843537/1 BH:changed:4	c_000000005423
S0R13843537/1 BH:changed:4	c_000000005423
S0R13826950/1 BH:changed:4	c_000000005423
S0R13826950/1 BH:changed:4	c_000000005423
S0R13858719/1 BH:changed:2	c_000000005423
S0R13858719/1 BH:changed:2	c_000000005423
S0R13876360/1 BH:changed:6	c_000000005423
S0R13876360/1 BH:changed:6	c_000000005423
S0R13854326/1 BH:changed:3	c_000000005423
S0R13854326/1 BH:changed:3	c_000000005423
S0R13867844/1 BH:changed:4	c_000000005423
S0R13890175/1 BH:failed	c_000000005423
S0R13890175/1 BH:failed	c_000000005423
S0R13888846/1 BH:changed:3	c_000000005423
S0R13888846/1 BH:changed:3	c_000000005423
S0R13925509/1 BH:changed:4	c_000000005423
S0R13925509/1 BH:changed:4	c_000000005423
S0R13925716/1 BH:changed:1	c_000000005423
S0R13930430/1 BH:changed:2	c_000000005423
S0R13930430/1 BH:changed:2	c_000000005423
S0R13925994/1 BH:changed:3	c_000000005423
S0R13925994/1 BH:changed:3	c_000000005423
S0R13933894/1 BH:ok	c_000000005423
S0R13933894/1 BH:ok	c_000000005423
S0R13943060/1 BH:changed:2	c_000000005423
S0R13943060/1 BH:changed:2	c_000000005423
S0R13933566/1 BH:changed:5	c_000000005423
S0R13933566/1 BH:changed:5	c_000000005423
S0R13942087/1 BH:changed:4	c_000000005423
S0R13942087/1 BH:changed:4	c_000000005423
S0R13950470/1 BH:changed:5	c_000000005423
S0R13950470/1 BH:changed:5	c_000000005423
S0R13968706/1 BH:changed:6	c_000000005423
S0R13968706/1 BH:changed:6	c_000000005423
S0R13964683/1 BH:changed:4	c_000000005423
S0R13964683/1 BH:changed:4	c_000000005423
S0R13956122/1 BH:changed:1	c_000000005423
S0R13956122/1 BH:changed:1	c_000000005423
S0R13970981/1 BH:changed:3	c_000000005423
S0R13970981/1 BH:changed:3	c_000000005423
S0R13984915/1 BH:changed:2	c_000000005423
S0R13984915/1 BH:changed:2	c_000000005423
S0R13984672/1 BH:changed:3	c_000000005423
S0R13984672/1 BH:changed:3	c_000000005423
S0R13988475/1 BH:changed:3	c_000000005423
S0R13988475/1 BH:changed:3	c_000000005423
S0R14000735/1 BH:changed:2	c_000000005423
S0R14000735/1 BH:changed:2	c_000000005423
S0R13987328/1 BH:changed:1	c_000000005423
S0R13987328/1 BH:changed:1	c_000000005423
S0R14025349/1 BH:changed:1	c_000000005423
S0R14025349/1 BH:changed:1	c_000000005423
S0R14029488/1 BH:changed:1	c_000000005423
S0R14029488/1 BH:changed:1	c_000000005423
S0R14035845/1 BH:changed:1	c_000000005423
S0R14035845/1 BH:changed:1	c_000000005423
S0R14027233/1 BH:changed:3	c_000000005423
S0R14027233/1 BH:changed:3	c_000000005423
S0R14045744/1 BH:changed:2	c_000000005423
S0R14045744/1 BH:changed:2	c_000000005423
S0R14046028/1 BH:changed:2	c_000000005423
S0R14046028/1 BH:changed:2	c_000000005423
S0R14059710/1 BH:changed:3	c_000000005423
S0R14059710/1 BH:changed:3	c_000000005423
S0R14090075/1 BH:changed:2	c_000000005423
S0R14090075/1 BH:changed:2	c_000000005423
S0R14109024/1 BH:changed:4	c_000000005423
S0R14109024/1 BH:changed:4	c_000000005423
S0R14099785/1 BH:changed:1	c_000000005423
S0R14099785/1 BH:changed:1	c_000000005423
S0R14104646/1 BH:changed:2	c_000000005423
S0R14104646/1 BH:changed:2	c_000000005423
S0R14101767/1 BH:changed:1	c_000000005423
S0R14101767/1 BH:changed:1	c_000000005423
S0R14103567/1 BH:changed:2	c_000000005423
S0R14103567/1 BH:changed:2	c_000000005423
S0R14129106/1 BH:changed:5	c_000000005423
S0R14129106/1 BH:changed:5	c_000000005423
S0R14127863/1 BH:changed:2	c_000000005423
S0R14127863/1 BH:changed:2	c_000000005423
S0R14145204/1 BH:changed:3	c_000000005423
S0R14145204/1 BH:changed:3	c_000000005423
S0R14159038/1 BH:changed:3	c_000000005423
S0R14159038/1 BH:changed:3	c_000000005423
S0R14159782/1 BH:changed:3	c_000000005423
S0R14159782/1 BH:changed:3	c_000000005423
S0R14184407/1 BH:changed:3	c_000000005423
S0R14184407/1 BH:changed:3	c_000000005423
S0R14186035/1 BH:changed:3	c_000000005423
S0R14186035/1 BH:changed:3	c_000000005423
S0R14182067/1 BH:changed:2	c_000000005423
S0R14182067/1 BH:changed:2	c_000000005423
S0R14189760/1 BH:changed:8	c_000000005423
S0R14189760/1 BH:changed:8	c_000000005423
S0R14206395/1 BH:changed:5	c_000000005423
S0R14206395/1 BH:changed:5	c_000000005423
S0R14203636/1 BH:changed:2	c_000000005423
S0R14203636/1 BH:changed:2	c_000000005423
S0R14210312/1 BH:changed:3	c_000000005423
S0R14210312/1 BH:changed:3	c_000000005423
S0R14221797/1 BH:changed:4	c_000000005423
S0R14221797/1 BH:changed:4	c_000000005423
S0R14221028/1 BH:changed:2	c_000000005423
S0R14219543/1 BH:changed:4	c_000000005423
S0R14219543/1 BH:changed:4	c_000000005423
S0R14236652/1 BH:changed:6	c_000000005423
S0R14236652/1 BH:changed:6	c_000000005423
S0R14232720/1 BH:changed:4	c_000000005423
S0R14232720/1 BH:changed:4	c_000000005423
S0R14246192/1 BH:changed:5	c_000000005423
S0R14246192/1 BH:changed:5	c_000000005423
S0R14263747/1 BH:changed:4	c_000000005423
S0R14263747/1 BH:changed:4	c_000000005423
S0R14277597/1 BH:changed:3	c_000000005423
S0R14277597/1 BH:changed:3	c_000000005423
S0R14260500/1 BH:changed:8	c_000000005423
S0R14260500/1 BH:changed:8	c_000000005423
S0R14294370/1 BH:changed:5	c_000000005423
S0R14294370/1 BH:changed:5	c_000000005423
S0R14300587/1 BH:changed:3	c_000000005423
S0R14300587/1 BH:changed:3	c_000000005423
S0R14296109/1 BH:changed:3	c_000000005423
S0R14296109/1 BH:changed:3	c_000000005423
S0R14314086/1 BH:changed:1	c_000000005423
S0R14314086/1 BH:changed:1	c_000000005423
S0R14312552/1 BH:changed:6	c_000000005423
S0R14312552/1 BH:changed:6	c_000000005423
S0R14322352/1 BH:changed:6	c_000000005423
S0R14322352/1 BH:changed:6	c_000000005423
S0R14333151/1 BH:changed:2	c_000000005423
S0R14333151/1 BH:changed:2	c_000000005423
S0R14342810/1 BH:changed:2	c_000000005423
S0R14342810/1 BH:changed:2	c_000000005423
S0R14325112/1 BH:ok	c_000000005423
S0R14325112/1 BH:ok	c_000000005423
S0R14347320/1 BH:changed:1	c_000000005423
S0R14347320/1 BH:changed:1	c_000000005423
S0R14349084/1 BH:changed:2	c_000000005423
S0R14349084/1 BH:changed:2	c_000000005423
S0R14359071/1 BH:changed:3	c_000000005423
S0R14359071/1 BH:changed:3	c_000000005423
S0R14349676/1 BH:ok	c_000000005423
S0R14349676/1 BH:ok	c_000000005423
S0R14367362/1 BH:changed:3	c_000000005423
S0R14367362/1 BH:changed:3	c_000000005423
S0R14365593/1 BH:changed:3	c_000000005423
S0R14365593/1 BH:changed:3	c_000000005423
S0R14389631/1 BH:changed:3	c_000000005423
S0R14389631/1 BH:changed:3	c_000000005423
S0R14384122/1 BH:changed:8	c_000000005423
S0R14384122/1 BH:changed:8	c_000000005423
S0R14385367/1 BH:changed:2	c_000000005423
S0R14385367/1 BH:changed:2	c_000000005423
S0R14414919/1 BH:changed:2	c_000000005423
S0R14414919/1 BH:changed:2	c_000000005423
S0R14413869/1 BH:changed:5	c_000000005423
S0R14413869/1 BH:changed:5	c_000000005423
S0R14412365/1 BH:changed:4	c_000000005423
S0R14412365/1 BH:changed:4	c_000000005423
S0R14394147/1 BH:changed:2	c_000000005423
S0R14394147/1 BH:changed:2	c_000000005423
S0R14406497/1 BH:changed:4	c_000000005423
S0R14406497/1 BH:changed:4	c_000000005423
S0R14426711/1 BH:changed:6	c_000000005423
S0R14426711/1 BH:changed:6	c_000000005423
S0R14420063/1 BH:changed:3	c_000000005423
S0R14420063/1 BH:changed:3	c_000000005423
S0R14436470/1 BH:changed:5	c_000000005423
S0R14436470/1 BH:changed:5	c_000000005423
S0R14436160/1 BH:failed	c_000000005423
S0R14436160/1 BH:failed	c_000000005423
S0R14464767/1 BH:changed:1	c_000000005423
S0R14464767/1 BH:changed:1	c_000000005423
S0R14482448/1 BH:changed:2	c_000000005423
S0R14482448/1 BH:changed:2	c_000000005423
S0R14477242/1 BH:changed:2	c_000000005423
S0R14477242/1 BH:changed:2	c_000000005423
S0R14477284/1 BH:changed:3	c_000000005423
S0R14477284/1 BH:changed:3	c_000000005423
S0R14494400/1 BH:changed:3	c_000000005423
S0R14494400/1 BH:changed:3	c_000000005423
S0R14513591/1 BH:changed:3	c_000000005423
S0R14513591/1 BH:changed:3	c_000000005423
S0R14499716/1 BH:changed:5	c_000000005423
S0R14499716/1 BH:changed:5	c_000000005423
S0R14520531/1 BH:changed:6	c_000000005423
S0R14536860/1 BH:changed:1	c_000000005423
S0R14536860/1 BH:changed:1	c_000000005423
S0R14515995/1 BH:changed:7	c_000000005423
S0R14515995/1 BH:changed:7	c_000000005423
S0R14532840/1 BH:changed:2	c_000000005423
S0R14532840/1 BH:changed:2	c_000000005423
S0R14533045/1 BH:changed:3	c_000000005423
S0R14533045/1 BH:changed:3	c_000000005423
S0R14534451/1 BH:changed:1	c_000000005423
S0R14534451/1 BH:changed:1	c_000000005423
S0R14550639/1 BH:changed:4	c_000000005423
S0R14550639/1 BH:changed:4	c_000000005423
S0R14539403/1 BH:changed:2	c_000000005423
S0R14539403/1 BH:changed:2	c_000000005423
S0R14567610/1 BH:changed:1	c_000000005423
S0R14567610/1 BH:changed:1	c_000000005423
S0R14563503/1 BH:changed:1	c_000000005423
S0R14563503/1 BH:changed:1	c_000000005423
S0R14550938/1 BH:changed:3	c_000000005423
S0R14550938/1 BH:changed:3	c_000000005423
S0R14581186/1 BH:changed:3	c_000000005423
S0R14581186/1 BH:changed:3	c_000000005423
S0R14590248/1 BH:changed:3	c_000000005423
S0R14590248/1 BH:changed:3	c_000000005423
S0R14590077/1 BH:changed:3	c_000000005423
S0R14590077/1 BH:changed:3	c_000000005423
S0R14595343/1 BH:changed:1	c_000000005423
S0R14595343/1 BH:changed:1	c_000000005423
S0R14588052/1 BH:changed:2	c_000000005423
S0R14588052/1 BH:changed:2	c_000000005423
S0R14612029/1 BH:changed:5	c_000000005423
S0R14612029/1 BH:changed:5	c_000000005423
S0R14629378/1 BH:changed:2	c_000000005423
S0R14629378/1 BH:changed:2	c_000000005423
S0R14625565/1 BH:changed:4	c_000000005423
S0R14625565/1 BH:changed:4	c_000000005423
S0R14628923/1 BH:changed:1	c_000000005423
S0R14628923/1 BH:changed:1	c_000000005423
S0R14630582/1 BH:changed:3	c_000000005423
S0R14630582/1 BH:changed:3	c_000000005423
S0R14630818/1 BH:changed:3	c_000000005423
S0R14630818/1 BH:changed:3	c_000000005423
S0R14628745/1 BH:changed:2	c_000000005423
S0R14628745/1 BH:changed:2	c_000000005423
S0R14666419/1 BH:changed:4	c_000000005423
S0R14666419/1 BH:changed:4	c_000000005423
S0R14648224/1 BH:changed:3	c_000000005423
S0R14648224/1 BH:changed:3	c_000000005423
S0R14645487/1 BH:changed:3	c_000000005423
S0R14645487/1 BH:changed:3	c_000000005423
S0R14670738/1 BH:changed:1	c_000000005423
S0R14670738/1 BH:changed:1	c_000000005423
S0R14688202/1 BH:changed:2	c_000000005423
S0R14688202/1 BH:changed:2	c_000000005423
S0R14673444/1 BH:failed	c_000000005423
S0R14673444/1 BH:failed	c_000000005423
S0R14704275/1 BH:changed:5	c_000000005423
S0R14704275/1 BH:changed:5	c_000000005423
S0R14723342/1 BH:ok	c_000000005423
S0R14723342/1 BH:ok	c_000000005423
S0R14694024/1 BH:changed:3	c_000000005423
S0R14694024/1 BH:changed:3	c_000000005423
S0R14729576/1 BH:changed:6	c_000000005423
S0R14729576/1 BH:changed:6	c_000000005423
S0R14732123/1 BH:ok	c_000000005423
S0R14732123/1 BH:ok	c_000000005423
S0R14749924/1 BH:changed:1	c_000000005423
S0R14749924/1 BH:changed:1	c_000000005423
S0R14744514/1 BH:changed:5	c_000000005423
S0R14744514/1 BH:changed:5	c_000000005423
S0R14785699/1 BH:changed:4	c_000000005423
S0R14785699/1 BH:changed:4	c_000000005423
S0R14776401/1 BH:changed:3	c_000000005423
S0R14776401/1 BH:changed:3	c_000000005423
S0R14789556/1 BH:changed:2	c_000000005423
S0R14789556/1 BH:changed:2	c_000000005423
S0R14803240/1 BH:changed:1	c_000000005423
S0R14803240/1 BH:changed:1	c_000000005423
S0R14795889/1 BH:changed:3	c_000000005423
S0R14795889/1 BH:changed:3	c_000000005423
S0R14811935/1 BH:changed:2	c_000000005423
S0R14811935/1 BH:changed:2	c_000000005423
S0R14835502/1 BH:changed:5	c_000000005423
S0R14835502/1 BH:changed:5	c_000000005423
S0R14831450/1 BH:changed:3	c_000000005423
S0R14831450/1 BH:changed:3	c_000000005423
S0R14829120/1 BH:changed:6	c_000000005423
S0R14829120/1 BH:changed:6	c_000000005423
S0R14850965/1 BH:changed:3	c_000000005423
S0R14850965/1 BH:changed:3	c_000000005423
S0R14845601/1 BH:changed:5	c_000000005423
S0R14845601/1 BH:changed:5	c_000000005423
S0R14860590/1 BH:failed	c_000000005423
S0R14860590/1 BH:failed	c_000000005423
S0R14857676/1 BH:changed:3	c_000000005423
S0R14857676/1 BH:changed:3	c_000000005423
S0R14883175/1 BH:changed:5	c_000000005423
S0R14883175/1 BH:changed:5	c_000000005423
S0R14878568/1 BH:changed:2	c_000000005423
S0R14878568/1 BH:changed:2	c_000000005423
S0R14887169/1 BH:changed:4	c_000000005423
S0R14887169/1 BH:changed:4	c_000000005423
S0R14891602/1 BH:changed:1	c_000000005423
S0R14891602/1 BH:changed:1	c_000000005423
S0R14888228/1 BH:changed:9	c_000000005423
S0R14888228/1 BH:changed:9	c_000000005423
S0R14910406/1 BH:changed:4	c_000000005423
S0R14910406/1 BH:changed:4	c_000000005423
S0R14922867/1 BH:changed:1	c_000000005423
S0R14922867/1 BH:changed:1	c_000000005423
S0R14921243/1 BH:ok	c_000000005423
S0R14921243/1 BH:ok	c_000000005423
S0R14926501/1 BH:changed:2	c_000000005423
S0R14926501/1 BH:changed:2	c_000000005423
S0R14937075/1 BH:changed:4	c_000000005423
S0R14933481/1 BH:changed:6	c_000000005423
S0R14933481/1 BH:changed:6	c_000000005423
S0R14939499/1 BH:changed:1	c_000000005423
S0R14939499/1 BH:changed:1	c_000000005423
S0R14952396/1 BH:changed:7	c_000000005423
S0R14952396/1 BH:changed:7	c_000000005423
S0R14963309/1 BH:changed:1	c_000000005423
S0R14963309/1 BH:changed:1	c_000000005423
S0R14955236/1 BH:changed:1	c_000000005423
S0R14955236/1 BH:changed:1	c_000000005423
S0R14995922/1 BH:changed:2	c_000000005423
S0R14995922/1 BH:changed:2	c_000000005423
S0R15002445/1 BH:changed:4	c_000000005423
S0R15002445/1 BH:changed:4	c_000000005423
S0R14998561/1 BH:ok	c_000000005423
S0R15009561/1 BH:changed:3	c_000000005423
S0R15009561/1 BH:changed:3	c_000000005423
S0R15023132/1 BH:changed:1	c_000000005423
S0R15023132/1 BH:changed:1	c_000000005423
S0R15025368/1 BH:changed:3	c_000000005423
S0R15025368/1 BH:changed:3	c_000000005423
S0R15030761/1 BH:changed:1	c_000000005423
S0R15030761/1 BH:changed:1	c_000000005423
S0R15023606/1 BH:changed:1	c_000000005423
S0R15023606/1 BH:changed:1	c_000000005423
S0R15038877/1 BH:changed:6	c_000000005423
S0R15038877/1 BH:changed:6	c_000000005423
S0R15038160/1 BH:failed	c_000000005423
S0R15038160/1 BH:failed	c_000000005423
S0R15043413/1 BH:changed:2	c_000000005423
S0R15043413/1 BH:changed:2	c_000000005423
S0R15041542/1 BH:changed:6	c_000000005423
S0R15041542/1 BH:changed:6	c_000000005423
S0R15054553/1 BH:changed:2	c_000000005423
S0R15054553/1 BH:changed:2	c_000000005423
S0R15068849/1 BH:changed:5	c_000000005423
S0R15068849/1 BH:changed:5	c_000000005423
S0R15074570/1 BH:changed:5	c_000000005423
S0R15074570/1 BH:changed:5	c_000000005423
S0R15070227/1 BH:changed:1	c_000000005423
S0R15070227/1 BH:changed:1	c_000000005423
S0R15081854/1 BH:changed:4	c_000000005423
S0R15081854/1 BH:changed:4	c_000000005423
S0R15077133/1 BH:changed:6	c_000000005423
S0R15077133/1 BH:changed:6	c_000000005423
S0R15089728/1 BH:changed:1	c_000000005423
S0R15089728/1 BH:changed:1	c_000000005423
S0R15102815/1 BH:changed:1	c_000000005423
S0R15099369/1 BH:changed:3	c_000000005423
S0R15099369/1 BH:changed:3	c_000000005423
S0R15101477/1 BH:changed:2	c_000000005423
S0R15101477/1 BH:changed:2	c_000000005423
S0R15123089/1 BH:failed	c_000000005423
S0R15123089/1 BH:failed	c_000000005423
S0R15132268/1 BH:changed:4	c_000000005423
S0R15132268/1 BH:changed:4	c_000000005423
S0R15114807/1 BH:ok	c_000000005423
S0R15114807/1 BH:ok	c_000000005423
S0R15147872/1 BH:changed:2	c_000000005423
S0R15147872/1 BH:changed:2	c_000000005423
S0R15152962/1 BH:changed:4	c_000000005423
S0R15152962/1 BH:changed:4	c_000000005423
S0R15150038/1 BH:changed:2	c_000000005423
S0R15150038/1 BH:changed:2	c_000000005423
S0R15136384/1 BH:changed:3	c_000000005423
S0R15136384/1 BH:changed:3	c_000000005423
S0R15157477/1 BH:changed:3	c_000000005423
S0R15153195/1 BH:changed:6	c_000000005423
S0R15153195/1 BH:changed:6	c_000000005423
S0R15182716/1 BH:changed:1	c_000000005423
S0R15182716/1 BH:changed:1	c_000000005423
S0R15195962/1 BH:changed:2	c_000000005423
S0R15195962/1 BH:changed:2	c_000000005423
S0R15190955/1 BH:changed:4	c_000000005423
S0R15190955/1 BH:changed:4	c_000000005423
S0R15193177/1 BH:changed:4	c_000000005423
S0R15193177/1 BH:changed:4	c_000000005423
S0R15214413/1 BH:changed:3	c_000000005423
S0R15214413/1 BH:changed:3	c_000000005423
S0R15215105/1 BH:changed:6	c_000000005423
S0R15215105/1 BH:changed:6	c_000000005423
S0R15249874/1 BH:changed:1	c_000000005423
S0R15249874/1 BH:changed:1	c_000000005423
S0R15254825/1 BH:changed:2	c_000000005423
S0R15243819/1 BH:changed:5	c_000000005423
S0R15243819/1 BH:changed:5	c_000000005423
S0R15264324/1 BH:changed:1	c_000000005423
S0R15264324/1 BH:changed:1	c_000000005423
S0R15261329/1 BH:changed:3	c_000000005423
S0R15261329/1 BH:changed:3	c_000000005423
S0R15300475/1 BH:changed:7	c_000000005423
S0R15300475/1 BH:changed:7	c_000000005423
S0R15287799/1 BH:changed:2	c_000000005423
S0R15287799/1 BH:changed:2	c_000000005423
S0R15301291/1 BH:ok	c_000000005423
S0R15299876/1 BH:changed:6	c_000000005423
S0R15299876/1 BH:changed:6	c_000000005423
S0R15309631/1 BH:changed:1	c_000000005423
S0R15309631/1 BH:changed:1	c_000000005423
S0R15333819/1 BH:changed:4	c_000000005423
S0R15333819/1 BH:changed:4	c_000000005423
S0R15346751/1 BH:changed:1	c_000000005423
S0R15346751/1 BH:changed:1	c_000000005423
S0R15352715/1 BH:changed:2	c_000000005423
S0R15352715/1 BH:changed:2	c_000000005423
S0R15362915/1 BH:changed:1	c_000000005423
S0R15362915/1 BH:changed:1	c_000000005423
S0R15358514/1 BH:changed:3	c_000000005423
S0R15358514/1 BH:changed:3	c_000000005423
S0R15371040/1 BH:changed:6	c_000000005423
S0R15376057/1 BH:changed:3	c_000000005423
S0R15376057/1 BH:changed:3	c_000000005423
S0R15388902/1 BH:changed:2	c_000000005423
S0R15388902/1 BH:changed:2	c_000000005423
S0R15400997/1 BH:changed:2	c_000000005423
S0R15400997/1 BH:changed:2	c_000000005423
S0R15421837/1 BH:changed:4	c_000000005423
S0R15421837/1 BH:changed:4	c_000000005423
S0R15417262/1 BH:changed:4	c_000000005423
S0R15417262/1 BH:changed:4	c_000000005423
S0R15452524/1 BH:changed:6	c_000000005423
S0R15452524/1 BH:changed:6	c_000000005423
S0R15457806/1 BH:changed:4	c_000000005423
S0R15457806/1 BH:changed:4	c_000000005423
S0R15444367/1 BH:changed:2	c_000000005423
S0R15444367/1 BH:changed:2	c_000000005423
S0R15455237/1 BH:changed:3	c_000000005423
S0R15455237/1 BH:changed:3	c_000000005423
S0R15461365/1 BH:changed:1	c_000000005423
S0R15461365/1 BH:changed:1	c_000000005423
S0R15468521/1 BH:failed	c_000000005423
S0R15468521/1 BH:failed	c_000000005423
S0R15456699/1 BH:changed:4	c_000000005423
S0R15456699/1 BH:changed:4	c_000000005423
S0R15463649/1 BH:changed:1	c_000000005423
S0R15463649/1 BH:changed:1	c_000000005423
S0R15483784/1 BH:changed:5	c_000000005423
S0R15483784/1 BH:changed:5	c_000000005423
S0R15484879/1 BH:changed:1	c_000000005423
S0R15484879/1 BH:changed:1	c_000000005423
S0R15508045/1 BH:changed:4	c_000000005423
S0R15508045/1 BH:changed:4	c_000000005423
S0R15509965/1 BH:changed:7	c_000000005423
S0R15509965/1 BH:changed:7	c_000000005423
S0R15503443/1 BH:changed:2	c_000000005423
S0R15503443/1 BH:changed:2	c_000000005423
S0R15520846/1 BH:changed:3	c_000000005423
S0R15520846/1 BH:changed:3	c_000000005423
S0R15523744/1 BH:changed:5	c_000000005423
S0R15523744/1 BH:changed:5	c_000000005423
S0R15528568/1 BH:changed:3	c_000000005423
S0R15528568/1 BH:changed:3	c_000000005423
S0R15529206/1 BH:changed:2	c_000000005423
S0R15529206/1 BH:changed:2	c_000000005423
S0R15530667/1 BH:changed:10	c_000000005423
S0R15530667/1 BH:changed:10	c_000000005423
S0R15536040/1 BH:changed:2	c_000000005423
S0R15536040/1 BH:changed:2	c_000000005423
S0R15558582/1 BH:changed:7	c_000000005423
S0R15558582/1 BH:changed:7	c_000000005423
S0R15567689/1 BH:changed:2	c_000000005423
S0R15567689/1 BH:changed:2	c_000000005423
S0R15574825/1 BH:changed:1	c_000000005423
S0R15574825/1 BH:changed:1	c_000000005423
S0R15566096/1 BH:changed:5	c_000000005423
S0R15566096/1 BH:changed:5	c_000000005423
S0R15568880/1 BH:changed:2	c_000000005423
S0R15568880/1 BH:changed:2	c_000000005423
S0R15575158/1 BH:changed:3	c_000000005423
S0R15575158/1 BH:changed:3	c_000000005423
S0R15575037/1 BH:changed:2	c_000000005423
S0R15575037/1 BH:changed:2	c_000000005423
S0R15593345/1 BH:changed:2	c_000000005423
S0R15593345/1 BH:changed:2	c_000000005423
S0R15614846/1 BH:changed:3	c_000000005423
S0R15614846/1 BH:changed:3	c_000000005423
S0R15618946/1 BH:changed:2	c_000000005423
S0R15618946/1 BH:changed:2	c_000000005423
S0R15620551/1 BH:changed:4	c_000000005423
S0R15620551/1 BH:changed:4	c_000000005423
S0R15620627/1 BH:changed:3	c_000000005423
S0R15620627/1 BH:changed:3	c_000000005423
S0R15640296/1 BH:failed	c_000000005423
S0R15640296/1 BH:failed	c_000000005423
S0R15639532/1 BH:changed:7	c_000000005423
S0R15639532/1 BH:changed:7	c_000000005423
S0R15659294/1 BH:changed:4	c_000000005423
S0R15659294/1 BH:changed:4	c_000000005423
S0R15665103/1 BH:changed:3	c_000000005423
S0R15665103/1 BH:changed:3	c_000000005423
S0R15662020/1 BH:changed:3	c_000000005423
S0R15659494/1 BH:changed:11	c_000000005423
S0R15659494/1 BH:changed:11	c_000000005423
S0R15671282/1 BH:changed:3	c_000000005423
S0R15671282/1 BH:changed:3	c_000000005423
S0R15670015/1 BH:changed:3	c_000000005423
S0R15670015/1 BH:changed:3	c_000000005423
S0R15720736/1 BH:changed:4	c_000000005423
S0R15720736/1 BH:changed:4	c_000000005423
S0R15732256/1 BH:failed	c_000000005423
S0R15732256/1 BH:failed	c_000000005423
S0R15729705/1 BH:changed:1	c_000000005423
S0R15729705/1 BH:changed:1	c_000000005423
S0R15740243/1 BH:changed:4	c_000000005423
S0R15740243/1 BH:changed:4	c_000000005423
S0R15727542/1 BH:changed:4	c_000000005423
S0R15727542/1 BH:changed:4	c_000000005423
S0R15731172/1 BH:changed:3	c_000000005423
S0R15731172/1 BH:changed:3	c_000000005423
S0R15732564/1 BH:changed:2	c_000000005423
S0R15732564/1 BH:changed:2	c_000000005423
S0R15740399/1 BH:changed:2	c_000000005423
S0R15740399/1 BH:changed:2	c_000000005423
S0R15746601/1 BH:changed:1	c_000000005423
S0R15746601/1 BH:changed:1	c_000000005423
S0R15746654/1 BH:changed:6	c_000000005423
S0R15746654/1 BH:changed:6	c_000000005423
S0R15760236/1 BH:changed:4	c_000000005423
S0R15760236/1 BH:changed:4	c_000000005423
S0R15751403/1 BH:changed:5	c_000000005423
S0R15751403/1 BH:changed:5	c_000000005423
S0R15748045/1 BH:changed:3	c_000000005423
S0R15748045/1 BH:changed:3	c_000000005423
S0R15761037/1 BH:changed:4	c_000000005423
S0R15761037/1 BH:changed:4	c_000000005423
S0R15783349/1 BH:changed:1	c_000000005423
S0R15783349/1 BH:changed:1	c_000000005423
S0R15785732/1 BH:changed:2	c_000000005423
S0R15785732/1 BH:changed:2	c_000000005423
S0R15791803/1 BH:changed:3	c_000000005423
S0R15791803/1 BH:changed:3	c_000000005423
S0R15808718/1 BH:changed:5	c_000000005423
S0R15808718/1 BH:changed:5	c_000000005423
S0R15810374/1 BH:changed:2	c_000000005423
S0R15810374/1 BH:changed:2	c_000000005423
S0R15786084/1 BH:changed:3	c_000000005423
S0R15786084/1 BH:changed:3	c_000000005423
S0R15812283/1 BH:changed:1	c_000000005423
S0R15812283/1 BH:changed:1	c_000000005423
S0R15817958/1 BH:changed:5	c_000000005423
S0R15817958/1 BH:changed:5	c_000000005423
S0R15840564/1 BH:changed:3	c_000000005423
S0R15840564/1 BH:changed:3	c_000000005423
S0R15839874/1 BH:changed:3	c_000000005423
S0R15839874/1 BH:changed:3	c_000000005423
S0R15860137/1 BH:changed:10	c_000000005423
S0R15860137/1 BH:changed:10	c_000000005423
S0R15850805/1 BH:changed:5	c_000000005423
S0R15850805/1 BH:changed:5	c_000000005423
S0R15855045/1 BH:changed:4	c_000000005423
S0R15868551/1 BH:changed:6	c_000000005423
S0R15868551/1 BH:changed:6	c_000000005423
S0R15854253/1 BH:changed:2	c_000000005423
S0R15854253/1 BH:changed:2	c_000000005423
S0R15857754/1 BH:changed:4	c_000000005423
S0R15857754/1 BH:changed:4	c_000000005423
S0R15864814/1 BH:changed:1	c_000000005423
S0R15893911/1 BH:changed:8	c_000000005423
S0R15893911/1 BH:changed:8	c_000000005423
S0R15927601/1 BH:changed:1	c_000000005423
S0R15927601/1 BH:changed:1	c_000000005423
S0R15927817/1 BH:changed:4	c_000000005423
S0R15927817/1 BH:changed:4	c_000000005423
S0R15937549/1 BH:changed:3	c_000000005423
S0R15937549/1 BH:changed:3	c_000000005423
S0R15952290/1 BH:changed:6	c_000000005423
S0R15952290/1 BH:changed:6	c_000000005423
S0R15951007/1 BH:changed:3	c_000000005423
S0R15964107/1 BH:changed:4	c_000000005423
S0R15964107/1 BH:changed:4	c_000000005423
S0R15961951/1 BH:changed:5	c_000000005423
S0R15961951/1 BH:changed:5	c_000000005423
S0R15975511/1 BH:changed:3	c_000000005423
S0R15975511/1 BH:changed:3	c_000000005423
S0R15969079/1 BH:changed:4	c_000000005423
S0R15969079/1 BH:changed:4	c_000000005423
S0R15984203/1 BH:changed:2	c_000000005423
S0R15984203/1 BH:changed:2	c_000000005423
S0R15978908/1 BH:changed:1	c_000000005423
S0R15978908/1 BH:changed:1	c_000000005423
S0R15989641/1 BH:changed:3	c_000000005423
S0R15989641/1 BH:changed:3	c_000000005423
S0R15996799/1 BH:changed:4	c_000000005423
S0R15996084/1 BH:changed:4	c_000000005423
S0R15996084/1 BH:changed:4	c_000000005423
S0R15988840/1 BH:changed:2	c_000000005423
S0R15988840/1 BH:changed:2	c_000000005423
S0R16004729/1 BH:changed:4	c_000000005423
S0R16004729/1 BH:changed:4	c_000000005423
S0R16015292/1 BH:changed:1	c_000000005423
S0R16015292/1 BH:changed:1	c_000000005423
S0R16024878/1 BH:changed:4	c_000000005423
S0R16024878/1 BH:changed:4	c_000000005423
S0R16033972/1 BH:changed:5	c_000000005423
S0R16033972/1 BH:changed:5	c_000000005423
S0R16035903/1 BH:changed:2	c_000000005423
S0R16036723/1 BH:changed:3	c_000000005423
S0R16036723/1 BH:changed:3	c_000000005423
S0R16058907/1 BH:changed:4	c_000000005423
S0R16058907/1 BH:changed:4	c_000000005423
S0R16054326/1 BH:changed:4	c_000000005423
S0R16054326/1 BH:changed:4	c_000000005423
S0R16073778/1 BH:changed:2	c_000000005423
S0R16073778/1 BH:changed:2	c_000000005423
S0R16078970/1 BH:changed:2	c_000000005423
S0R16078970/1 BH:changed:2	c_000000005423
S0R16069838/1 BH:changed:6	c_000000005423
S0R16069838/1 BH:changed:6	c_000000005423
S0R16076591/1 BH:changed:4	c_000000005423
S0R16076591/1 BH:changed:4	c_000000005423
S0R16078065/1 BH:changed:3	c_000000005423
S0R16078065/1 BH:changed:3	c_000000005423
S0R16074545/1 BH:changed:4	c_000000005423
S0R16093256/1 BH:changed:4	c_000000005423
S0R16098434/1 BH:changed:5	c_000000005423
S0R16098434/1 BH:changed:5	c_000000005423
S0R16106517/1 BH:changed:1	c_000000005423
S0R16106517/1 BH:changed:1	c_000000005423
S0R16123878/1 BH:changed:4	c_000000005423
S0R16123878/1 BH:changed:4	c_000000005423
S0R16117860/1 BH:changed:7	c_000000005423
S0R16117860/1 BH:changed:7	c_000000005423
S0R16136010/1 BH:changed:1	c_000000005423
S0R16136010/1 BH:changed:1	c_000000005423
S0R16140550/1 BH:changed:7	c_000000005423
S0R16140550/1 BH:changed:7	c_000000005423
S0R16146079/1 BH:changed:6	c_000000005423
S0R16146079/1 BH:changed:6	c_000000005423
S0R16147995/1 BH:changed:1	c_000000005423
S0R16147995/1 BH:changed:1	c_000000005423
S0R16150757/1 BH:changed:2	c_000000005423
S0R16150757/1 BH:changed:2	c_000000005423
S0R16149966/1 BH:changed:5	c_000000005423
S0R16156084/1 BH:changed:9	c_000000005423
S0R16156084/1 BH:changed:9	c_000000005423
S0R16175362/1 BH:changed:5	c_000000005423
S0R16175362/1 BH:changed:5	c_000000005423
S0R16167562/1 BH:changed:4	c_000000005423
S0R16167562/1 BH:changed:4	c_000000005423
S0R16180682/1 BH:changed:5	c_000000005423
S0R16202541/1 BH:changed:1	c_000000005423
S0R16202541/1 BH:changed:1	c_000000005423
S0R16203891/1 BH:failed	c_000000005423
S0R16203891/1 BH:failed	c_000000005423
S0R16209643/1 BH:changed:1	c_000000005423
S0R16209643/1 BH:changed:1	c_000000005423
S0R16215588/1 BH:changed:2	c_000000005423
S0R16215588/1 BH:changed:2	c_000000005423
S0R16210810/1 BH:changed:3	c_000000005423
S0R16210810/1 BH:changed:3	c_000000005423
S0R16199828/1 BH:changed:1	c_000000005423
S0R16199828/1 BH:changed:1	c_000000005423
S0R16230666/1 BH:changed:4	c_000000005423
S0R16230666/1 BH:changed:4	c_000000005423
S0R16245161/1 BH:changed:2	c_000000005423
S0R16245161/1 BH:changed:2	c_000000005423
S0R16254243/1 BH:changed:5	c_000000005423
S0R16254243/1 BH:changed:5	c_000000005423
S0R16273144/1 BH:changed:1	c_000000005423
S0R16273144/1 BH:changed:1	c_000000005423
S0R16269912/1 BH:changed:8	c_000000005423
S0R16269912/1 BH:changed:8	c_000000005423
S0R16295662/1 BH:changed:4	c_000000005423
S0R16295662/1 BH:changed:4	c_000000005423
S0R16306391/1 BH:changed:3	c_000000005423
S0R16306391/1 BH:changed:3	c_000000005423
S0R16308209/1 BH:changed:4	c_000000005423
S0R16308209/1 BH:changed:4	c_000000005423
S0R16314357/1 BH:changed:3	c_000000005423
S0R16314357/1 BH:changed:3	c_000000005423
S0R16332617/1 BH:changed:2	c_000000005423
S0R16332617/1 BH:changed:2	c_000000005423
S0R16354654/1 BH:changed:1	c_000000005423
S0R16354654/1 BH:changed:1	c_000000005423
S0R16357615/1 BH:changed:1	c_000000005423
S0R16357615/1 BH:changed:1	c_000000005423
S0R16373190/1 BH:changed:4	c_000000005423
S0R16373190/1 BH:changed:4	c_000000005423
S0R16370741/1 BH:changed:5	c_000000005423
S0R16370741/1 BH:changed:5	c_000000005423
S0R16382189/1 BH:changed:3	c_000000005423
S0R16382189/1 BH:changed:3	c_000000005423
S0R16381070/1 BH:changed:6	c_000000005423
S0R16381070/1 BH:changed:6	c_000000005423
S0R16380557/1 BH:changed:4	c_000000005423
S0R16380557/1 BH:changed:4	c_000000005423
S0R16373660/1 BH:changed:1	c_000000005423
S0R16391110/1 BH:changed:3	c_000000005423
S0R16391110/1 BH:changed:3	c_000000005423
S0R16410599/1 BH:changed:7	c_000000005423
S0R16410599/1 BH:changed:7	c_000000005423
S0R16427292/1 BH:changed:2	c_000000005423
S0R16427292/1 BH:changed:2	c_000000005423
S0R16424640/1 BH:changed:1	c_000000005423
S0R16424640/1 BH:changed:1	c_000000005423
S0R16423242/1 BH:changed:1	c_000000005423
S0R16423242/1 BH:changed:1	c_000000005423
S0R16432018/1 BH:changed:1	c_000000005423
S0R16432018/1 BH:changed:1	c_000000005423
S0R16440312/1 BH:changed:3	c_000000005423
S0R16440312/1 BH:changed:3	c_000000005423
S0R16439857/1 BH:changed:4	c_000000005423
S0R16439857/1 BH:changed:4	c_000000005423
S0R16428064/1 BH:changed:2	c_000000005423
S0R16428064/1 BH:changed:2	c_000000005423
S0R16459889/1 BH:changed:3	c_000000005423
S0R16459889/1 BH:changed:3	c_000000005423
S0R16462539/1 BH:changed:4	c_000000005423
S0R16462539/1 BH:changed:4	c_000000005423
S0R16462955/1 BH:changed:3	c_000000005423
S0R16462955/1 BH:changed:3	c_000000005423
S0R16456177/1 BH:changed:1	c_000000005423
S0R16456177/1 BH:changed:1	c_000000005423
S0R16476035/1 BH:changed:4	c_000000005423
S0R16476035/1 BH:changed:4	c_000000005423
S0R16477984/1 BH:changed:1	c_000000005423
S0R16477984/1 BH:changed:1	c_000000005423
S0R16491977/1 BH:changed:2	c_000000005423
S0R16491977/1 BH:changed:2	c_000000005423
S0R16499770/1 BH:ok	c_000000005423
S0R16499770/1 BH:ok	c_000000005423
S0R16497117/1 BH:changed:4	c_000000005423
S0R16497117/1 BH:changed:4	c_000000005423
S0R16501570/1 BH:changed:3	c_000000005423
S0R16501570/1 BH:changed:3	c_000000005423
S0R16501475/1 BH:changed:4	c_000000005423
S0R16501475/1 BH:changed:4	c_000000005423
S0R16494769/1 BH:changed:5	c_000000005423
S0R16494769/1 BH:changed:5	c_000000005423
S0R16522318/1 BH:failed	c_000000005423
S0R16522318/1 BH:failed	c_000000005423
S0R16521808/1 BH:changed:5	c_000000005423
S0R16521808/1 BH:changed:5	c_000000005423
S0R16529909/1 BH:changed:11	c_000000005423
S0R16529909/1 BH:changed:11	c_000000005423
S0R16525741/1 BH:changed:6	c_000000005423
S0R16525741/1 BH:changed:6	c_000000005423
S0R16537632/1 BH:changed:3	c_000000005423
S0R16537632/1 BH:changed:3	c_000000005423
S0R16550053/1 BH:changed:6	c_000000005423
S0R16550053/1 BH:changed:6	c_000000005423
S0R16562158/1 BH:changed:3	c_000000005423
S0R16562158/1 BH:changed:3	c_000000005423
S0R16566628/1 BH:changed:4	c_000000005423
S0R16566628/1 BH:changed:4	c_000000005423
S0R16563842/1 BH:changed:4	c_000000005423
S0R16563842/1 BH:changed:4	c_000000005423
S0R16563947/1 BH:changed:6	c_000000005423
S0R16563947/1 BH:changed:6	c_000000005423
S0R16573011/1 BH:changed:2	c_000000005423
S0R16573011/1 BH:changed:2	c_000000005423
S0R16581859/1 BH:changed:7	c_000000005423
S0R16581859/1 BH:changed:7	c_000000005423
S0R16596690/1 BH:changed:4	c_000000005423
S0R16596690/1 BH:changed:4	c_000000005423
S0R16592963/1 BH:changed:4	c_000000005423
S0R16592963/1 BH:changed:4	c_000000005423
S0R16616368/1 BH:changed:3	c_000000005423
S0R16616368/1 BH:changed:3	c_000000005423
S0R16618641/1 BH:failed	c_000000005423
S0R16618641/1 BH:failed	c_000000005423
S0R11174/1 BH:changed:3	c_000000002290
S0R11174/1 BH:changed:3	c_000000002290
S0R14964/1 BH:changed:5	c_000000002290
S0R14964/1 BH:changed:5	c_000000002290
S0R20859/1 BH:changed:4	c_000000002290
S0R20859/1 BH:changed:4	c_000000002290
S0R20757/1 BH:changed:1	c_000000002290
S0R20757/1 BH:changed:1	c_000000002290
S0R24270/1 BH:changed:9	c_000000002290
S0R24270/1 BH:changed:9	c_000000002290
S0R29037/1 BH:changed:6	c_000000002290
S0R29037/1 BH:changed:6	c_000000002290
S0R56107/1 BH:changed:1	c_000000002290
S0R56107/1 BH:changed:1	c_000000002290
S0R64452/1 BH:changed:3	c_000000002290
S0R64452/1 BH:changed:3	c_000000002290
S0R84942/1 BH:changed:3	c_000000002290
S0R84942/1 BH:changed:3	c_000000002290
S0R111690/1 BH:changed:6	c_000000002290
S0R111690/1 BH:changed:6	c_000000002290
S0R139250/1 BH:changed:2	c_000000002290
S0R139250/1 BH:changed:2	c_000000002290
S0R197185/1 BH:changed:2	c_000000002290
S0R197185/1 BH:changed:2	c_000000002290
S0R246864/1 BH:changed:3	c_000000002290
S0R246864/1 BH:changed:3	c_000000002290
S0R258936/1 BH:changed:3	c_000000002290
S0R258936/1 BH:changed:3	c_000000002290
S0R258484/1 BH:changed:6	c_000000002290
S0R258484/1 BH:changed:6	c_000000002290
S0R282626/1 BH:changed:4	c_000000002290
S0R282626/1 BH:changed:4	c_000000002290
S0R286825/1 BH:changed:3	c_000000002290
S0R286825/1 BH:changed:3	c_000000002290
S0R274779/1 BH:changed:3	c_000000002290
S0R274779/1 BH:changed:3	c_000000002290
S0R308706/1 BH:changed:4	c_000000002290
S0R308706/1 BH:changed:4	c_000000002290
S0R391341/1 BH:changed:3	c_000000002290
S0R391341/1 BH:changed:3	c_000000002290
S0R401520/1 BH:changed:6	c_000000002290
S0R401520/1 BH:changed:6	c_000000002290
S0R424458/1 BH:changed:3	c_000000002290
S0R424458/1 BH:changed:3	c_000000002290
S0R452254/1 BH:changed:5	c_000000002290
S0R452254/1 BH:changed:5	c_000000002290
S0R454716/1 BH:changed:1	c_000000002290
S0R454716/1 BH:changed:1	c_000000002290
S0R461593/1 BH:changed:2	c_000000002290
S0R461593/1 BH:changed:2	c_000000002290
S0R457118/1 BH:changed:1	c_000000002290
S0R457118/1 BH:changed:1	c_000000002290
S0R472138/1 BH:changed:2	c_000000002290
S0R472138/1 BH:changed:2	c_000000002290
S0R539747/1 BH:changed:2	c_000000002290
S0R539747/1 BH:changed:2	c_000000002290
S0R623340/1 BH:changed:4	c_000000002290
S0R623340/1 BH:changed:4	c_000000002290
S0R628050/1 BH:changed:9	c_000000002290
S0R628050/1 BH:changed:9	c_000000002290
S0R649416/1 BH:changed:2	c_000000002290
S0R649416/1 BH:changed:2	c_000000002290
S0R664128/1 BH:changed:4	c_000000002290
S0R664128/1 BH:changed:4	c_000000002290
S0R684591/1 BH:changed:3	c_000000002290
S0R684591/1 BH:changed:3	c_000000002290
S0R691458/1 BH:changed:2	c_000000002290
S0R691458/1 BH:changed:2	c_000000002290
S0R700658/1 BH:changed:7	c_000000002290
S0R700658/1 BH:changed:7	c_000000002290
S0R704573/1 BH:ok	c_000000002290
S0R704573/1 BH:ok	c_000000002290
S0R710281/1 BH:changed:1	c_000000002290
S0R710281/1 BH:changed:1	c_000000002290
S0R720995/1 BH:changed:3	c_000000002290
S0R720995/1 BH:changed:3	c_000000002290
S0R753924/1 BH:changed:3	c_000000002290
S0R753924/1 BH:changed:3	c_000000002290
S0R744937/1 BH:changed:2	c_000000002290
S0R744937/1 BH:changed:2	c_000000002290
S0R784877/1 BH:changed:2	c_000000002290
S0R784877/1 BH:changed:2	c_000000002290
S0R815569/1 BH:changed:4	c_000000002290
S0R815569/1 BH:changed:4	c_000000002290
S0R812501/1 BH:changed:3	c_000000002290
S0R812501/1 BH:changed:3	c_000000002290
S0R822483/1 BH:changed:4	c_000000002290
S0R822483/1 BH:changed:4	c_000000002290
S0R825621/1 BH:changed:4	c_000000002290
S0R825621/1 BH:changed:4	c_000000002290
S0R860078/1 BH:changed:1	c_000000002290
S0R860078/1 BH:changed:1	c_000000002290
S0R872140/1 BH:changed:2	c_000000002290
S0R872140/1 BH:changed:2	c_000000002290
S0R901648/1 BH:changed:4	c_000000002290
S0R901648/1 BH:changed:4	c_000000002290
S0R909371/1 BH:changed:2	c_000000002290
S0R909371/1 BH:changed:2	c_000000002290
S0R919758/1 BH:changed:2	c_000000002290
S0R919758/1 BH:changed:2	c_000000002290
S0R948338/1 BH:changed:3	c_000000002290
S0R948338/1 BH:changed:3	c_000000002290
S0R976317/1 BH:changed:2	c_000000002290
S0R976317/1 BH:changed:2	c_000000002290
S0R964806/1 BH:changed:4	c_000000002290
S0R964806/1 BH:changed:4	c_000000002290
S0R978499/1 BH:changed:3	c_000000002290
S0R978499/1 BH:changed:3	c_000000002290
S0R969157/1 BH:changed:2	c_000000002290
S0R969157/1 BH:changed:2	c_000000002290
S0R995530/1 BH:changed:2	c_000000002290
S0R995530/1 BH:changed:2	c_000000002290
S0R1008772/1 BH:changed:5	c_000000002290
S0R1008772/1 BH:changed:5	c_000000002290
S0R1031454/1 BH:changed:2	c_000000002290
S0R1031454/1 BH:changed:2	c_000000002290
S0R1039508/1 BH:changed:3	c_000000002290
S0R1039508/1 BH:changed:3	c_000000002290
S0R1057399/1 BH:changed:2	c_000000002290
S0R1057399/1 BH:changed:2	c_000000002290
S0R1071649/1 BH:changed:3	c_000000002290
S0R1071649/1 BH:changed:3	c_000000002290
S0R1100702/1 BH:changed:3	c_000000002290
S0R1100702/1 BH:changed:3	c_000000002290
S0R1110729/1 BH:changed:2	c_000000002290
S0R1110729/1 BH:changed:2	c_000000002290
S0R1117218/1 BH:changed:3	c_000000002290
S0R1117218/1 BH:changed:3	c_000000002290
S0R1129477/1 BH:ok	c_000000002290
S0R1129477/1 BH:ok	c_000000002290
S0R1135627/1 BH:changed:2	c_000000002290
S0R1135627/1 BH:changed:2	c_000000002290
S0R1183440/1 BH:changed:1	c_000000002290
S0R1183440/1 BH:changed:1	c_000000002290
S0R1185140/1 BH:changed:2	c_000000002290
S0R1185140/1 BH:changed:2	c_000000002290
S0R1188525/1 BH:changed:1	c_000000002290
S0R1188525/1 BH:changed:1	c_000000002290
S0R1242727/1 BH:changed:2	c_000000002290
S0R1242727/1 BH:changed:2	c_000000002290
S0R1295468/1 BH:changed:5	c_000000002290
S0R1295468/1 BH:changed:5	c_000000002290
S0R1353201/1 BH:changed:3	c_000000002290
S0R1353201/1 BH:changed:3	c_000000002290
S0R1364613/1 BH:changed:3	c_000000002290
S0R1364613/1 BH:changed:3	c_000000002290
S0R1382352/1 BH:changed:4	c_000000002290
S0R1382352/1 BH:changed:4	c_000000002290
S0R1396107/1 BH:changed:2	c_000000002290
S0R1396107/1 BH:changed:2	c_000000002290
S0R1432721/1 BH:changed:1	c_000000002290
S0R1432721/1 BH:changed:1	c_000000002290
S0R1433296/1 BH:changed:2	c_000000002290
S0R1433296/1 BH:changed:2	c_000000002290
S0R1439001/1 BH:changed:3	c_000000002290
S0R1439001/1 BH:changed:3	c_000000002290
S0R1458998/1 BH:changed:1	c_000000002290
S0R1458998/1 BH:changed:1	c_000000002290
S0R1469058/1 BH:changed:3	c_000000002290
S0R1469058/1 BH:changed:3	c_000000002290
S0R1513058/1 BH:changed:6	c_000000002290
S0R1513058/1 BH:changed:6	c_000000002290
S0R1540976/1 BH:changed:3	c_000000002290
S0R1540976/1 BH:changed:3	c_000000002290
S0R1536860/1 BH:ok	c_000000002290
S0R1536860/1 BH:ok	c_000000002290
S0R1555563/1 BH:changed:1	c_000000002290
S0R1555563/1 BH:changed:1	c_000000002290
S0R1552335/1 BH:changed:1	c_000000002290
S0R1552335/1 BH:changed:1	c_000000002290
S0R1556162/1 BH:changed:1	c_000000002290
S0R1556162/1 BH:changed:1	c_000000002290
S0R1615849/1 BH:changed:4	c_000000002290
S0R1615849/1 BH:changed:4	c_000000002290
S0R1614599/1 BH:changed:2	c_000000002290
S0R1614599/1 BH:changed:2	c_000000002290
S0R1629805/1 BH:changed:5	c_000000002290
S0R1629805/1 BH:changed:5	c_000000002290
S0R1639753/1 BH:changed:2	c_000000002290
S0R1639753/1 BH:changed:2	c_000000002290
S0R1649968/1 BH:changed:4	c_000000002290
S0R1649968/1 BH:changed:4	c_000000002290
S0R1656366/1 BH:changed:4	c_000000002290
S0R1656366/1 BH:changed:4	c_000000002290
S0R1666692/1 BH:changed:2	c_000000002290
S0R1666692/1 BH:changed:2	c_000000002290
S0R1731328/1 BH:changed:2	c_000000002290
S0R1731328/1 BH:changed:2	c_000000002290
S0R1744037/1 BH:changed:3	c_000000002290
S0R1744037/1 BH:changed:3	c_000000002290
S0R1767575/1 BH:changed:4	c_000000002290
S0R1767575/1 BH:changed:4	c_000000002290
S0R1787752/1 BH:changed:4	c_000000002290
S0R1787752/1 BH:changed:4	c_000000002290
S0R1799731/1 BH:changed:1	c_000000002290
S0R1799731/1 BH:changed:1	c_000000002290
S0R1805639/1 BH:changed:3	c_000000002290
S0R1805639/1 BH:changed:3	c_000000002290
S0R1815446/1 BH:changed:4	c_000000002290
S0R1815446/1 BH:changed:4	c_000000002290
S0R1841366/1 BH:changed:1	c_000000002290
S0R1841366/1 BH:changed:1	c_000000002290
S0R1847990/1 BH:changed:2	c_000000002290
S0R1847990/1 BH:changed:2	c_000000002290
S0R1852419/1 BH:changed:3	c_000000002290
S0R1852419/1 BH:changed:3	c_000000002290
S0R1843696/1 BH:ok	c_000000002290
S0R1843696/1 BH:ok	c_000000002290
S0R1899982/1 BH:changed:1	c_000000002290
S0R1899982/1 BH:changed:1	c_000000002290
S0R1897536/1 BH:changed:2	c_000000002290
S0R1897536/1 BH:changed:2	c_000000002290
S0R1902937/1 BH:changed:7	c_000000002290
S0R1902937/1 BH:changed:7	c_000000002290
S0R1933132/1 BH:changed:3	c_000000002290
S0R1933132/1 BH:changed:3	c_000000002290
S0R1927427/1 BH:changed:4	c_000000002290
S0R1927427/1 BH:changed:4	c_000000002290
S0R1980969/1 BH:changed:3	c_000000002290
S0R1980969/1 BH:changed:3	c_000000002290
S0R1982758/1 BH:changed:1	c_000000002290
S0R1982758/1 BH:changed:1	c_000000002290
S0R2062155/1 BH:changed:1	c_000000002290
S0R2062155/1 BH:changed:1	c_000000002290
S0R2065671/1 BH:changed:4	c_000000002290
S0R2065671/1 BH:changed:4	c_000000002290
S0R2065564/1 BH:ok	c_000000002290
S0R2065564/1 BH:ok	c_000000002290
S0R2073387/1 BH:changed:1	c_000000002290
S0R2073387/1 BH:changed:1	c_000000002290
S0R2120741/1 BH:changed:2	c_000000002290
S0R2120741/1 BH:changed:2	c_000000002290
S0R2173310/1 BH:changed:9	c_000000002290
S0R2173310/1 BH:changed:9	c_000000002290
S0R2200932/1 BH:changed:3	c_000000002290
S0R2200932/1 BH:changed:3	c_000000002290
S0R2218368/1 BH:changed:1	c_000000002290
S0R2218368/1 BH:changed:1	c_000000002290
S0R2220683/1 BH:changed:4	c_000000002290
S0R2220683/1 BH:changed:4	c_000000002290
S0R2234271/1 BH:changed:5	c_000000002290
S0R2234271/1 BH:changed:5	c_000000002290
S0R2217484/1 BH:changed:4	c_000000002290
S0R2217484/1 BH:changed:4	c_000000002290
S0R2270894/1 BH:changed:3	c_000000002290
S0R2270894/1 BH:changed:3	c_000000002290
S0R2260213/1 BH:changed:1	c_000000002290
S0R2260213/1 BH:changed:1	c_000000002290
S0R2309170/1 BH:changed:4	c_000000002290
S0R2309170/1 BH:changed:4	c_000000002290
S0R2334623/1 BH:ok	c_000000002290
S0R2334623/1 BH:ok	c_000000002290
S0R2335298/1 BH:changed:4	c_000000002290
S0R2335298/1 BH:changed:4	c_000000002290
S0R2333149/1 BH:changed:2	c_000000002290
S0R2333149/1 BH:changed:2	c_000000002290
S0R2412539/1 BH:changed:1	c_000000002290
S0R2412539/1 BH:changed:1	c_000000002290
S0R2416550/1 BH:changed:3	c_000000002290
S0R2416550/1 BH:changed:3	c_000000002290
S0R2428222/1 BH:changed:5	c_000000002290
S0R2428222/1 BH:changed:5	c_000000002290
S0R2441847/1 BH:changed:7	c_000000002290
S0R2441847/1 BH:changed:7	c_000000002290
S0R2445198/1 BH:changed:1	c_000000002290
S0R2445198/1 BH:changed:1	c_000000002290
S0R2494120/1 BH:changed:5	c_000000002290
S0R2494120/1 BH:changed:5	c_000000002290
S0R2499849/1 BH:changed:2	c_000000002290
S0R2499849/1 BH:changed:2	c_000000002290
S0R2521011/1 BH:changed:3	c_000000002290
S0R2521011/1 BH:changed:3	c_000000002290
S0R2524814/1 BH:changed:2	c_000000002290
S0R2524814/1 BH:changed:2	c_000000002290
S0R2535582/1 BH:changed:1	c_000000002290
S0R2535582/1 BH:changed:1	c_000000002290
S0R2554049/1 BH:changed:3	c_000000002290
S0R2554049/1 BH:changed:3	c_000000002290
S0R2560716/1 BH:changed:4	c_000000002290
S0R2560716/1 BH:changed:4	c_000000002290
S0R2581649/1 BH:changed:3	c_000000002290
S0R2581649/1 BH:changed:3	c_000000002290
S0R2631376/1 BH:changed:4	c_000000002290
S0R2631376/1 BH:changed:4	c_000000002290
S0R2658663/1 BH:changed:1	c_000000002290
S0R2658663/1 BH:changed:1	c_000000002290
S0R2656051/1 BH:changed:3	c_000000002290
S0R2656051/1 BH:changed:3	c_000000002290
S0R2664617/1 BH:changed:5	c_000000002290
S0R2664617/1 BH:changed:5	c_000000002290
S0R2665494/1 BH:changed:5	c_000000002290
S0R2665494/1 BH:changed:5	c_000000002290
S0R2675613/1 BH:changed:2	c_000000002290
S0R2675613/1 BH:changed:2	c_000000002290
S0R2713712/1 BH:changed:2	c_000000002290
S0R2713712/1 BH:changed:2	c_000000002290
S0R2752450/1 BH:changed:2	c_000000002290
S0R2752450/1 BH:changed:2	c_000000002290
S0R2761826/1 BH:changed:2	c_000000002290
S0R2761826/1 BH:changed:2	c_000000002290
S0R2773508/1 BH:ok	c_000000002290
S0R2773508/1 BH:ok	c_000000002290
S0R2782848/1 BH:changed:7	c_000000002290
S0R2782848/1 BH:changed:7	c_000000002290
S0R2785095/1 BH:changed:3	c_000000002290
S0R2785095/1 BH:changed:3	c_000000002290
S0R2793299/1 BH:changed:3	c_000000002290
S0R2793299/1 BH:changed:3	c_000000002290
S0R2805312/1 BH:changed:4	c_000000002290
S0R2805312/1 BH:changed:4	c_000000002290
S0R2859686/1 BH:changed:1	c_000000002290
S0R2859686/1 BH:changed:1	c_000000002290
S0R2894085/1 BH:changed:2	c_000000002290
S0R2894085/1 BH:changed:2	c_000000002290
S0R2905065/1 BH:changed:5	c_000000002290
S0R2905065/1 BH:changed:5	c_000000002290
S0R2905161/1 BH:changed:3	c_000000002290
S0R2905161/1 BH:changed:3	c_000000002290
S0R2909880/1 BH:changed:5	c_000000002290
S0R2909880/1 BH:changed:5	c_000000002290
S0R2917636/1 BH:changed:2	c_000000002290
S0R2917636/1 BH:changed:2	c_000000002290
S0R2952146/1 BH:changed:2	c_000000002290
S0R2952146/1 BH:changed:2	c_000000002290
S0R2979218/1 BH:changed:4	c_000000002290
S0R2979218/1 BH:changed:4	c_000000002290
S0R3004890/1 BH:changed:4	c_000000002290
S0R3004890/1 BH:changed:4	c_000000002290
S0R3007695/1 BH:changed:2	c_000000002290
S0R3007695/1 BH:changed:2	c_000000002290
S0R3031902/1 BH:changed:4	c_000000002290
S0R3031902/1 BH:changed:4	c_000000002290
S0R3052869/1 BH:changed:3	c_000000002290
S0R3052869/1 BH:changed:3	c_000000002290
S0R3039904/1 BH:changed:1	c_000000002290
S0R3039904/1 BH:changed:1	c_000000002290
S0R3078200/1 BH:changed:3	c_000000002290
S0R3078200/1 BH:changed:3	c_000000002290
S0R3096569/1 BH:changed:2	c_000000002290
S0R3096569/1 BH:changed:2	c_000000002290
S0R3119600/1 BH:changed:3	c_000000002290
S0R3119600/1 BH:changed:3	c_000000002290
S0R3179967/1 BH:changed:1	c_000000002290
S0R3179967/1 BH:changed:1	c_000000002290
S0R3195279/1 BH:changed:5	c_000000002290
S0R3195279/1 BH:changed:5	c_000000002290
S0R3205819/1 BH:changed:2	c_000000002290
S0R3205819/1 BH:changed:2	c_000000002290
S0R3236122/1 BH:changed:2	c_000000002290
S0R3236122/1 BH:changed:2	c_000000002290
S0R3247237/1 BH:changed:3	c_000000002290
S0R3247237/1 BH:changed:3	c_000000002290
S0R3268844/1 BH:changed:2	c_000000002290
S0R3268844/1 BH:changed:2	c_000000002290
S0R3283019/1 BH:changed:4	c_000000002290
S0R3283019/1 BH:changed:4	c_000000002290
S0R3283856/1 BH:changed:2	c_000000002290
S0R3283856/1 BH:changed:2	c_000000002290
S0R3306124/1 BH:changed:4	c_000000002290
S0R3306124/1 BH:changed:4	c_000000002290
S0R3312374/1 BH:changed:1	c_000000002290
S0R3312374/1 BH:changed:1	c_000000002290
S0R3325999/1 BH:changed:3	c_000000002290
S0R3325999/1 BH:changed:3	c_000000002290
S0R3350057/1 BH:changed:4	c_000000002290
S0R3350057/1 BH:changed:4	c_000000002290
S0R3352456/1 BH:failed	c_000000002290
S0R3352456/1 BH:failed	c_000000002290
S0R3352493/1 BH:changed:2	c_000000002290
S0R3352493/1 BH:changed:2	c_000000002290
S0R3382376/1 BH:changed:6	c_000000002290
S0R3382376/1 BH:changed:6	c_000000002290
S0R3388709/1 BH:changed:5	c_000000002290
S0R3388709/1 BH:changed:5	c_000000002290
S0R3402703/1 BH:changed:1	c_000000002290
S0R3402703/1 BH:changed:1	c_000000002290
S0R3406219/1 BH:changed:6	c_000000002290
S0R3406219/1 BH:changed:6	c_000000002290
S0R3409932/1 BH:changed:1	c_000000002290
S0R3409932/1 BH:changed:1	c_000000002290
S0R3490059/1 BH:changed:2	c_000000002290
S0R3490059/1 BH:changed:2	c_000000002290
S0R3556670/1 BH:changed:2	c_000000002290
S0R3556670/1 BH:changed:2	c_000000002290
S0R3560323/1 BH:changed:1	c_000000002290
S0R3560323/1 BH:changed:1	c_000000002290
S0R3570202/1 BH:changed:5	c_000000002290
S0R3570202/1 BH:changed:5	c_000000002290
S0R3579031/1 BH:changed:4	c_000000002290
S0R3579031/1 BH:changed:4	c_000000002290
S0R3604158/1 BH:changed:8	c_000000002290
S0R3604158/1 BH:changed:8	c_000000002290
S0R3608416/1 BH:changed:4	c_000000002290
S0R3608416/1 BH:changed:4	c_000000002290
S0R3634676/1 BH:changed:3	c_000000002290
S0R3634676/1 BH:changed:3	c_000000002290
S0R3655968/1 BH:changed:7	c_000000002290
S0R3655968/1 BH:changed:7	c_000000002290
S0R3620575/1 BH:changed:3	c_000000002290
S0R3620575/1 BH:changed:3	c_000000002290
S0R3745643/1 BH:changed:2	c_000000002290
S0R3745643/1 BH:changed:2	c_000000002290
S0R3750466/1 BH:changed:2	c_000000002290
S0R3750466/1 BH:changed:2	c_000000002290
S0R3805706/1 BH:changed:1	c_000000002290
S0R3805706/1 BH:changed:1	c_000000002290
S0R3818713/1 BH:changed:4	c_000000002290
S0R3818713/1 BH:changed:4	c_000000002290
S0R3824620/1 BH:changed:4	c_000000002290
S0R3824620/1 BH:changed:4	c_000000002290
S0R3810522/1 BH:changed:6	c_000000002290
S0R3810522/1 BH:changed:6	c_000000002290
S0R3837934/1 BH:ok	c_000000002290
S0R3837934/1 BH:ok	c_000000002290
S0R3844965/1 BH:changed:5	c_000000002290
S0R3844965/1 BH:changed:5	c_000000002290
S0R3885466/1 BH:changed:3	c_000000002290
S0R3885466/1 BH:changed:3	c_000000002290
S0R3893168/1 BH:changed:2	c_000000002290
S0R3893168/1 BH:changed:2	c_000000002290
S0R3913248/1 BH:changed:1	c_000000002290
S0R3913248/1 BH:changed:1	c_000000002290
S0R3934570/1 BH:changed:1	c_000000002290
S0R3934570/1 BH:changed:1	c_000000002290
S0R3933643/1 BH:failed	c_000000002290
S0R3933643/1 BH:failed	c_000000002290
S0R3936712/1 BH:changed:3	c_000000002290
S0R3936712/1 BH:changed:3	c_000000002290
S0R3979598/1 BH:changed:2	c_000000002290
S0R3979598/1 BH:changed:2	c_000000002290
S0R3966579/1 BH:failed	c_000000002290
S0R3966579/1 BH:failed	c_000000002290
S0R3981113/1 BH:changed:3	c_000000002290
S0R3981113/1 BH:changed:3	c_000000002290
S0R4002578/1 BH:changed:8	c_000000002290
S0R4002578/1 BH:changed:8	c_000000002290
S0R4021128/1 BH:changed:1	c_000000002290
S0R4021128/1 BH:changed:1	c_000000002290
S0R4028451/1 BH:changed:1	c_000000002290
S0R4028451/1 BH:changed:1	c_000000002290
S0R4055137/1 BH:changed:2	c_000000002290
S0R4055137/1 BH:changed:2	c_000000002290
S0R4082583/1 BH:changed:5	c_000000002290
S0R4082583/1 BH:changed:5	c_000000002290
S0R4104183/1 BH:changed:3	c_000000002290
S0R4104183/1 BH:changed:3	c_000000002290
S0R4129447/1 BH:changed:5	c_000000002290
S0R4129447/1 BH:changed:5	c_000000002290
S0R4164928/1 BH:changed:8	c_000000002290
S0R4164928/1 BH:changed:8	c_000000002290
S0R4180930/1 BH:changed:1	c_000000002290
S0R4180930/1 BH:changed:1	c_000000002290
S0R4188021/1 BH:changed:5	c_000000002290
S0R4188021/1 BH:changed:5	c_000000002290
S0R4212113/1 BH:changed:4	c_000000002290
S0R4212113/1 BH:changed:4	c_000000002290
S0R4272705/1 BH:changed:2	c_000000002290
S0R4272705/1 BH:changed:2	c_000000002290
S0R4277219/1 BH:changed:2	c_000000002290
S0R4277219/1 BH:changed:2	c_000000002290
S0R4307618/1 BH:changed:4	c_000000002290
S0R4307618/1 BH:changed:4	c_000000002290
S0R4320001/1 BH:changed:2	c_000000002290
S0R4320001/1 BH:changed:2	c_000000002290
S0R4336127/1 BH:changed:4	c_000000002290
S0R4336127/1 BH:changed:4	c_000000002290
S0R4370545/1 BH:changed:3	c_000000002290
S0R4370545/1 BH:changed:3	c_000000002290
S0R4383071/1 BH:changed:4	c_000000002290
S0R4383071/1 BH:changed:4	c_000000002290
S0R4395910/1 BH:changed:4	c_000000002290
S0R4395910/1 BH:changed:4	c_000000002290
S0R4429064/1 BH:changed:1	c_000000002290
S0R4429064/1 BH:changed:1	c_000000002290
S0R4440342/1 BH:changed:1	c_000000002290
S0R4440342/1 BH:changed:1	c_000000002290
S0R4441577/1 BH:changed:3	c_000000002290
S0R4441577/1 BH:changed:3	c_000000002290
S0R4455599/1 BH:changed:3	c_000000002290
S0R4455599/1 BH:changed:3	c_000000002290
S0R4476484/1 BH:changed:1	c_000000002290
S0R4476484/1 BH:changed:1	c_000000002290
S0R4512480/1 BH:changed:4	c_000000002290
S0R4512480/1 BH:changed:4	c_000000002290
S0R4518640/1 BH:changed:3	c_000000002290
S0R4518640/1 BH:changed:3	c_000000002290
S0R4550492/1 BH:changed:2	c_000000002290
S0R4550492/1 BH:changed:2	c_000000002290
S0R4592785/1 BH:changed:3	c_000000002290
S0R4592785/1 BH:changed:3	c_000000002290
S0R4625048/1 BH:changed:4	c_000000002290
S0R4625048/1 BH:changed:4	c_000000002290
S0R4652843/1 BH:changed:2	c_000000002290
S0R4652843/1 BH:changed:2	c_000000002290
S0R4645855/1 BH:failed	c_000000002290
S0R4645855/1 BH:failed	c_000000002290
S0R4665431/1 BH:changed:1	c_000000002290
S0R4665431/1 BH:changed:1	c_000000002290
S0R4683436/1 BH:changed:3	c_000000002290
S0R4683436/1 BH:changed:3	c_000000002290
S0R4718773/1 BH:ok	c_000000002290
S0R4718773/1 BH:ok	c_000000002290
S0R4728961/1 BH:changed:3	c_000000002290
S0R4728961/1 BH:changed:3	c_000000002290
S0R4745468/1 BH:changed:2	c_000000002290
S0R4745468/1 BH:changed:2	c_000000002290
S0R4821489/1 BH:changed:5	c_000000002290
S0R4821489/1 BH:changed:5	c_000000002290
S0R4844032/1 BH:changed:2	c_000000002290
S0R4844032/1 BH:changed:2	c_000000002290
S0R4846453/1 BH:changed:3	c_000000002290
S0R4846453/1 BH:changed:3	c_000000002290
S0R4863779/1 BH:changed:1	c_000000002290
S0R4863779/1 BH:changed:1	c_000000002290
S0R4852317/1 BH:changed:4	c_000000002290
S0R4852317/1 BH:changed:4	c_000000002290
S0R4885275/1 BH:changed:5	c_000000002290
S0R4885275/1 BH:changed:5	c_000000002290
S0R4893352/1 BH:changed:3	c_000000002290
S0R4893352/1 BH:changed:3	c_000000002290
S0R4927324/1 BH:changed:1	c_000000002290
S0R4927324/1 BH:changed:1	c_000000002290
S0R4927424/1 BH:changed:2	c_000000002290
S0R4927424/1 BH:changed:2	c_000000002290
S0R4971648/1 BH:changed:1	c_000000002290
S0R4971648/1 BH:changed:1	c_000000002290
S0R4974890/1 BH:changed:7	c_000000002290
S0R4974890/1 BH:changed:7	c_000000002290
S0R4997780/1 BH:changed:4	c_000000002290
S0R4997780/1 BH:changed:4	c_000000002290
S0R5002803/1 BH:changed:3	c_000000002290
S0R5002803/1 BH:changed:3	c_000000002290
S0R5052755/1 BH:changed:3	c_000000002290
S0R5052755/1 BH:changed:3	c_000000002290
S0R5057645/1 BH:changed:1	c_000000002290
S0R5057645/1 BH:changed:1	c_000000002290
S0R5061290/1 BH:changed:5	c_000000002290
S0R5061290/1 BH:changed:5	c_000000002290
S0R5128802/1 BH:changed:1	c_000000002290
S0R5128802/1 BH:changed:1	c_000000002290
S0R5162575/1 BH:changed:4	c_000000002290
S0R5162575/1 BH:changed:4	c_000000002290
S0R5161745/1 BH:changed:1	c_000000002290
S0R5161745/1 BH:changed:1	c_000000002290
S0R5190094/1 BH:changed:1	c_000000002290
S0R5190094/1 BH:changed:1	c_000000002290
S0R5194269/1 BH:changed:3	c_000000002290
S0R5194269/1 BH:changed:3	c_000000002290
S0R5211903/1 BH:changed:4	c_000000002290
S0R5211903/1 BH:changed:4	c_000000002290
S0R5219363/1 BH:changed:3	c_000000002290
S0R5219363/1 BH:changed:3	c_000000002290
S0R5218528/1 BH:changed:4	c_000000002290
S0R5218528/1 BH:changed:4	c_000000002290
S0R5288678/1 BH:ok	c_000000002290
S0R5288678/1 BH:ok	c_000000002290
S0R5291306/1 BH:changed:5	c_000000002290
S0R5291306/1 BH:changed:5	c_000000002290
S0R5283827/1 BH:changed:5	c_000000002290
S0R5283827/1 BH:changed:5	c_000000002290
S0R5320197/1 BH:changed:5	c_000000002290
S0R5320197/1 BH:changed:5	c_000000002290
S0R5323470/1 BH:changed:1	c_000000002290
S0R5323470/1 BH:changed:1	c_000000002290
S0R5346077/1 BH:changed:1	c_000000002290
S0R5346077/1 BH:changed:1	c_000000002290
S0R5386977/1 BH:changed:1	c_000000002290
S0R5386977/1 BH:changed:1	c_000000002290
S0R5392900/1 BH:changed:3	c_000000002290
S0R5392900/1 BH:changed:3	c_000000002290
S0R5443563/1 BH:changed:7	c_000000002290
S0R5443563/1 BH:changed:7	c_000000002290
S0R5449900/1 BH:changed:6	c_000000002290
S0R5449900/1 BH:changed:6	c_000000002290
S0R5483832/1 BH:changed:4	c_000000002290
S0R5483832/1 BH:changed:4	c_000000002290
S0R5520683/1 BH:changed:3	c_000000002290
S0R5520683/1 BH:changed:3	c_000000002290
S0R5567902/1 BH:changed:2	c_000000002290
S0R5567902/1 BH:changed:2	c_000000002290
S0R5564560/1 BH:changed:3	c_000000002290
S0R5564560/1 BH:changed:3	c_000000002290
S0R5578173/1 BH:failed	c_000000002290
S0R5578173/1 BH:failed	c_000000002290
S0R5590058/1 BH:changed:2	c_000000002290
S0R5590058/1 BH:changed:2	c_000000002290
S0R5593725/1 BH:changed:3	c_000000002290
S0R5593725/1 BH:changed:3	c_000000002290
S0R5613876/1 BH:changed:2	c_000000002290
S0R5613876/1 BH:changed:2	c_000000002290
S0R5616084/1 BH:changed:7	c_000000002290
S0R5616084/1 BH:changed:7	c_000000002290
S0R5617705/1 BH:changed:3	c_000000002290
S0R5617705/1 BH:changed:3	c_000000002290
S0R5623501/1 BH:changed:3	c_000000002290
S0R5623501/1 BH:changed:3	c_000000002290
S0R5614919/1 BH:changed:4	c_000000002290
S0R5614919/1 BH:changed:4	c_000000002290
S0R5695664/1 BH:ok	c_000000002290
S0R5695664/1 BH:ok	c_000000002290
S0R5713808/1 BH:changed:1	c_000000002290
S0R5713808/1 BH:changed:1	c_000000002290
S0R5720984/1 BH:changed:1	c_000000002290
S0R5720984/1 BH:changed:1	c_000000002290
S0R5763332/1 BH:changed:1	c_000000002290
S0R5763332/1 BH:changed:1	c_000000002290
S0R5795983/1 BH:changed:5	c_000000002290
S0R5795983/1 BH:changed:5	c_000000002290
S0R5800699/1 BH:changed:2	c_000000002290
S0R5800699/1 BH:changed:2	c_000000002290
S0R5804545/1 BH:changed:3	c_000000002290
S0R5804545/1 BH:changed:3	c_000000002290
S0R5790979/1 BH:failed	c_000000002290
S0R5790979/1 BH:failed	c_000000002290
S0R5837684/1 BH:changed:5	c_000000002290
S0R5837684/1 BH:changed:5	c_000000002290
S0R5870804/1 BH:failed	c_000000002290
S0R5870804/1 BH:failed	c_000000002290
S0R5916487/1 BH:changed:2	c_000000002290
S0R5916487/1 BH:changed:2	c_000000002290
S0R5915593/1 BH:changed:2	c_000000002290
S0R5915593/1 BH:changed:2	c_000000002290
S0R5956782/1 BH:changed:4	c_000000002290
S0R5956782/1 BH:changed:4	c_000000002290
S0R5970490/1 BH:changed:2	c_000000002290
S0R5970490/1 BH:changed:2	c_000000002290
S0R6000788/1 BH:changed:4	c_000000002290
S0R6000788/1 BH:changed:4	c_000000002290
S0R6010761/1 BH:ok	c_000000002290
S0R6010761/1 BH:ok	c_000000002290
S0R6009607/1 BH:changed:1	c_000000002290
S0R6009607/1 BH:changed:1	c_000000002290
S0R6019310/1 BH:changed:3	c_000000002290
S0R6019310/1 BH:changed:3	c_000000002290
S0R6023441/1 BH:changed:1	c_000000002290
S0R6023441/1 BH:changed:1	c_000000002290
S0R6033193/1 BH:changed:3	c_000000002290
S0R6033193/1 BH:changed:3	c_000000002290
S0R6065892/1 BH:changed:6	c_000000002290
S0R6065892/1 BH:changed:6	c_000000002290
S0R6057404/1 BH:changed:5	c_000000002290
S0R6057404/1 BH:changed:5	c_000000002290
S0R6084981/1 BH:changed:5	c_000000002290
S0R6084981/1 BH:changed:5	c_000000002290
S0R6136629/1 BH:changed:3	c_000000002290
S0R6136629/1 BH:changed:3	c_000000002290
S0R6139821/1 BH:changed:2	c_000000002290
S0R6139821/1 BH:changed:2	c_000000002290
S0R6149084/1 BH:changed:3	c_000000002290
S0R6149084/1 BH:changed:3	c_000000002290
S0R6166792/1 BH:changed:2	c_000000002290
S0R6166792/1 BH:changed:2	c_000000002290
S0R6178410/1 BH:changed:2	c_000000002290
S0R6178410/1 BH:changed:2	c_000000002290
S0R6228537/1 BH:changed:3	c_000000002290
S0R6228537/1 BH:changed:3	c_000000002290
S0R6256783/1 BH:changed:5	c_000000002290
S0R6256783/1 BH:changed:5	c_000000002290
S0R6344230/1 BH:changed:5	c_000000002290
S0R6344230/1 BH:changed:5	c_000000002290
S0R6360894/1 BH:changed:3	c_000000002290
S0R6360894/1 BH:changed:3	c_000000002290
S0R6371776/1 BH:changed:2	c_000000002290
S0R6371776/1 BH:changed:2	c_000000002290
S0R6422629/1 BH:changed:2	c_000000002290
S0R6422629/1 BH:changed:2	c_000000002290
S0R6417297/1 BH:changed:1	c_000000002290
S0R6417297/1 BH:changed:1	c_000000002290
S0R6495459/1 BH:changed:3	c_000000002290
S0R6495459/1 BH:changed:3	c_000000002290
S0R6506247/1 BH:changed:3	c_000000002290
S0R6506247/1 BH:changed:3	c_000000002290
S0R6516402/1 BH:changed:4	c_000000002290
S0R6516402/1 BH:changed:4	c_000000002290
S0R6537522/1 BH:changed:10	c_000000002290
S0R6537522/1 BH:changed:10	c_000000002290
S0R6570746/1 BH:changed:4	c_000000002290
S0R6570746/1 BH:changed:4	c_000000002290
S0R6579206/1 BH:changed:11	c_000000002290
S0R6579206/1 BH:changed:11	c_000000002290
S0R6584451/1 BH:changed:4	c_000000002290
S0R6584451/1 BH:changed:4	c_000000002290
S0R6590405/1 BH:changed:4	c_000000002290
S0R6590405/1 BH:changed:4	c_000000002290
S0R6627590/1 BH:changed:3	c_000000002290
S0R6627590/1 BH:changed:3	c_000000002290
S0R6702538/1 BH:changed:5	c_000000002290
S0R6702538/1 BH:changed:5	c_000000002290
S0R6832528/1 BH:failed	c_000000002290
S0R6832528/1 BH:failed	c_000000002290
S0R6839419/1 BH:changed:3	c_000000002290
S0R6839419/1 BH:changed:3	c_000000002290
S0R6924092/1 BH:changed:1	c_000000002290
S0R6924092/1 BH:changed:1	c_000000002290
S0R6935368/1 BH:changed:1	c_000000002290
S0R6935368/1 BH:changed:1	c_000000002290
S0R6917068/1 BH:changed:3	c_000000002290
S0R6917068/1 BH:changed:3	c_000000002290
S0R6950776/1 BH:changed:1	c_000000002290
S0R6950776/1 BH:changed:1	c_000000002290
S0R6978011/1 BH:changed:2	c_000000002290
S0R6978011/1 BH:changed:2	c_000000002290
S0R6981041/1 BH:changed:2	c_000000002290
S0R6981041/1 BH:changed:2	c_000000002290
S0R7002448/1 BH:changed:5	c_000000002290
S0R7002448/1 BH:changed:5	c_000000002290
S0R7098065/1 BH:changed:8	c_000000002290
S0R7098065/1 BH:changed:8	c_000000002290
S0R7116996/1 BH:changed:2	c_000000002290
S0R7116996/1 BH:changed:2	c_000000002290
S0R7131240/1 BH:changed:3	c_000000002290
S0R7131240/1 BH:changed:3	c_000000002290
S0R7143333/1 BH:changed:10	c_000000002290
S0R7143333/1 BH:changed:10	c_000000002290
S0R7143377/1 BH:changed:1	c_000000002290
S0R7143377/1 BH:changed:1	c_000000002290
S0R7167762/1 BH:changed:1	c_000000002290
S0R7167762/1 BH:changed:1	c_000000002290
S0R7177603/1 BH:changed:3	c_000000002290
S0R7177603/1 BH:changed:3	c_000000002290
S0R7190305/1 BH:changed:3	c_000000002290
S0R7190305/1 BH:changed:3	c_000000002290
S0R7217327/1 BH:changed:4	c_000000002290
S0R7217327/1 BH:changed:4	c_000000002290
S0R7232339/1 BH:failed	c_000000002290
S0R7232339/1 BH:failed	c_000000002290
S0R7228958/1 BH:changed:3	c_000000002290
S0R7228958/1 BH:changed:3	c_000000002290
S0R7219295/1 BH:changed:4	c_000000002290
S0R7219295/1 BH:changed:4	c_000000002290
S0R7273030/1 BH:changed:6	c_000000002290
S0R7273030/1 BH:changed:6	c_000000002290
S0R7283685/1 BH:changed:4	c_000000002290
S0R7283685/1 BH:changed:4	c_000000002290
S0R7354210/1 BH:changed:4	c_000000002290
S0R7354210/1 BH:changed:4	c_000000002290
S0R7362743/1 BH:changed:3	c_000000002290
S0R7362743/1 BH:changed:3	c_000000002290
S0R7389296/1 BH:changed:1	c_000000002290
S0R7389296/1 BH:changed:1	c_000000002290
S0R7382350/1 BH:changed:3	c_000000002290
S0R7382350/1 BH:changed:3	c_000000002290
S0R7426923/1 BH:changed:4	c_000000002290
S0R7426923/1 BH:changed:4	c_000000002290
S0R7466431/1 BH:changed:2	c_000000002290
S0R7466431/1 BH:changed:2	c_000000002290
S0R7475607/1 BH:changed:4	c_000000002290
S0R7475607/1 BH:changed:4	c_000000002290
S0R7468696/1 BH:changed:2	c_000000002290
S0R7468696/1 BH:changed:2	c_000000002290
S0R7485780/1 BH:changed:3	c_000000002290
S0R7485780/1 BH:changed:3	c_000000002290
S0R7498937/1 BH:changed:7	c_000000002290
S0R7498937/1 BH:changed:7	c_000000002290
S0R7511417/1 BH:changed:1	c_000000002290
S0R7511417/1 BH:changed:1	c_000000002290
S0R7506310/1 BH:changed:5	c_000000002290
S0R7506310/1 BH:changed:5	c_000000002290
S0R7513670/1 BH:changed:3	c_000000002290
S0R7513670/1 BH:changed:3	c_000000002290
S0R7540413/1 BH:changed:3	c_000000002290
S0R7540413/1 BH:changed:3	c_000000002290
S0R7525527/1 BH:failed	c_000000002290
S0R7525527/1 BH:failed	c_000000002290
S0R7542766/1 BH:changed:2	c_000000002290
S0R7542766/1 BH:changed:2	c_000000002290
S0R7557391/1 BH:changed:2	c_000000002290
S0R7557391/1 BH:changed:2	c_000000002290
S0R7549110/1 BH:changed:4	c_000000002290
S0R7549110/1 BH:changed:4	c_000000002290
S0R7556410/1 BH:changed:2	c_000000002290
S0R7556410/1 BH:changed:2	c_000000002290
S0R7586075/1 BH:changed:3	c_000000002290
S0R7586075/1 BH:changed:3	c_000000002290
S0R7583165/1 BH:changed:3	c_000000002290
S0R7583165/1 BH:changed:3	c_000000002290
S0R7584336/1 BH:changed:4	c_000000002290
S0R7584336/1 BH:changed:4	c_000000002290
S0R7624662/1 BH:changed:1	c_000000002290
S0R7624662/1 BH:changed:1	c_000000002290
S0R7637093/1 BH:changed:4	c_000000002290
S0R7637093/1 BH:changed:4	c_000000002290
S0R7632470/1 BH:changed:2	c_000000002290
S0R7632470/1 BH:changed:2	c_000000002290
S0R7705133/1 BH:changed:3	c_000000002290
S0R7705133/1 BH:changed:3	c_000000002290
S0R7701326/1 BH:changed:3	c_000000002290
S0R7701326/1 BH:changed:3	c_000000002290
S0R7727343/1 BH:changed:8	c_000000002290
S0R7727343/1 BH:changed:8	c_000000002290
S0R7721961/1 BH:changed:3	c_000000002290
S0R7721961/1 BH:changed:3	c_000000002290
S0R7738076/1 BH:changed:5	c_000000002290
S0R7738076/1 BH:changed:5	c_000000002290
S0R7755464/1 BH:changed:3	c_000000002290
S0R7755464/1 BH:changed:3	c_000000002290
S0R7787539/1 BH:changed:3	c_000000002290
S0R7787539/1 BH:changed:3	c_000000002290
S0R7790457/1 BH:changed:2	c_000000002290
S0R7790457/1 BH:changed:2	c_000000002290
S0R7807399/1 BH:changed:1	c_000000002290
S0R7807399/1 BH:changed:1	c_000000002290
S0R7820445/1 BH:changed:1	c_000000002290
S0R7820445/1 BH:changed:1	c_000000002290
S0R7840976/1 BH:ok	c_000000002290
S0R7840976/1 BH:ok	c_000000002290
S0R7832742/1 BH:changed:2	c_000000002290
S0R7832742/1 BH:changed:2	c_000000002290
S0R7863099/1 BH:changed:1	c_000000002290
S0R7863099/1 BH:changed:1	c_000000002290
S0R7889379/1 BH:changed:5	c_000000002290
S0R7889379/1 BH:changed:5	c_000000002290
S0R7902352/1 BH:changed:4	c_000000002290
S0R7902352/1 BH:changed:4	c_000000002290
S0R7937609/1 BH:changed:2	c_000000002290
S0R7937609/1 BH:changed:2	c_000000002290
S0R7939815/1 BH:changed:3	c_000000002290
S0R7939815/1 BH:changed:3	c_000000002290
S0R7984838/1 BH:changed:4	c_000000002290
S0R7984838/1 BH:changed:4	c_000000002290
S0R7999449/1 BH:changed:3	c_000000002290
S0R7999449/1 BH:changed:3	c_000000002290
S0R8025188/1 BH:changed:1	c_000000002290
S0R8025188/1 BH:changed:1	c_000000002290
S0R8031506/1 BH:changed:1	c_000000002290
S0R8031506/1 BH:changed:1	c_000000002290
S0R8073266/1 BH:changed:3	c_000000002290
S0R8073266/1 BH:changed:3	c_000000002290
S0R8080715/1 BH:changed:4	c_000000002290
S0R8080715/1 BH:changed:4	c_000000002290
S0R8106127/1 BH:changed:1	c_000000002290
S0R8106127/1 BH:changed:1	c_000000002290
S0R8122319/1 BH:changed:1	c_000000002290
S0R8122319/1 BH:changed:1	c_000000002290
S0R8122900/1 BH:changed:3	c_000000002290
S0R8122900/1 BH:changed:3	c_000000002290
S0R8135607/1 BH:changed:3	c_000000002290
S0R8135607/1 BH:changed:3	c_000000002290
S0R8144122/1 BH:changed:2	c_000000002290
S0R8144122/1 BH:changed:2	c_000000002290
S0R8144396/1 BH:changed:2	c_000000002290
S0R8144396/1 BH:changed:2	c_000000002290
S0R8185949/1 BH:changed:3	c_000000002290
S0R8185949/1 BH:changed:3	c_000000002290
S0R8208487/1 BH:changed:5	c_000000002290
S0R8208487/1 BH:changed:5	c_000000002290
S0R8210998/1 BH:changed:2	c_000000002290
S0R8210998/1 BH:changed:2	c_000000002290
S0R8226923/1 BH:changed:4	c_000000002290
S0R8226923/1 BH:changed:4	c_000000002290
S0R8350573/1 BH:changed:2	c_000000002290
S0R8350573/1 BH:changed:2	c_000000002290
S0R8371570/1 BH:changed:4	c_000000002290
S0R8371570/1 BH:changed:4	c_000000002290
S0R8359873/1 BH:changed:3	c_000000002290
S0R8359873/1 BH:changed:3	c_000000002290
S0R8366856/1 BH:changed:2	c_000000002290
S0R8366856/1 BH:changed:2	c_000000002290
S0R8387400/1 BH:changed:6	c_000000002290
S0R8387400/1 BH:changed:6	c_000000002290
S0R8398490/1 BH:changed:6	c_000000002290
S0R8398490/1 BH:changed:6	c_000000002290
S0R8438509/1 BH:ok	c_000000002290
S0R8438509/1 BH:ok	c_000000002290
S0R8466686/1 BH:changed:4	c_000000002290
S0R8466686/1 BH:changed:4	c_000000002290
S0R8501435/1 BH:changed:3	c_000000002290
S0R8501435/1 BH:changed:3	c_000000002290
S0R8511761/1 BH:changed:3	c_000000002290
S0R8511761/1 BH:changed:3	c_000000002290
S0R8518451/1 BH:changed:5	c_000000002290
S0R8518451/1 BH:changed:5	c_000000002290
S0R8564506/1 BH:changed:1	c_000000002290
S0R8564506/1 BH:changed:1	c_000000002290
S0R8580137/1 BH:changed:3	c_000000002290
S0R8580137/1 BH:changed:3	c_000000002290
S0R8610364/1 BH:changed:9	c_000000002290
S0R8610364/1 BH:changed:9	c_000000002290
S0R8628392/1 BH:changed:4	c_000000002290
S0R8628392/1 BH:changed:4	c_000000002290
S0R8641787/1 BH:changed:5	c_000000002290
S0R8641787/1 BH:changed:5	c_000000002290
S0R8669159/1 BH:changed:3	c_000000002290
S0R8669159/1 BH:changed:3	c_000000002290
S0R8684761/1 BH:changed:2	c_000000002290
S0R8684761/1 BH:changed:2	c_000000002290
S0R8753728/1 BH:changed:5	c_000000002290
S0R8753728/1 BH:changed:5	c_000000002290
S0R8749681/1 BH:changed:3	c_000000002290
S0R8749681/1 BH:changed:3	c_000000002290
S0R8768714/1 BH:changed:3	c_000000002290
S0R8768714/1 BH:changed:3	c_000000002290
S0R8806254/1 BH:changed:2	c_000000002290
S0R8806254/1 BH:changed:2	c_000000002290
S0R8815235/1 BH:ok	c_000000002290
S0R8815235/1 BH:ok	c_000000002290
S0R8823522/1 BH:changed:3	c_000000002290
S0R8823522/1 BH:changed:3	c_000000002290
S0R8849456/1 BH:changed:6	c_000000002290
S0R8849456/1 BH:changed:6	c_000000002290
S0R8856836/1 BH:changed:6	c_000000002290
S0R8856836/1 BH:changed:6	c_000000002290
S0R8853821/1 BH:changed:2	c_000000002290
S0R8853821/1 BH:changed:2	c_000000002290
S0R8881553/1 BH:changed:2	c_000000002290
S0R8881553/1 BH:changed:2	c_000000002290
S0R8966592/1 BH:changed:5	c_000000002290
S0R8966592/1 BH:changed:5	c_000000002290
S0R8972544/1 BH:changed:3	c_000000002290
S0R8972544/1 BH:changed:3	c_000000002290
S0R8982662/1 BH:changed:2	c_000000002290
S0R8982662/1 BH:changed:2	c_000000002290
S0R9018636/1 BH:changed:2	c_000000002290
S0R9018636/1 BH:changed:2	c_000000002290
S0R9043609/1 BH:changed:5	c_000000002290
S0R9043609/1 BH:changed:5	c_000000002290
S0R9044462/1 BH:changed:1	c_000000002290
S0R9044462/1 BH:changed:1	c_000000002290
S0R9050885/1 BH:changed:3	c_000000002290
S0R9050885/1 BH:changed:3	c_000000002290
S0R9079006/1 BH:changed:5	c_000000002290
S0R9079006/1 BH:changed:5	c_000000002290
S0R9087495/1 BH:changed:7	c_000000002290
S0R9087495/1 BH:changed:7	c_000000002290
S0R9088091/1 BH:changed:3	c_000000002290
S0R9088091/1 BH:changed:3	c_000000002290
S0R9095556/1 BH:changed:4	c_000000002290
S0R9095556/1 BH:changed:4	c_000000002290
S0R9081070/1 BH:changed:1	c_000000002290
S0R9081070/1 BH:changed:1	c_000000002290
S0R9092075/1 BH:changed:4	c_000000002290
S0R9092075/1 BH:changed:4	c_000000002290
S0R9103476/1 BH:changed:2	c_000000002290
S0R9103476/1 BH:changed:2	c_000000002290
S0R9135107/1 BH:changed:4	c_000000002290
S0R9135107/1 BH:changed:4	c_000000002290
S0R9140471/1 BH:changed:2	c_000000002290
S0R9140471/1 BH:changed:2	c_000000002290
S0R9151627/1 BH:changed:3	c_000000002290
S0R9151627/1 BH:changed:3	c_000000002290
S0R9170029/1 BH:changed:1	c_000000002290
S0R9170029/1 BH:changed:1	c_000000002290
S0R9167415/1 BH:changed:2	c_000000002290
S0R9167415/1 BH:changed:2	c_000000002290
S0R9176095/1 BH:changed:6	c_000000002290
S0R9176095/1 BH:changed:6	c_000000002290
S0R9195856/1 BH:changed:4	c_000000002290
S0R9195856/1 BH:changed:4	c_000000002290
S0R9226987/1 BH:changed:4	c_000000002290
S0R9226987/1 BH:changed:4	c_000000002290
S0R9252688/1 BH:changed:3	c_000000002290
S0R9252688/1 BH:changed:3	c_000000002290
S0R9273145/1 BH:failed	c_000000002290
S0R9273145/1 BH:failed	c_000000002290
S0R9279710/1 BH:changed:6	c_000000002290
S0R9279710/1 BH:changed:6	c_000000002290
S0R9290108/1 BH:changed:1	c_000000002290
S0R9290108/1 BH:changed:1	c_000000002290
S0R9300650/1 BH:changed:4	c_000000002290
S0R9300650/1 BH:changed:4	c_000000002290
S0R9360980/1 BH:changed:4	c_000000002290
S0R9360980/1 BH:changed:4	c_000000002290
S0R9387954/1 BH:changed:4	c_000000002290
S0R9387954/1 BH:changed:4	c_000000002290
S0R9390030/1 BH:ok	c_000000002290
S0R9390030/1 BH:ok	c_000000002290
S0R9379117/1 BH:changed:2	c_000000002290
S0R9379117/1 BH:changed:2	c_000000002290
S0R9436233/1 BH:changed:1	c_000000002290
S0R9436233/1 BH:changed:1	c_000000002290
S0R9434498/1 BH:changed:2	c_000000002290
S0R9434498/1 BH:changed:2	c_000000002290
S0R9477823/1 BH:changed:4	c_000000002290
S0R9477823/1 BH:changed:4	c_000000002290
S0R9521285/1 BH:changed:4	c_000000002290
S0R9521285/1 BH:changed:4	c_000000002290
S0R9538384/1 BH:changed:1	c_000000002290
S0R9538384/1 BH:changed:1	c_000000002290
S0R9584236/1 BH:changed:1	c_000000002290
S0R9584236/1 BH:changed:1	c_000000002290
S0R9609356/1 BH:changed:1	c_000000002290
S0R9609356/1 BH:changed:1	c_000000002290
S0R9632772/1 BH:changed:2	c_000000002290
S0R9632772/1 BH:changed:2	c_000000002290
S0R9660530/1 BH:changed:3	c_000000002290
S0R9660530/1 BH:changed:3	c_000000002290
S0R9676592/1 BH:changed:4	c_000000002290
S0R9676592/1 BH:changed:4	c_000000002290
S0R9707409/1 BH:changed:4	c_000000002290
S0R9707409/1 BH:changed:4	c_000000002290
S0R9701172/1 BH:changed:1	c_000000002290
S0R9701172/1 BH:changed:1	c_000000002290
S0R9726841/1 BH:failed	c_000000002290
S0R9726841/1 BH:failed	c_000000002290
S0R9716732/1 BH:changed:6	c_000000002290
S0R9716732/1 BH:changed:6	c_000000002290
S0R9753403/1 BH:failed	c_000000002290
S0R9753403/1 BH:failed	c_000000002290
S0R9798723/1 BH:changed:6	c_000000002290
S0R9798723/1 BH:changed:6	c_000000002290
S0R9825315/1 BH:changed:2	c_000000002290
S0R9825315/1 BH:changed:2	c_000000002290
S0R9825344/1 BH:changed:3	c_000000002290
S0R9825344/1 BH:changed:3	c_000000002290
S0R9900539/1 BH:changed:2	c_000000002290
S0R9900539/1 BH:changed:2	c_000000002290
S0R9920572/1 BH:changed:4	c_000000002290
S0R9920572/1 BH:changed:4	c_000000002290
S0R9927109/1 BH:failed	c_000000002290
S0R9927109/1 BH:failed	c_000000002290
S0R9917762/1 BH:failed	c_000000002290
S0R9917762/1 BH:failed	c_000000002290
S0R9919052/1 BH:changed:2	c_000000002290
S0R9919052/1 BH:changed:2	c_000000002290
S0R9919070/1 BH:changed:1	c_000000002290
S0R9919070/1 BH:changed:1	c_000000002290
S0R9926965/1 BH:changed:5	c_000000002290
S0R9926965/1 BH:changed:5	c_000000002290
S0R9965542/1 BH:changed:2	c_000000002290
S0R9965542/1 BH:changed:2	c_000000002290
S0R9969280/1 BH:changed:5	c_000000002290
S0R9969280/1 BH:changed:5	c_000000002290
S0R9974451/1 BH:failed	c_000000002290
S0R9974451/1 BH:failed	c_000000002290
S0R9968422/1 BH:changed:3	c_000000002290
S0R9968422/1 BH:changed:3	c_000000002290
S0R9976795/1 BH:changed:2	c_000000002290
S0R9976795/1 BH:changed:2	c_000000002290
S0R9986789/1 BH:changed:4	c_000000002290
S0R9986789/1 BH:changed:4	c_000000002290
S0R10013775/1 BH:changed:3	c_000000002290
S0R10013775/1 BH:changed:3	c_000000002290
S0R10035602/1 BH:changed:7	c_000000002290
S0R10035602/1 BH:changed:7	c_000000002290
S0R10036691/1 BH:changed:2	c_000000002290
S0R10036691/1 BH:changed:2	c_000000002290
S0R10040880/1 BH:changed:3	c_000000002290
S0R10040880/1 BH:changed:3	c_000000002290
S0R10068655/1 BH:changed:2	c_000000002290
S0R10068655/1 BH:changed:2	c_000000002290
S0R10079440/1 BH:changed:2	c_000000002290
S0R10079440/1 BH:changed:2	c_000000002290
S0R10077395/1 BH:changed:6	c_000000002290
S0R10077395/1 BH:changed:6	c_000000002290
S0R10079641/1 BH:changed:4	c_000000002290
S0R10079641/1 BH:changed:4	c_000000002290
S0R10086852/1 BH:changed:4	c_000000002290
S0R10086852/1 BH:changed:4	c_000000002290
S0R10165488/1 BH:changed:8	c_000000002290
S0R10165488/1 BH:changed:8	c_000000002290
S0R10187574/1 BH:changed:4	c_000000002290
S0R10187574/1 BH:changed:4	c_000000002290
S0R10190590/1 BH:changed:5	c_000000002290
S0R10190590/1 BH:changed:5	c_000000002290
S0R10195003/1 BH:changed:3	c_000000002290
S0R10195003/1 BH:changed:3	c_000000002290
S0R10199893/1 BH:changed:3	c_000000002290
S0R10199893/1 BH:changed:3	c_000000002290
S0R10205660/1 BH:changed:3	c_000000002290
S0R10205660/1 BH:changed:3	c_000000002290
S0R10230539/1 BH:changed:1	c_000000002290
S0R10230539/1 BH:changed:1	c_000000002290
S0R10247759/1 BH:changed:2	c_000000002290
S0R10247759/1 BH:changed:2	c_000000002290
S0R10268076/1 BH:changed:1	c_000000002290
S0R10268076/1 BH:changed:1	c_000000002290
S0R10268738/1 BH:changed:2	c_000000002290
S0R10268738/1 BH:changed:2	c_000000002290
S0R10271258/1 BH:ok	c_000000002290
S0R10271258/1 BH:ok	c_000000002290
S0R10272638/1 BH:ok	c_000000002290
S0R10272638/1 BH:ok	c_000000002290
S0R10306276/1 BH:changed:5	c_000000002290
S0R10306276/1 BH:changed:5	c_000000002290
S0R10300608/1 BH:changed:2	c_000000002290
S0R10300608/1 BH:changed:2	c_000000002290
S0R10316834/1 BH:changed:4	c_000000002290
S0R10316834/1 BH:changed:4	c_000000002290
S0R10341210/1 BH:changed:1	c_000000002290
S0R10341210/1 BH:changed:1	c_000000002290
S0R10347747/1 BH:ok	c_000000002290
S0R10347747/1 BH:ok	c_000000002290
S0R10378038/1 BH:changed:3	c_000000002290
S0R10378038/1 BH:changed:3	c_000000002290
S0R10411951/1 BH:changed:7	c_000000002290
S0R10411951/1 BH:changed:7	c_000000002290
S0R10410578/1 BH:changed:3	c_000000002290
S0R10410578/1 BH:changed:3	c_000000002290
S0R10418796/1 BH:changed:6	c_000000002290
S0R10418796/1 BH:changed:6	c_000000002290
S0R10441857/1 BH:changed:2	c_000000002290
S0R10441857/1 BH:changed:2	c_000000002290
S0R10466173/1 BH:changed:3	c_000000002290
S0R10466173/1 BH:changed:3	c_000000002290
S0R10472178/1 BH:changed:3	c_000000002290
S0R10472178/1 BH:changed:3	c_000000002290
S0R10467252/1 BH:changed:5	c_000000002290
S0R10467252/1 BH:changed:5	c_000000002290
S0R10499031/1 BH:changed:2	c_000000002290
S0R10499031/1 BH:changed:2	c_000000002290
S0R10519146/1 BH:changed:5	c_000000002290
S0R10519146/1 BH:changed:5	c_000000002290
S0R10506071/1 BH:changed:6	c_000000002290
S0R10506071/1 BH:changed:6	c_000000002290
S0R10551670/1 BH:changed:5	c_000000002290
S0R10551670/1 BH:changed:5	c_000000002290
S0R10538216/1 BH:changed:4	c_000000002290
S0R10538216/1 BH:changed:4	c_000000002290
S0R10573064/1 BH:changed:1	c_000000002290
S0R10573064/1 BH:changed:1	c_000000002290
S0R10574656/1 BH:changed:4	c_000000002290
S0R10574656/1 BH:changed:4	c_000000002290
S0R10590171/1 BH:changed:2	c_000000002290
S0R10590171/1 BH:changed:2	c_000000002290
S0R10590100/1 BH:changed:3	c_000000002290
S0R10590100/1 BH:changed:3	c_000000002290
S0R10623946/1 BH:changed:3	c_000000002290
S0R10623946/1 BH:changed:3	c_000000002290
S0R10630820/1 BH:changed:2	c_000000002290
S0R10630820/1 BH:changed:2	c_000000002290
S0R10649666/1 BH:changed:5	c_000000002290
S0R10649666/1 BH:changed:5	c_000000002290
S0R10659394/1 BH:changed:5	c_000000002290
S0R10659394/1 BH:changed:5	c_000000002290
S0R10673566/1 BH:changed:2	c_000000002290
S0R10673566/1 BH:changed:2	c_000000002290
S0R10688629/1 BH:changed:3	c_000000002290
S0R10688629/1 BH:changed:3	c_000000002290
S0R10751619/1 BH:changed:7	c_000000002290
S0R10751619/1 BH:changed:7	c_000000002290
S0R10773889/1 BH:changed:2	c_000000002290
S0R10773889/1 BH:changed:2	c_000000002290
S0R10798313/1 BH:changed:8	c_000000002290
S0R10798313/1 BH:changed:8	c_000000002290
S0R10829795/1 BH:changed:4	c_000000002290
S0R10829795/1 BH:changed:4	c_000000002290
S0R10875303/1 BH:changed:5	c_000000002290
S0R10875303/1 BH:changed:5	c_000000002290
S0R10945232/1 BH:changed:5	c_000000002290
S0R10945232/1 BH:changed:5	c_000000002290
S0R10992064/1 BH:changed:1	c_000000002290
S0R10992064/1 BH:changed:1	c_000000002290
S0R10987441/1 BH:changed:4	c_000000002290
S0R10987441/1 BH:changed:4	c_000000002290
S0R11030661/1 BH:changed:4	c_000000002290
S0R11030661/1 BH:changed:4	c_000000002290
S0R11056353/1 BH:changed:5	c_000000002290
S0R11056353/1 BH:changed:5	c_000000002290
S0R11083856/1 BH:changed:3	c_000000002290
S0R11083856/1 BH:changed:3	c_000000002290
S0R11085327/1 BH:changed:3	c_000000002290
S0R11085327/1 BH:changed:3	c_000000002290
S0R11082281/1 BH:changed:1	c_000000002290
S0R11082281/1 BH:changed:1	c_000000002290
S0R11089955/1 BH:changed:3	c_000000002290
S0R11089955/1 BH:changed:3	c_000000002290
S0R11136450/1 BH:changed:3	c_000000002290
S0R11136450/1 BH:changed:3	c_000000002290
S0R11185190/1 BH:changed:5	c_000000002290
S0R11185190/1 BH:changed:5	c_000000002290
S0R11190180/1 BH:changed:4	c_000000002290
S0R11190180/1 BH:changed:4	c_000000002290
S0R11181571/1 BH:changed:3	c_000000002290
S0R11181571/1 BH:changed:3	c_000000002290
S0R11206970/1 BH:changed:3	c_000000002290
S0R11206970/1 BH:changed:3	c_000000002290
S0R11212019/1 BH:changed:2	c_000000002290
S0R11212019/1 BH:changed:2	c_000000002290
S0R11226506/1 BH:ok	c_000000002290
S0R11226506/1 BH:ok	c_000000002290
S0R11269357/1 BH:changed:5	c_000000002290
S0R11269357/1 BH:changed:5	c_000000002290
S0R11287604/1 BH:changed:5	c_000000002290
S0R11287604/1 BH:changed:5	c_000000002290
S0R11324729/1 BH:changed:2	c_000000002290
S0R11324729/1 BH:changed:2	c_000000002290
S0R11341826/1 BH:failed	c_000000002290
S0R11341826/1 BH:failed	c_000000002290
S0R11343441/1 BH:failed	c_000000002290
S0R11343441/1 BH:failed	c_000000002290
S0R11361246/1 BH:changed:2	c_000000002290
S0R11361246/1 BH:changed:2	c_000000002290
S0R11357204/1 BH:changed:3	c_000000002290
S0R11357204/1 BH:changed:3	c_000000002290
S0R11421841/1 BH:ok	c_000000002290
S0R11421841/1 BH:ok	c_000000002290
S0R11425508/1 BH:changed:4	c_000000002290
S0R11425508/1 BH:changed:4	c_000000002290
S0R11439945/1 BH:changed:5	c_000000002290
S0R11439945/1 BH:changed:5	c_000000002290
S0R11449251/1 BH:changed:5	c_000000002290
S0R11449251/1 BH:changed:5	c_000000002290
S0R11441917/1 BH:changed:5	c_000000002290
S0R11441917/1 BH:changed:5	c_000000002290
S0R11469007/1 BH:changed:1	c_000000002290
S0R11469007/1 BH:changed:1	c_000000002290
S0R11501613/1 BH:changed:4	c_000000002290
S0R11501613/1 BH:changed:4	c_000000002290
S0R11533957/1 BH:changed:10	c_000000002290
S0R11533957/1 BH:changed:10	c_000000002290
S0R11543402/1 BH:changed:3	c_000000002290
S0R11543402/1 BH:changed:3	c_000000002290
S0R11549096/1 BH:changed:3	c_000000002290
S0R11549096/1 BH:changed:3	c_000000002290
S0R11558988/1 BH:changed:2	c_000000002290
S0R11558988/1 BH:changed:2	c_000000002290
S0R11620271/1 BH:changed:1	c_000000002290
S0R11620271/1 BH:changed:1	c_000000002290
S0R11648160/1 BH:changed:3	c_000000002290
S0R11648160/1 BH:changed:3	c_000000002290
S0R11625619/1 BH:changed:5	c_000000002290
S0R11625619/1 BH:changed:5	c_000000002290
S0R11664794/1 BH:changed:2	c_000000002290
S0R11664794/1 BH:changed:2	c_000000002290
S0R11684237/1 BH:changed:2	c_000000002290
S0R11684237/1 BH:changed:2	c_000000002290
S0R11719799/1 BH:changed:1	c_000000002290
S0R11719799/1 BH:changed:1	c_000000002290
S0R11734792/1 BH:changed:4	c_000000002290
S0R11734792/1 BH:changed:4	c_000000002290
S0R11801883/1 BH:changed:4	c_000000002290
S0R11801883/1 BH:changed:4	c_000000002290
S0R11801242/1 BH:changed:5	c_000000002290
S0R11801242/1 BH:changed:5	c_000000002290
S0R11801968/1 BH:changed:5	c_000000002290
S0R11801968/1 BH:changed:5	c_000000002290
S0R11814051/1 BH:ok	c_000000002290
S0R11814051/1 BH:ok	c_000000002290
S0R11843314/1 BH:changed:4	c_000000002290
S0R11843314/1 BH:changed:4	c_000000002290
S0R11850891/1 BH:changed:5	c_000000002290
S0R11850891/1 BH:changed:5	c_000000002290
S0R11866552/1 BH:changed:3	c_000000002290
S0R11866552/1 BH:changed:3	c_000000002290
S0R11900596/1 BH:changed:3	c_000000002290
S0R11900596/1 BH:changed:3	c_000000002290
S0R11908127/1 BH:changed:6	c_000000002290
S0R11908127/1 BH:changed:6	c_000000002290
S0R11923431/1 BH:changed:4	c_000000002290
S0R11923431/1 BH:changed:4	c_000000002290
S0R11927618/1 BH:changed:2	c_000000002290
S0R11927618/1 BH:changed:2	c_000000002290
S0R11973558/1 BH:changed:2	c_000000002290
S0R11973558/1 BH:changed:2	c_000000002290
S0R11986781/1 BH:changed:3	c_000000002290
S0R11986781/1 BH:changed:3	c_000000002290
S0R11991517/1 BH:changed:1	c_000000002290
S0R11991517/1 BH:changed:1	c_000000002290
S0R12015722/1 BH:changed:4	c_000000002290
S0R12015722/1 BH:changed:4	c_000000002290
S0R12043992/1 BH:changed:3	c_000000002290
S0R12043992/1 BH:changed:3	c_000000002290
S0R12026581/1 BH:changed:4	c_000000002290
S0R12026581/1 BH:changed:4	c_000000002290
S0R12071895/1 BH:changed:3	c_000000002290
S0R12071895/1 BH:changed:3	c_000000002290
S0R12059478/1 BH:changed:2	c_000000002290
S0R12059478/1 BH:changed:2	c_000000002290
S0R12085166/1 BH:changed:2	c_000000002290
S0R12085166/1 BH:changed:2	c_000000002290
S0R12111795/1 BH:changed:4	c_000000002290
S0R12111795/1 BH:changed:4	c_000000002290
S0R12111543/1 BH:changed:5	c_000000002290
S0R12111543/1 BH:changed:5	c_000000002290
S0R12110856/1 BH:changed:3	c_000000002290
S0R12110856/1 BH:changed:3	c_000000002290
S0R12134835/1 BH:changed:5	c_000000002290
S0R12134835/1 BH:changed:5	c_000000002290
S0R12172336/1 BH:changed:3	c_000000002290
S0R12172336/1 BH:changed:3	c_000000002290
S0R12217637/1 BH:changed:3	c_000000002290
S0R12217637/1 BH:changed:3	c_000000002290
S0R12221937/1 BH:changed:1	c_000000002290
S0R12221937/1 BH:changed:1	c_000000002290
S0R12239846/1 BH:changed:3	c_000000002290
S0R12239846/1 BH:changed:3	c_000000002290
S0R12257646/1 BH:changed:4	c_000000002290
S0R12257646/1 BH:changed:4	c_000000002290
S0R12311128/1 BH:changed:3	c_000000002290
S0R12311128/1 BH:changed:3	c_000000002290
S0R12313938/1 BH:changed:3	c_000000002290
S0R12313938/1 BH:changed:3	c_000000002290
S0R12361998/1 BH:changed:1	c_000000002290
S0R12361998/1 BH:changed:1	c_000000002290
S0R12370889/1 BH:ok	c_000000002290
S0R12370889/1 BH:ok	c_000000002290
S0R12369674/1 BH:changed:1	c_000000002290
S0R12369674/1 BH:changed:1	c_000000002290
S0R12394742/1 BH:changed:2	c_000000002290
S0R12394742/1 BH:changed:2	c_000000002290
S0R12405659/1 BH:changed:3	c_000000002290
S0R12405659/1 BH:changed:3	c_000000002290
S0R12521852/1 BH:changed:7	c_000000002290
S0R12521852/1 BH:changed:7	c_000000002290
S0R12560745/1 BH:changed:3	c_000000002290
S0R12560745/1 BH:changed:3	c_000000002290
S0R12566875/1 BH:changed:2	c_000000002290
S0R12566875/1 BH:changed:2	c_000000002290
S0R12586006/1 BH:changed:2	c_000000002290
S0R12586006/1 BH:changed:2	c_000000002290
S0R12598376/1 BH:changed:3	c_000000002290
S0R12598376/1 BH:changed:3	c_000000002290
S0R12657362/1 BH:changed:3	c_000000002290
S0R12657362/1 BH:changed:3	c_000000002290
S0R12684732/1 BH:changed:1	c_000000002290
S0R12684732/1 BH:changed:1	c_000000002290
S0R12709617/1 BH:ok	c_000000002290
S0R12709617/1 BH:ok	c_000000002290
S0R12714926/1 BH:changed:6	c_000000002290
S0R12714926/1 BH:changed:6	c_000000002290
S0R12768895/1 BH:changed:3	c_000000002290
S0R12768895/1 BH:changed:3	c_000000002290
S0R12853404/1 BH:changed:3	c_000000002290
S0R12853404/1 BH:changed:3	c_000000002290
S0R12882686/1 BH:changed:3	c_000000002290
S0R12882686/1 BH:changed:3	c_000000002290
S0R12889136/1 BH:changed:4	c_000000002290
S0R12889136/1 BH:changed:4	c_000000002290
S0R12866022/1 BH:changed:1	c_000000002290
S0R12866022/1 BH:changed:1	c_000000002290
S0R12900819/1 BH:changed:5	c_000000002290
S0R12900819/1 BH:changed:5	c_000000002290
S0R12948828/1 BH:changed:4	c_000000002290
S0R12948828/1 BH:changed:4	c_000000002290
S0R12956232/1 BH:changed:5	c_000000002290
S0R12956232/1 BH:changed:5	c_000000002290
S0R12959748/1 BH:changed:2	c_000000002290
S0R12959748/1 BH:changed:2	c_000000002290
S0R13002688/1 BH:changed:4	c_000000002290
S0R13002688/1 BH:changed:4	c_000000002290
S0R13003631/1 BH:changed:5	c_000000002290
S0R13003631/1 BH:changed:5	c_000000002290
S0R13018669/1 BH:changed:7	c_000000002290
S0R13018669/1 BH:changed:7	c_000000002290
S0R13042409/1 BH:changed:1	c_000000002290
S0R13042409/1 BH:changed:1	c_000000002290
S0R13062059/1 BH:changed:4	c_000000002290
S0R13062059/1 BH:changed:4	c_000000002290
S0R13089115/1 BH:changed:2	c_000000002290
S0R13089115/1 BH:changed:2	c_000000002290
S0R13181140/1 BH:changed:1	c_000000002290
S0R13181140/1 BH:changed:1	c_000000002290
S0R13174072/1 BH:changed:2	c_000000002290
S0R13174072/1 BH:changed:2	c_000000002290
S0R13212304/1 BH:changed:3	c_000000002290
S0R13212304/1 BH:changed:3	c_000000002290
S0R13244778/1 BH:changed:1	c_000000002290
S0R13244778/1 BH:changed:1	c_000000002290
S0R13276132/1 BH:changed:1	c_000000002290
S0R13276132/1 BH:changed:1	c_000000002290
S0R13286928/1 BH:changed:3	c_000000002290
S0R13286928/1 BH:changed:3	c_000000002290
S0R13280775/1 BH:changed:3	c_000000002290
S0R13280775/1 BH:changed:3	c_000000002290
S0R13298247/1 BH:changed:5	c_000000002290
S0R13298247/1 BH:changed:5	c_000000002290
S0R13321516/1 BH:changed:2	c_000000002290
S0R13321516/1 BH:changed:2	c_000000002290
S0R13323699/1 BH:changed:3	c_000000002290
S0R13323699/1 BH:changed:3	c_000000002290
S0R13388836/1 BH:changed:3	c_000000002290
S0R13388836/1 BH:changed:3	c_000000002290
S0R13397328/1 BH:ok	c_000000002290
S0R13397328/1 BH:ok	c_000000002290
S0R13387497/1 BH:changed:2	c_000000002290
S0R13387497/1 BH:changed:2	c_000000002290
S0R13402540/1 BH:changed:4	c_000000002290
S0R13402540/1 BH:changed:4	c_000000002290
S0R13402596/1 BH:changed:5	c_000000002290
S0R13402596/1 BH:changed:5	c_000000002290
S0R13454049/1 BH:changed:2	c_000000002290
S0R13454049/1 BH:changed:2	c_000000002290
S0R13490116/1 BH:changed:5	c_000000002290
S0R13490116/1 BH:changed:5	c_000000002290
S0R13563240/1 BH:changed:1	c_000000002290
S0R13563240/1 BH:changed:1	c_000000002290
S0R13560941/1 BH:changed:2	c_000000002290
S0R13560941/1 BH:changed:2	c_000000002290
S0R13562779/1 BH:changed:2	c_000000002290
S0R13562779/1 BH:changed:2	c_000000002290
S0R13601767/1 BH:changed:4	c_000000002290
S0R13601767/1 BH:changed:4	c_000000002290
S0R13591141/1 BH:changed:2	c_000000002290
S0R13591141/1 BH:changed:2	c_000000002290
S0R13602240/1 BH:changed:2	c_000000002290
S0R13602240/1 BH:changed:2	c_000000002290
S0R13615661/1 BH:changed:1	c_000000002290
S0R13615661/1 BH:changed:1	c_000000002290
S0R13621711/1 BH:changed:1	c_000000002290
S0R13621711/1 BH:changed:1	c_000000002290
S0R13629099/1 BH:changed:3	c_000000002290
S0R13629099/1 BH:changed:3	c_000000002290
S0R13641084/1 BH:changed:3	c_000000002290
S0R13641084/1 BH:changed:3	c_000000002290
S0R13642317/1 BH:changed:3	c_000000002290
S0R13642317/1 BH:changed:3	c_000000002290
S0R13666003/1 BH:changed:2	c_000000002290
S0R13666003/1 BH:changed:2	c_000000002290
S0R13700882/1 BH:changed:4	c_000000002290
S0R13700882/1 BH:changed:4	c_000000002290
S0R13742681/1 BH:changed:2	c_000000002290
S0R13742681/1 BH:changed:2	c_000000002290
S0R13743032/1 BH:changed:2	c_000000002290
S0R13743032/1 BH:changed:2	c_000000002290
S0R13745183/1 BH:changed:4	c_000000002290
S0R13745183/1 BH:changed:4	c_000000002290
S0R13764203/1 BH:changed:4	c_000000002290
S0R13764203/1 BH:changed:4	c_000000002290
S0R13771877/1 BH:changed:2	c_000000002290
S0R13771877/1 BH:changed:2	c_000000002290
S0R13786462/1 BH:changed:5	c_000000002290
S0R13786462/1 BH:changed:5	c_000000002290
S0R13828270/1 BH:changed:5	c_000000002290
S0R13828270/1 BH:changed:5	c_000000002290
S0R13825151/1 BH:changed:2	c_000000002290
S0R13825151/1 BH:changed:2	c_000000002290
S0R13903423/1 BH:changed:3	c_000000002290
S0R13903423/1 BH:changed:3	c_000000002290
S0R13918807/1 BH:changed:2	c_000000002290
S0R13918807/1 BH:changed:2	c_000000002290
S0R13920916/1 BH:changed:2	c_000000002290
S0R13920916/1 BH:changed:2	c_000000002290
S0R13928046/1 BH:changed:1	c_000000002290
S0R13928046/1 BH:changed:1	c_000000002290
S0R13943419/1 BH:changed:2	c_000000002290
S0R13943419/1 BH:changed:2	c_000000002290
S0R13955591/1 BH:changed:5	c_000000002290
S0R13955591/1 BH:changed:5	c_000000002290
S0R13955403/1 BH:changed:2	c_000000002290
S0R13955403/1 BH:changed:2	c_000000002290
S0R13967322/1 BH:changed:4	c_000000002290
S0R13967322/1 BH:changed:4	c_000000002290
S0R13965587/1 BH:changed:1	c_000000002290
S0R13965587/1 BH:changed:1	c_000000002290
S0R13959152/1 BH:changed:4	c_000000002290
S0R13959152/1 BH:changed:4	c_000000002290
S0R13979605/1 BH:changed:10	c_000000002290
S0R13979605/1 BH:changed:10	c_000000002290
S0R13990454/1 BH:changed:2	c_000000002290
S0R13990454/1 BH:changed:2	c_000000002290
S0R13989747/1 BH:ok	c_000000002290
S0R13989747/1 BH:ok	c_000000002290
S0R14062859/1 BH:changed:2	c_000000002290
S0R14062859/1 BH:changed:2	c_000000002290
S0R14074798/1 BH:changed:7	c_000000002290
S0R14074798/1 BH:changed:7	c_000000002290
S0R14087248/1 BH:changed:2	c_000000002290
S0R14087248/1 BH:changed:2	c_000000002290
S0R14103873/1 BH:changed:2	c_000000002290
S0R14103873/1 BH:changed:2	c_000000002290
S0R14097467/1 BH:changed:3	c_000000002290
S0R14097467/1 BH:changed:3	c_000000002290
S0R14124877/1 BH:changed:2	c_000000002290
S0R14124877/1 BH:changed:2	c_000000002290
S0R14132537/1 BH:changed:3	c_000000002290
S0R14132537/1 BH:changed:3	c_000000002290
S0R14160099/1 BH:changed:5	c_000000002290
S0R14160099/1 BH:changed:5	c_000000002290
S0R14169818/1 BH:changed:4	c_000000002290
S0R14169818/1 BH:changed:4	c_000000002290
S0R14181226/1 BH:changed:4	c_000000002290
S0R14181226/1 BH:changed:4	c_000000002290
S0R14207267/1 BH:changed:2	c_000000002290
S0R14207267/1 BH:changed:2	c_000000002290
S0R14255396/1 BH:ok	c_000000002290
S0R14255396/1 BH:ok	c_000000002290
S0R14304918/1 BH:changed:2	c_000000002290
S0R14304918/1 BH:changed:2	c_000000002290
S0R14309137/1 BH:changed:3	c_000000002290
S0R14309137/1 BH:changed:3	c_000000002290
S0R14328395/1 BH:changed:3	c_000000002290
S0R14328395/1 BH:changed:3	c_000000002290
S0R14361090/1 BH:changed:2	c_000000002290
S0R14361090/1 BH:changed:2	c_000000002290
S0R14356315/1 BH:changed:2	c_000000002290
S0R14356315/1 BH:changed:2	c_000000002290
S0R14344556/1 BH:changed:5	c_000000002290
S0R14344556/1 BH:changed:5	c_000000002290
S0R14378726/1 BH:changed:4	c_000000002290
S0R14378726/1 BH:changed:4	c_000000002290
S0R14407017/1 BH:changed:2	c_000000002290
S0R14407017/1 BH:changed:2	c_000000002290
S0R14445294/1 BH:changed:7	c_000000002290
S0R14445294/1 BH:changed:7	c_000000002290
S0R14446317/1 BH:changed:5	c_000000002290
S0R14446317/1 BH:changed:5	c_000000002290
S0R14439261/1 BH:changed:1	c_000000002290
S0R14439261/1 BH:changed:1	c_000000002290
S0R14472612/1 BH:changed:3	c_000000002290
S0R14472612/1 BH:changed:3	c_000000002290
S0R14509973/1 BH:changed:5	c_000000002290
S0R14509973/1 BH:changed:5	c_000000002290
S0R14495201/1 BH:changed:7	c_000000002290
S0R14495201/1 BH:changed:7	c_000000002290
S0R14531526/1 BH:changed:5	c_000000002290
S0R14531526/1 BH:changed:5	c_000000002290
S0R14529553/1 BH:changed:4	c_000000002290
S0R14529553/1 BH:changed:4	c_000000002290
S0R14533603/1 BH:changed:3	c_000000002290
S0R14533603/1 BH:changed:3	c_000000002290
S0R14543508/1 BH:changed:3	c_000000002290
S0R14543508/1 BH:changed:3	c_000000002290
S0R14582559/1 BH:changed:1	c_000000002290
S0R14582559/1 BH:changed:1	c_000000002290
S0R14604585/1 BH:changed:7	c_000000002290
S0R14604585/1 BH:changed:7	c_000000002290
S0R14616307/1 BH:changed:2	c_000000002290
S0R14616307/1 BH:changed:2	c_000000002290
S0R14616635/1 BH:changed:5	c_000000002290
S0R14616635/1 BH:changed:5	c_000000002290
S0R14619942/1 BH:changed:2	c_000000002290
S0R14619942/1 BH:changed:2	c_000000002290
S0R14659053/1 BH:changed:2	c_000000002290
S0R14659053/1 BH:changed:2	c_000000002290
S0R14768647/1 BH:changed:6	c_000000002290
S0R14768647/1 BH:changed:6	c_000000002290
S0R14806838/1 BH:changed:2	c_000000002290
S0R14806838/1 BH:changed:2	c_000000002290
S0R14808224/1 BH:changed:2	c_000000002290
S0R14808224/1 BH:changed:2	c_000000002290
S0R14849183/1 BH:changed:3	c_000000002290
S0R14849183/1 BH:changed:3	c_000000002290
S0R14849981/1 BH:changed:3	c_000000002290
S0R14849981/1 BH:changed:3	c_000000002290
S0R14908571/1 BH:changed:4	c_000000002290
S0R14908571/1 BH:changed:4	c_000000002290
S0R14919794/1 BH:changed:4	c_000000002290
S0R14919794/1 BH:changed:4	c_000000002290
S0R14940764/1 BH:changed:4	c_000000002290
S0R14940764/1 BH:changed:4	c_000000002290
S0R14929670/1 BH:changed:3	c_000000002290
S0R14929670/1 BH:changed:3	c_000000002290
S0R14946640/1 BH:changed:2	c_000000002290
S0R14946640/1 BH:changed:2	c_000000002290
S0R15048141/1 BH:changed:6	c_000000002290
S0R15048141/1 BH:changed:6	c_000000002290
S0R15098371/1 BH:changed:2	c_000000002290
S0R15098371/1 BH:changed:2	c_000000002290
S0R15096018/1 BH:changed:2	c_000000002290
S0R15096018/1 BH:changed:2	c_000000002290
S0R15122703/1 BH:changed:1	c_000000002290
S0R15122703/1 BH:changed:1	c_000000002290
S0R15126835/1 BH:changed:4	c_000000002290
S0R15126835/1 BH:changed:4	c_000000002290
S0R15135431/1 BH:changed:4	c_000000002290
S0R15135431/1 BH:changed:4	c_000000002290
S0R15146475/1 BH:changed:4	c_000000002290
S0R15146475/1 BH:changed:4	c_000000002290
S0R15157858/1 BH:changed:1	c_000000002290
S0R15157858/1 BH:changed:1	c_000000002290
S0R15183367/1 BH:changed:4	c_000000002290
S0R15183367/1 BH:changed:4	c_000000002290
S0R15223156/1 BH:changed:4	c_000000002290
S0R15223156/1 BH:changed:4	c_000000002290
S0R15227432/1 BH:changed:1	c_000000002290
S0R15227432/1 BH:changed:1	c_000000002290
S0R15228470/1 BH:changed:5	c_000000002290
S0R15228470/1 BH:changed:5	c_000000002290
S0R15233531/1 BH:changed:1	c_000000002290
S0R15233531/1 BH:changed:1	c_000000002290
S0R15277641/1 BH:changed:3	c_000000002290
S0R15277641/1 BH:changed:3	c_000000002290
S0R15300806/1 BH:changed:3	c_000000002290
S0R15300806/1 BH:changed:3	c_000000002290
S0R15347461/1 BH:changed:6	c_000000002290
S0R15347461/1 BH:changed:6	c_000000002290
S0R15365082/1 BH:changed:5	c_000000002290
S0R15365082/1 BH:changed:5	c_000000002290
S0R15368107/1 BH:changed:2	c_000000002290
S0R15368107/1 BH:changed:2	c_000000002290
S0R15360595/1 BH:changed:5	c_000000002290
S0R15360595/1 BH:changed:5	c_000000002290
S0R15394479/1 BH:changed:4	c_000000002290
S0R15394479/1 BH:changed:4	c_000000002290
S0R15397665/1 BH:changed:7	c_000000002290
S0R15397665/1 BH:changed:7	c_000000002290
S0R15442300/1 BH:changed:1	c_000000002290
S0R15442300/1 BH:changed:1	c_000000002290
S0R15454446/1 BH:ok	c_000000002290
S0R15454446/1 BH:ok	c_000000002290
S0R15510097/1 BH:changed:4	c_000000002290
S0R15510097/1 BH:changed:4	c_000000002290
S0R15557147/1 BH:changed:1	c_000000002290
S0R15557147/1 BH:changed:1	c_000000002290
S0R15568579/1 BH:changed:3	c_000000002290
S0R15568579/1 BH:changed:3	c_000000002290
S0R15589728/1 BH:changed:5	c_000000002290
S0R15589728/1 BH:changed:5	c_000000002290
S0R15621578/1 BH:changed:3	c_000000002290
S0R15621578/1 BH:changed:3	c_000000002290
S0R15644621/1 BH:changed:7	c_000000002290
S0R15644621/1 BH:changed:7	c_000000002290
S0R15653554/1 BH:ok	c_000000002290
S0R15653554/1 BH:ok	c_000000002290
S0R15677978/1 BH:changed:2	c_000000002290
S0R15677978/1 BH:changed:2	c_000000002290
S0R15727994/1 BH:changed:3	c_000000002290
S0R15727994/1 BH:changed:3	c_000000002290
S0R15741088/1 BH:changed:3	c_000000002290
S0R15741088/1 BH:changed:3	c_000000002290
S0R15751353/1 BH:changed:2	c_000000002290
S0R15751353/1 BH:changed:2	c_000000002290
S0R15745152/1 BH:changed:3	c_000000002290
S0R15745152/1 BH:changed:3	c_000000002290
S0R15775870/1 BH:changed:1	c_000000002290
S0R15775870/1 BH:changed:1	c_000000002290
S0R15778221/1 BH:changed:2	c_000000002290
S0R15778221/1 BH:changed:2	c_000000002290
S0R15832295/1 BH:changed:2	c_000000002290
S0R15832295/1 BH:changed:2	c_000000002290
S0R15853599/1 BH:changed:5	c_000000002290
S0R15853599/1 BH:changed:5	c_000000002290
S0R15855324/1 BH:changed:6	c_000000002290
S0R15855324/1 BH:changed:6	c_000000002290
S0R15893042/1 BH:changed:2	c_000000002290
S0R15893042/1 BH:changed:2	c_000000002290
S0R15891104/1 BH:changed:5	c_000000002290
S0R15891104/1 BH:changed:5	c_000000002290
S0R15961317/1 BH:changed:3	c_000000002290
S0R15961317/1 BH:changed:3	c_000000002290
S0R15962281/1 BH:changed:1	c_000000002290
S0R15962281/1 BH:changed:1	c_000000002290
S0R15972264/1 BH:changed:1	c_000000002290
S0R15972264/1 BH:changed:1	c_000000002290
S0R15986577/1 BH:changed:2	c_000000002290
S0R15986577/1 BH:changed:2	c_000000002290
S0R15970504/1 BH:changed:2	c_000000002290
S0R15970504/1 BH:changed:2	c_000000002290
S0R16015747/1 BH:changed:3	c_000000002290
S0R16015747/1 BH:changed:3	c_000000002290
S0R16053315/1 BH:changed:4	c_000000002290
S0R16053315/1 BH:changed:4	c_000000002290
S0R16060531/1 BH:changed:1	c_000000002290
S0R16060531/1 BH:changed:1	c_000000002290
S0R16061722/1 BH:changed:5	c_000000002290
S0R16061722/1 BH:changed:5	c_000000002290
S0R16076750/1 BH:changed:3	c_000000002290
S0R16076750/1 BH:changed:3	c_000000002290
S0R16082035/1 BH:changed:4	c_000000002290
S0R16082035/1 BH:changed:4	c_000000002290
S0R16108384/1 BH:changed:3	c_000000002290
S0R16108384/1 BH:changed:3	c_000000002290
S0R16119136/1 BH:changed:5	c_000000002290
S0R16119136/1 BH:changed:5	c_000000002290
S0R16125345/1 BH:changed:1	c_000000002290
S0R16125345/1 BH:changed:1	c_000000002290
S0R16139908/1 BH:changed:4	c_000000002290
S0R16139908/1 BH:changed:4	c_000000002290
S0R16146225/1 BH:changed:3	c_000000002290
S0R16146225/1 BH:changed:3	c_000000002290
S0R16158684/1 BH:changed:1	c_000000002290
S0R16158684/1 BH:changed:1	c_000000002290
S0R16159575/1 BH:changed:3	c_000000002290
S0R16159575/1 BH:changed:3	c_000000002290
S0R16162176/1 BH:changed:4	c_000000002290
S0R16162176/1 BH:changed:4	c_000000002290
S0R16180174/1 BH:changed:4	c_000000002290
S0R16180174/1 BH:changed:4	c_000000002290
S0R16210179/1 BH:changed:1	c_000000002290
S0R16210179/1 BH:changed:1	c_000000002290
S0R16215329/1 BH:failed	c_000000002290
S0R16215329/1 BH:failed	c_000000002290
S0R16256832/1 BH:changed:5	c_000000002290
S0R16256832/1 BH:changed:5	c_000000002290
S0R16276101/1 BH:changed:2	c_000000002290
S0R16276101/1 BH:changed:2	c_000000002290
S0R16314421/1 BH:changed:5	c_000000002290
S0R16314421/1 BH:changed:5	c_000000002290
S0R16333153/1 BH:changed:5	c_000000002290
S0R16333153/1 BH:changed:5	c_000000002290
S0R16370454/1 BH:changed:6	c_000000002290
S0R16370454/1 BH:changed:6	c_000000002290
S0R16401461/1 BH:changed:3	c_000000002290
S0R16401461/1 BH:changed:3	c_000000002290
S0R16405190/1 BH:changed:3	c_000000002290
S0R16405190/1 BH:changed:3	c_000000002290
S0R16392687/1 BH:changed:1	c_000000002290
S0R16392687/1 BH:changed:1	c_000000002290
S0R16418424/1 BH:changed:5	c_000000002290
S0R16418424/1 BH:changed:5	c_000000002290
S0R16455725/1 BH:changed:1	c_000000002290
S0R16455725/1 BH:changed:1	c_000000002290
S0R16465777/1 BH:changed:2	c_000000002290
S0R16465777/1 BH:changed:2	c_000000002290
S0R16474586/1 BH:changed:4	c_000000002290
S0R16474586/1 BH:changed:4	c_000000002290
S0R16502131/1 BH:changed:2	c_000000002290
S0R16502131/1 BH:changed:2	c_000000002290
S0R16501523/1 BH:changed:2	c_000000002290
S0R16501523/1 BH:changed:2	c_000000002290
S0R16504035/1 BH:changed:4	c_000000002290
S0R16504035/1 BH:changed:4	c_000000002290
S0R16505514/1 BH:changed:2	c_000000002290
S0R16505514/1 BH:changed:2	c_000000002290
S0R16528021/1 BH:changed:2	c_000000002290
S0R16528021/1 BH:changed:2	c_000000002290
S0R16533282/1 BH:changed:6	c_000000002290
S0R16533282/1 BH:changed:6	c_000000002290
S0R16549896/1 BH:changed:3	c_000000002290
S0R16549896/1 BH:changed:3	c_000000002290
S0R16551963/1 BH:ok	c_000000002290
S0R16551963/1 BH:ok	c_000000002290
S0R16572891/1 BH:changed:2	c_000000002290
S0R16572891/1 BH:changed:2	c_000000002290
S0R16574259/1 BH:changed:1	c_000000002290
S0R16574259/1 BH:changed:1	c_000000002290
S0R16617454/1 BH:changed:2	c_000000002290
S0R16617454/1 BH:changed:2	c_000000002290
S0R5803/1 BH:changed:1	c_000000000341
S0R5803/1 BH:changed:1	c_000000000341
S0R10533/1 BH:changed:1	c_000000000341
S0R10533/1 BH:changed:1	c_000000000341
S0R24327/1 BH:changed:2	c_000000000341
S0R24327/1 BH:changed:2	c_000000000341
S0R27678/1 BH:changed:6	c_000000000341
S0R27678/1 BH:changed:6	c_000000000341
S0R31993/1 BH:changed:1	c_000000000341
S0R31993/1 BH:changed:1	c_000000000341
S0R36727/1 BH:changed:1	c_000000000341
S0R36727/1 BH:changed:1	c_000000000341
S0R32376/1 BH:changed:4	c_000000000341
S0R32376/1 BH:changed:4	c_000000000341
S0R40573/1 BH:changed:2	c_000000000341
S0R40573/1 BH:changed:2	c_000000000341
S0R40238/1 BH:changed:2	c_000000000341
S0R40238/1 BH:changed:2	c_000000000341
S0R38760/1 BH:changed:4	c_000000000341
S0R38760/1 BH:changed:4	c_000000000341
S0R45196/1 BH:changed:4	c_000000000341
S0R45196/1 BH:changed:4	c_000000000341
S0R50600/1 BH:changed:3	c_000000000341
S0R50600/1 BH:changed:3	c_000000000341
S0R56305/1 BH:changed:4	c_000000000341
S0R56305/1 BH:changed:4	c_000000000341
S0R57320/1 BH:failed	c_000000000341
S0R57320/1 BH:failed	c_000000000341
S0R82802/1 BH:changed:2	c_000000000341
S0R82802/1 BH:changed:2	c_000000000341
S0R89608/1 BH:changed:3	c_000000000341
S0R89608/1 BH:changed:3	c_000000000341
S0R90827/1 BH:changed:4	c_000000000341
S0R90827/1 BH:changed:4	c_000000000341
S0R90843/1 BH:changed:2	c_000000000341
S0R90843/1 BH:changed:2	c_000000000341
S0R96117/1 BH:changed:6	c_000000000341
S0R96117/1 BH:changed:6	c_000000000341
S0R105493/1 BH:changed:5	c_000000000341
S0R105493/1 BH:changed:5	c_000000000341
S0R109366/1 BH:changed:1	c_000000000341
S0R109366/1 BH:changed:1	c_000000000341
S0R118015/1 BH:changed:2	c_000000000341
S0R118015/1 BH:changed:2	c_000000000341
S0R113392/1 BH:changed:7	c_000000000341
S0R113392/1 BH:changed:7	c_000000000341
S0R147334/1 BH:ok	c_000000000341
S0R147334/1 BH:ok	c_000000000341
S0R140344/1 BH:changed:3	c_000000000341
S0R140344/1 BH:changed:3	c_000000000341
S0R147207/1 BH:changed:2	c_000000000341
S0R147207/1 BH:changed:2	c_000000000341
S0R151755/1 BH:changed:3	c_000000000341
S0R151755/1 BH:changed:3	c_000000000341
S0R150261/1 BH:changed:2	c_000000000341
S0R150261/1 BH:changed:2	c_000000000341
S0R155907/1 BH:changed:5	c_000000000341
S0R155907/1 BH:changed:5	c_000000000341
S0R150041/1 BH:changed:2	c_000000000341
S0R150041/1 BH:changed:2	c_000000000341
S0R155184/1 BH:changed:4	c_000000000341
S0R155184/1 BH:changed:4	c_000000000341
S0R164406/1 BH:changed:3	c_000000000341
S0R164406/1 BH:changed:3	c_000000000341
S0R164577/1 BH:changed:5	c_000000000341
S0R164577/1 BH:changed:5	c_000000000341
S0R165738/1 BH:changed:2	c_000000000341
S0R165738/1 BH:changed:2	c_000000000341
S0R161010/1 BH:changed:3	c_000000000341
S0R161010/1 BH:changed:3	c_000000000341
S0R173418/1 BH:changed:4	c_000000000341
S0R173418/1 BH:changed:4	c_000000000341
S0R176265/1 BH:changed:2	c_000000000341
S0R176265/1 BH:changed:2	c_000000000341
S0R174984/1 BH:changed:1	c_000000000341
S0R174984/1 BH:changed:1	c_000000000341
S0R181288/1 BH:changed:4	c_000000000341
S0R181288/1 BH:changed:4	c_000000000341
S0R190093/1 BH:changed:2	c_000000000341
S0R190093/1 BH:changed:2	c_000000000341
S0R194929/1 BH:changed:3	c_000000000341
S0R194929/1 BH:changed:3	c_000000000341
S0R209488/1 BH:failed	c_000000000341
S0R209488/1 BH:failed	c_000000000341
S0R215678/1 BH:changed:4	c_000000000341
S0R215678/1 BH:changed:4	c_000000000341
S0R218725/1 BH:changed:1	c_000000000341
S0R218725/1 BH:changed:1	c_000000000341
S0R222732/1 BH:changed:1	c_000000000341
S0R222732/1 BH:changed:1	c_000000000341
S0R229187/1 BH:changed:3	c_000000000341
S0R229187/1 BH:changed:3	c_000000000341
S0R231503/1 BH:changed:2	c_000000000341
S0R231503/1 BH:changed:2	c_000000000341
S0R230212/1 BH:changed:3	c_000000000341
S0R230212/1 BH:changed:3	c_000000000341
S0R235826/1 BH:changed:2	c_000000000341
S0R235826/1 BH:changed:2	c_000000000341
S0R240016/1 BH:changed:2	c_000000000341
S0R240016/1 BH:changed:2	c_000000000341
S0R245699/1 BH:changed:2	c_000000000341
S0R245699/1 BH:changed:2	c_000000000341
S0R260020/1 BH:changed:5	c_000000000341
S0R260020/1 BH:changed:5	c_000000000341
S0R267033/1 BH:changed:5	c_000000000341
S0R267033/1 BH:changed:5	c_000000000341
S0R291252/1 BH:changed:5	c_000000000341
S0R291252/1 BH:changed:5	c_000000000341
S0R297879/1 BH:changed:4	c_000000000341
S0R297879/1 BH:changed:4	c_000000000341
S0R322140/1 BH:changed:2	c_000000000341
S0R322140/1 BH:changed:2	c_000000000341
S0R317254/1 BH:changed:7	c_000000000341
S0R317254/1 BH:changed:7	c_000000000341
S0R324184/1 BH:changed:4	c_000000000341
S0R324184/1 BH:changed:4	c_000000000341
S0R332058/1 BH:changed:4	c_000000000341
S0R332058/1 BH:changed:4	c_000000000341
S0R342016/1 BH:ok	c_000000000341
S0R342016/1 BH:ok	c_000000000341
S0R342052/1 BH:ok	c_000000000341
S0R342052/1 BH:ok	c_000000000341
S0R352932/1 BH:changed:2	c_000000000341
S0R352932/1 BH:changed:2	c_000000000341
S0R353465/1 BH:changed:1	c_000000000341
S0R353465/1 BH:changed:1	c_000000000341
S0R352135/1 BH:changed:3	c_000000000341
S0R352135/1 BH:changed:3	c_000000000341
S0R357249/1 BH:changed:3	c_000000000341
S0R357249/1 BH:changed:3	c_000000000341
S0R370816/1 BH:changed:5	c_000000000341
S0R370816/1 BH:changed:5	c_000000000341
S0R367629/1 BH:changed:1	c_000000000341
S0R367629/1 BH:changed:1	c_000000000341
S0R373613/1 BH:changed:6	c_000000000341
S0R373613/1 BH:changed:6	c_000000000341
S0R373806/1 BH:changed:2	c_000000000341
S0R373806/1 BH:changed:2	c_000000000341
S0R378240/1 BH:changed:9	c_000000000341
S0R378240/1 BH:changed:9	c_000000000341
S0R406367/1 BH:changed:3	c_000000000341
S0R406367/1 BH:changed:3	c_000000000341
S0R407970/1 BH:changed:6	c_000000000341
S0R407970/1 BH:changed:6	c_000000000341
S0R412580/1 BH:changed:5	c_000000000341
S0R412580/1 BH:changed:5	c_000000000341
S0R406735/1 BH:changed:2	c_000000000341
S0R406735/1 BH:changed:2	c_000000000341
S0R420666/1 BH:ok	c_000000000341
S0R420666/1 BH:ok	c_000000000341
S0R448761/1 BH:changed:6	c_000000000341
S0R448761/1 BH:changed:6	c_000000000341
S0R447473/1 BH:changed:7	c_000000000341
S0R447473/1 BH:changed:7	c_000000000341
S0R446005/1 BH:changed:2	c_000000000341
S0R446005/1 BH:changed:2	c_000000000341
S0R454066/1 BH:changed:2	c_000000000341
S0R454066/1 BH:changed:2	c_000000000341
S0R460641/1 BH:changed:3	c_000000000341
S0R460641/1 BH:changed:3	c_000000000341
S0R464729/1 BH:changed:3	c_000000000341
S0R464729/1 BH:changed:3	c_000000000341
S0R465335/1 BH:ok	c_000000000341
S0R465335/1 BH:ok	c_000000000341
S0R473141/1 BH:ok	c_000000000341
S0R473141/1 BH:ok	c_000000000341
S0R491995/1 BH:changed:1	c_000000000341
S0R491995/1 BH:changed:1	c_000000000341
S0R486940/1 BH:changed:4	c_000000000341
S0R486940/1 BH:changed:4	c_000000000341
S0R498314/1 BH:changed:2	c_000000000341
S0R498314/1 BH:changed:2	c_000000000341
S0R496203/1 BH:changed:4	c_000000000341
S0R496203/1 BH:changed:4	c_000000000341
S0R495688/1 BH:changed:2	c_000000000341
S0R495688/1 BH:changed:2	c_000000000341
S0R511276/1 BH:changed:3	c_000000000341
S0R511276/1 BH:changed:3	c_000000000341
S0R507161/1 BH:changed:4	c_000000000341
S0R507161/1 BH:changed:4	c_000000000341
S0R513325/1 BH:changed:2	c_000000000341
S0R513325/1 BH:changed:2	c_000000000341
S0R517200/1 BH:changed:5	c_000000000341
S0R517200/1 BH:changed:5	c_000000000341
S0R525750/1 BH:changed:3	c_000000000341
S0R525750/1 BH:changed:3	c_000000000341
S0R546051/1 BH:changed:2	c_000000000341
S0R546051/1 BH:changed:2	c_000000000341
S0R554892/1 BH:changed:2	c_000000000341
S0R554892/1 BH:changed:2	c_000000000341
S0R560916/1 BH:changed:5	c_000000000341
S0R560916/1 BH:changed:5	c_000000000341
S0R569012/1 BH:changed:3	c_000000000341
S0R569012/1 BH:changed:3	c_000000000341
S0R565953/1 BH:changed:5	c_000000000341
S0R565953/1 BH:changed:5	c_000000000341
S0R572497/1 BH:changed:3	c_000000000341
S0R572497/1 BH:changed:3	c_000000000341
S0R580382/1 BH:changed:2	c_000000000341
S0R580382/1 BH:changed:2	c_000000000341
S0R586707/1 BH:changed:3	c_000000000341
S0R586707/1 BH:changed:3	c_000000000341
S0R592771/1 BH:changed:2	c_000000000341
S0R592771/1 BH:changed:2	c_000000000341
S0R592786/1 BH:changed:2	c_000000000341
S0R592786/1 BH:changed:2	c_000000000341
S0R591040/1 BH:changed:1	c_000000000341
S0R591040/1 BH:changed:1	c_000000000341
S0R597670/1 BH:changed:3	c_000000000341
S0R597670/1 BH:changed:3	c_000000000341
S0R592303/1 BH:changed:4	c_000000000341
S0R592303/1 BH:changed:4	c_000000000341
S0R603846/1 BH:changed:3	c_000000000341
S0R603846/1 BH:changed:3	c_000000000341
S0R618820/1 BH:changed:3	c_000000000341
S0R618820/1 BH:changed:3	c_000000000341
S0R619142/1 BH:changed:1	c_000000000341
S0R619142/1 BH:changed:1	c_000000000341
S0R625959/1 BH:changed:3	c_000000000341
S0R625959/1 BH:changed:3	c_000000000341
S0R625331/1 BH:failed	c_000000000341
S0R625331/1 BH:failed	c_000000000341
S0R629314/1 BH:changed:3	c_000000000341
S0R629314/1 BH:changed:3	c_000000000341
S0R639448/1 BH:changed:1	c_000000000341
S0R639448/1 BH:changed:1	c_000000000341
S0R634402/1 BH:changed:2	c_000000000341
S0R634402/1 BH:changed:2	c_000000000341
S0R639867/1 BH:changed:2	c_000000000341
S0R639867/1 BH:changed:2	c_000000000341
S0R641247/1 BH:changed:5	c_000000000341
S0R641247/1 BH:changed:5	c_000000000341
S0R652924/1 BH:changed:3	c_000000000341
S0R652924/1 BH:changed:3	c_000000000341
S0R660973/1 BH:changed:2	c_000000000341
S0R660973/1 BH:changed:2	c_000000000341
S0R661617/1 BH:changed:3	c_000000000341
S0R661617/1 BH:changed:3	c_000000000341
S0R668120/1 BH:changed:5	c_000000000341
S0R668120/1 BH:changed:5	c_000000000341
S0R667060/1 BH:changed:4	c_000000000341
S0R667060/1 BH:changed:4	c_000000000341
S0R670923/1 BH:changed:3	c_000000000341
S0R670923/1 BH:changed:3	c_000000000341
S0R673406/1 BH:changed:6	c_000000000341
S0R673406/1 BH:changed:6	c_000000000341
S0R678992/1 BH:changed:2	c_000000000341
S0R678992/1 BH:changed:2	c_000000000341
S0R686734/1 BH:changed:2	c_000000000341
S0R686734/1 BH:changed:2	c_000000000341
S0R686477/1 BH:changed:3	c_000000000341
S0R686477/1 BH:changed:3	c_000000000341
S0R683225/1 BH:changed:3	c_000000000341
S0R683225/1 BH:changed:3	c_000000000341
S0R688552/1 BH:changed:4	c_000000000341
S0R688552/1 BH:changed:4	c_000000000341
S0R695751/1 BH:ok	c_000000000341
S0R695751/1 BH:ok	c_000000000341
S0R695693/1 BH:changed:4	c_000000000341
S0R695693/1 BH:changed:4	c_000000000341
S0R705139/1 BH:changed:4	c_000000000341
S0R705139/1 BH:changed:4	c_000000000341
S0R690452/1 BH:changed:2	c_000000000341
S0R690452/1 BH:changed:2	c_000000000341
S0R705620/1 BH:changed:4	c_000000000341
S0R705620/1 BH:changed:4	c_000000000341
S0R705821/1 BH:changed:5	c_000000000341
S0R705821/1 BH:changed:5	c_000000000341
S0R694235/1 BH:ok	c_000000000341
S0R694235/1 BH:ok	c_000000000341
S0R709887/1 BH:changed:7	c_000000000341
S0R709887/1 BH:changed:7	c_000000000341
S0R716021/1 BH:changed:5	c_000000000341
S0R716021/1 BH:changed:5	c_000000000341
S0R721088/1 BH:changed:3	c_000000000341
S0R721088/1 BH:changed:3	c_000000000341
S0R724543/1 BH:changed:4	c_000000000341
S0R724543/1 BH:changed:4	c_000000000341
S0R727292/1 BH:changed:4	c_000000000341
S0R727292/1 BH:changed:4	c_000000000341
S0R721379/1 BH:changed:4	c_000000000341
S0R721379/1 BH:changed:4	c_000000000341
S0R723987/1 BH:changed:5	c_000000000341
S0R723987/1 BH:changed:5	c_000000000341
S0R754698/1 BH:changed:1	c_000000000341
S0R754698/1 BH:changed:1	c_000000000341
S0R761302/1 BH:changed:6	c_000000000341
S0R761302/1 BH:changed:6	c_000000000341
S0R767120/1 BH:changed:6	c_000000000341
S0R767120/1 BH:changed:6	c_000000000341
S0R775483/1 BH:changed:3	c_000000000341
S0R775483/1 BH:changed:3	c_000000000341
S0R783620/1 BH:ok	c_000000000341
S0R783620/1 BH:ok	c_000000000341
S0R780236/1 BH:changed:1	c_000000000341
S0R780236/1 BH:changed:1	c_000000000341
S0R787881/1 BH:changed:3	c_000000000341
S0R787881/1 BH:changed:3	c_000000000341
S0R798268/1 BH:changed:4	c_000000000341
S0R798268/1 BH:changed:4	c_000000000341
S0R801840/1 BH:changed:1	c_000000000341
S0R801840/1 BH:changed:1	c_000000000341
S0R803031/1 BH:changed:1	c_000000000341
S0R803031/1 BH:changed:1	c_000000000341
S0R826187/1 BH:changed:4	c_000000000341
S0R826187/1 BH:changed:4	c_000000000341
S0R829153/1 BH:changed:2	c_000000000341
S0R829153/1 BH:changed:2	c_000000000341
S0R829885/1 BH:changed:1	c_000000000341
S0R829885/1 BH:changed:1	c_000000000341
S0R833320/1 BH:changed:2	c_000000000341
S0R833320/1 BH:changed:2	c_000000000341
S0R836589/1 BH:changed:4	c_000000000341
S0R836589/1 BH:changed:4	c_000000000341
S0R828861/1 BH:changed:4	c_000000000341
S0R828861/1 BH:changed:4	c_000000000341
S0R837657/1 BH:changed:2	c_000000000341
S0R837657/1 BH:changed:2	c_000000000341
S0R833630/1 BH:changed:1	c_000000000341
S0R833630/1 BH:changed:1	c_000000000341
S0R852054/1 BH:changed:6	c_000000000341
S0R852054/1 BH:changed:6	c_000000000341
S0R867022/1 BH:changed:3	c_000000000341
S0R867022/1 BH:changed:3	c_000000000341
S0R870958/1 BH:changed:2	c_000000000341
S0R870958/1 BH:changed:2	c_000000000341
S0R871754/1 BH:changed:1	c_000000000341
S0R871754/1 BH:changed:1	c_000000000341
S0R883924/1 BH:changed:3	c_000000000341
S0R883924/1 BH:changed:3	c_000000000341
S0R896538/1 BH:changed:3	c_000000000341
S0R896538/1 BH:changed:3	c_000000000341
S0R894479/1 BH:changed:6	c_000000000341
S0R894479/1 BH:changed:6	c_000000000341
S0R921151/1 BH:changed:3	c_000000000341
S0R921151/1 BH:changed:3	c_000000000341
S0R932388/1 BH:changed:2	c_000000000341
S0R932388/1 BH:changed:2	c_000000000341
S0R933084/1 BH:changed:3	c_000000000341
S0R933084/1 BH:changed:3	c_000000000341
S0R935481/1 BH:ok	c_000000000341
S0R935481/1 BH:ok	c_000000000341
S0R939001/1 BH:changed:2	c_000000000341
S0R939001/1 BH:changed:2	c_000000000341
S0R940348/1 BH:changed:1	c_000000000341
S0R940348/1 BH:changed:1	c_000000000341
S0R951711/1 BH:changed:3	c_000000000341
S0R951711/1 BH:changed:3	c_000000000341
S0R954885/1 BH:changed:1	c_000000000341
S0R954885/1 BH:changed:1	c_000000000341
S0R959791/1 BH:changed:1	c_000000000341
S0R959791/1 BH:changed:1	c_000000000341
S0R961715/1 BH:changed:3	c_000000000341
S0R961715/1 BH:changed:3	c_000000000341
S0R961921/1 BH:changed:1	c_000000000341
S0R961921/1 BH:changed:1	c_000000000341
S0R965210/1 BH:changed:3	c_000000000341
S0R965210/1 BH:changed:3	c_000000000341
S0R977915/1 BH:changed:4	c_000000000341
S0R977915/1 BH:changed:4	c_000000000341
S0R987980/1 BH:changed:1	c_000000000341
S0R987980/1 BH:changed:1	c_000000000341
S0R998276/1 BH:changed:5	c_000000000341
S0R998276/1 BH:changed:5	c_000000000341
S0R993373/1 BH:changed:1	c_000000000341
S0R993373/1 BH:changed:1	c_000000000341
S0R997366/1 BH:changed:3	c_000000000341
S0R997366/1 BH:changed:3	c_000000000341
S0R1006983/1 BH:changed:2	c_000000000341
S0R1006983/1 BH:changed:2	c_000000000341
S0R1013123/1 BH:changed:4	c_000000000341
S0R1013123/1 BH:changed:4	c_000000000341
S0R1017623/1 BH:changed:1	c_000000000341
S0R1017623/1 BH:changed:1	c_000000000341
S0R1018231/1 BH:changed:5	c_000000000341
S0R1018231/1 BH:changed:5	c_000000000341
S0R1014705/1 BH:changed:3	c_000000000341
S0R1014705/1 BH:changed:3	c_000000000341
S0R1024671/1 BH:changed:6	c_000000000341
S0R1024671/1 BH:changed:6	c_000000000341
S0R1025553/1 BH:changed:5	c_000000000341
S0R1025553/1 BH:changed:5	c_000000000341
S0R1028787/1 BH:changed:1	c_000000000341
S0R1028787/1 BH:changed:1	c_000000000341
S0R1035153/1 BH:changed:4	c_000000000341
S0R1035153/1 BH:changed:4	c_000000000341
S0R1029911/1 BH:changed:1	c_000000000341
S0R1029911/1 BH:changed:1	c_000000000341
S0R1035553/1 BH:changed:3	c_000000000341
S0R1035553/1 BH:changed:3	c_000000000341
S0R1039763/1 BH:changed:3	c_000000000341
S0R1039763/1 BH:changed:3	c_000000000341
S0R1040461/1 BH:changed:2	c_000000000341
S0R1040461/1 BH:changed:2	c_000000000341
S0R1043289/1 BH:changed:2	c_000000000341
S0R1043289/1 BH:changed:2	c_000000000341
S0R1045386/1 BH:changed:4	c_000000000341
S0R1045386/1 BH:changed:4	c_000000000341
S0R1054258/1 BH:changed:5	c_000000000341
S0R1054258/1 BH:changed:5	c_000000000341
S0R1058450/1 BH:changed:2	c_000000000341
S0R1058450/1 BH:changed:2	c_000000000341
S0R1066426/1 BH:changed:1	c_000000000341
S0R1066426/1 BH:changed:1	c_000000000341
S0R1059488/1 BH:changed:6	c_000000000341
S0R1059488/1 BH:changed:6	c_000000000341
S0R1062642/1 BH:changed:2	c_000000000341
S0R1062642/1 BH:changed:2	c_000000000341
S0R1077759/1 BH:changed:4	c_000000000341
S0R1077759/1 BH:changed:4	c_000000000341
S0R1081202/1 BH:changed:2	c_000000000341
S0R1081202/1 BH:changed:2	c_000000000341
S0R1077876/1 BH:changed:8	c_000000000341
S0R1077876/1 BH:changed:8	c_000000000341
S0R1084600/1 BH:changed:6	c_000000000341
S0R1084600/1 BH:changed:6	c_000000000341
S0R1092092/1 BH:changed:2	c_000000000341
S0R1092092/1 BH:changed:2	c_000000000341
S0R1097694/1 BH:changed:8	c_000000000341
S0R1097694/1 BH:changed:8	c_000000000341
S0R1103224/1 BH:changed:2	c_000000000341
S0R1103224/1 BH:changed:2	c_000000000341
S0R1109326/1 BH:changed:1	c_000000000341
S0R1109326/1 BH:changed:1	c_000000000341
S0R1117969/1 BH:changed:1	c_000000000341
S0R1117969/1 BH:changed:1	c_000000000341
S0R1112502/1 BH:changed:2	c_000000000341
S0R1112502/1 BH:changed:2	c_000000000341
S0R1125969/1 BH:changed:4	c_000000000341
S0R1125969/1 BH:changed:4	c_000000000341
S0R1138091/1 BH:changed:7	c_000000000341
S0R1138091/1 BH:changed:7	c_000000000341
S0R1133871/1 BH:changed:3	c_000000000341
S0R1133871/1 BH:changed:3	c_000000000341
S0R1144516/1 BH:changed:3	c_000000000341
S0R1144516/1 BH:changed:3	c_000000000341
S0R1144725/1 BH:changed:4	c_000000000341
S0R1144725/1 BH:changed:4	c_000000000341
S0R1150862/1 BH:changed:4	c_000000000341
S0R1150862/1 BH:changed:4	c_000000000341
S0R1186801/1 BH:changed:1	c_000000000341
S0R1186801/1 BH:changed:1	c_000000000341
S0R1188774/1 BH:changed:3	c_000000000341
S0R1188774/1 BH:changed:3	c_000000000341
S0R1193042/1 BH:changed:3	c_000000000341
S0R1193042/1 BH:changed:3	c_000000000341
S0R1196157/1 BH:changed:5	c_000000000341
S0R1196157/1 BH:changed:5	c_000000000341
S0R1196176/1 BH:changed:2	c_000000000341
S0R1196176/1 BH:changed:2	c_000000000341
S0R1206840/1 BH:changed:1	c_000000000341
S0R1206840/1 BH:changed:1	c_000000000341
S0R1204489/1 BH:changed:1	c_000000000341
S0R1204489/1 BH:changed:1	c_000000000341
S0R1211867/1 BH:changed:9	c_000000000341
S0R1211867/1 BH:changed:9	c_000000000341
S0R1210050/1 BH:changed:2	c_000000000341
S0R1210050/1 BH:changed:2	c_000000000341
S0R1213050/1 BH:ok	c_000000000341
S0R1213050/1 BH:ok	c_000000000341
S0R1214169/1 BH:changed:5	c_000000000341
S0R1214169/1 BH:changed:5	c_000000000341
S0R1222949/1 BH:changed:2	c_000000000341
S0R1222949/1 BH:changed:2	c_000000000341
S0R1235550/1 BH:failed	c_000000000341
S0R1235550/1 BH:failed	c_000000000341
S0R1235643/1 BH:changed:4	c_000000000341
S0R1235643/1 BH:changed:4	c_000000000341
S0R1235332/1 BH:changed:3	c_000000000341
S0R1235332/1 BH:changed:3	c_000000000341
S0R1251456/1 BH:changed:1	c_000000000341
S0R1251456/1 BH:changed:1	c_000000000341
S0R1245473/1 BH:changed:2	c_000000000341
S0R1245473/1 BH:changed:2	c_000000000341
S0R1258924/1 BH:changed:2	c_000000000341
S0R1258924/1 BH:changed:2	c_000000000341
S0R1262374/1 BH:changed:2	c_000000000341
S0R1262374/1 BH:changed:2	c_000000000341
S0R1268381/1 BH:changed:4	c_000000000341
S0R1268381/1 BH:changed:4	c_000000000341
S0R1268587/1 BH:changed:1	c_000000000341
S0R1268587/1 BH:changed:1	c_000000000341
S0R1288904/1 BH:changed:4	c_000000000341
S0R1288904/1 BH:changed:4	c_000000000341
S0R1286597/1 BH:failed	c_000000000341
S0R1286597/1 BH:failed	c_000000000341
S0R1305447/1 BH:changed:6	c_000000000341
S0R1305447/1 BH:changed:6	c_000000000341
S0R1300638/1 BH:changed:5	c_000000000341
S0R1300638/1 BH:changed:5	c_000000000341
S0R1307272/1 BH:changed:5	c_000000000341
S0R1307272/1 BH:changed:5	c_000000000341
S0R1318043/1 BH:changed:1	c_000000000341
S0R1318043/1 BH:changed:1	c_000000000341
S0R1329322/1 BH:changed:2	c_000000000341
S0R1329322/1 BH:changed:2	c_000000000341
S0R1322269/1 BH:changed:3	c_000000000341
S0R1322269/1 BH:changed:3	c_000000000341
S0R1340662/1 BH:changed:5	c_000000000341
S0R1340662/1 BH:changed:5	c_000000000341
S0R1356286/1 BH:changed:3	c_000000000341
S0R1356286/1 BH:changed:3	c_000000000341
S0R1355512/1 BH:changed:2	c_000000000341
S0R1355512/1 BH:changed:2	c_000000000341
S0R1362968/1 BH:changed:3	c_000000000341
S0R1362968/1 BH:changed:3	c_000000000341
S0R1362221/1 BH:changed:3	c_000000000341
S0R1362221/1 BH:changed:3	c_000000000341
S0R1362548/1 BH:changed:2	c_000000000341
S0R1362548/1 BH:changed:2	c_000000000341
S0R1376007/1 BH:changed:6	c_000000000341
S0R1376007/1 BH:changed:6	c_000000000341
S0R1374568/1 BH:changed:3	c_000000000341
S0R1374568/1 BH:changed:3	c_000000000341
S0R1379002/1 BH:changed:2	c_000000000341
S0R1379002/1 BH:changed:2	c_000000000341
S0R1383316/1 BH:failed	c_000000000341
S0R1383316/1 BH:failed	c_000000000341
S0R1384833/1 BH:changed:2	c_000000000341
S0R1384833/1 BH:changed:2	c_000000000341
S0R1393255/1 BH:changed:2	c_000000000341
S0R1393255/1 BH:changed:2	c_000000000341
S0R1394301/1 BH:changed:2	c_000000000341
S0R1394301/1 BH:changed:2	c_000000000341
S0R1396560/1 BH:changed:5	c_000000000341
S0R1396560/1 BH:changed:5	c_000000000341
S0R1399365/1 BH:changed:2	c_000000000341
S0R1399365/1 BH:changed:2	c_000000000341
S0R1405150/1 BH:changed:2	c_000000000341
S0R1405150/1 BH:changed:2	c_000000000341
S0R1398457/1 BH:changed:1	c_000000000341
S0R1398457/1 BH:changed:1	c_000000000341
S0R1408600/1 BH:changed:3	c_000000000341
S0R1408600/1 BH:changed:3	c_000000000341
S0R1414915/1 BH:changed:4	c_000000000341
S0R1414915/1 BH:changed:4	c_000000000341
S0R1419741/1 BH:changed:4	c_000000000341
S0R1419741/1 BH:changed:4	c_000000000341
S0R1430302/1 BH:changed:5	c_000000000341
S0R1430302/1 BH:changed:5	c_000000000341
S0R1439516/1 BH:changed:4	c_000000000341
S0R1443594/1 BH:changed:2	c_000000000341
S0R1443594/1 BH:changed:2	c_000000000341
S0R1441693/1 BH:changed:6	c_000000000341
S0R1441693/1 BH:changed:6	c_000000000341
S0R1450521/1 BH:changed:1	c_000000000341
S0R1450521/1 BH:changed:1	c_000000000341
S0R1461080/1 BH:changed:6	c_000000000341
S0R1461080/1 BH:changed:6	c_000000000341
S0R1458941/1 BH:changed:5	c_000000000341
S0R1458941/1 BH:changed:5	c_000000000341
S0R1469309/1 BH:changed:7	c_000000000341
S0R1469309/1 BH:changed:7	c_000000000341
S0R1473959/1 BH:changed:1	c_000000000341
S0R1473959/1 BH:changed:1	c_000000000341
S0R1470788/1 BH:changed:6	c_000000000341
S0R1470788/1 BH:changed:6	c_000000000341
S0R1480930/1 BH:changed:2	c_000000000341
S0R1480930/1 BH:changed:2	c_000000000341
S0R1479091/1 BH:changed:1	c_000000000341
S0R1479091/1 BH:changed:1	c_000000000341
S0R1482977/1 BH:changed:7	c_000000000341
S0R1482977/1 BH:changed:7	c_000000000341
S0R1484439/1 BH:changed:5	c_000000000341
S0R1484439/1 BH:changed:5	c_000000000341
S0R1491070/1 BH:changed:3	c_000000000341
S0R1491070/1 BH:changed:3	c_000000000341
S0R1489737/1 BH:changed:7	c_000000000341
S0R1489737/1 BH:changed:7	c_000000000341
S0R1498246/1 BH:changed:2	c_000000000341
S0R1498246/1 BH:changed:2	c_000000000341
S0R1501048/1 BH:changed:4	c_000000000341
S0R1501048/1 BH:changed:4	c_000000000341
S0R1504235/1 BH:changed:1	c_000000000341
S0R1504235/1 BH:changed:1	c_000000000341
S0R1506193/1 BH:changed:2	c_000000000341
S0R1506193/1 BH:changed:2	c_000000000341
S0R1519919/1 BH:changed:2	c_000000000341
S0R1519919/1 BH:changed:2	c_000000000341
S0R1522345/1 BH:changed:3	c_000000000341
S0R1522345/1 BH:changed:3	c_000000000341
S0R1529380/1 BH:changed:3	c_000000000341
S0R1529380/1 BH:changed:3	c_000000000341
S0R1530593/1 BH:changed:3	c_000000000341
S0R1530593/1 BH:changed:3	c_000000000341
S0R1539705/1 BH:changed:1	c_000000000341
S0R1539705/1 BH:changed:1	c_000000000341
S0R1533299/1 BH:changed:1	c_000000000341
S0R1533299/1 BH:changed:1	c_000000000341
S0R1540022/1 BH:changed:4	c_000000000341
S0R1540022/1 BH:changed:4	c_000000000341
S0R1537730/1 BH:changed:1	c_000000000341
S0R1537730/1 BH:changed:1	c_000000000341
S0R1549629/1 BH:changed:4	c_000000000341
S0R1549629/1 BH:changed:4	c_000000000341
S0R1557588/1 BH:changed:3	c_000000000341
S0R1557588/1 BH:changed:3	c_000000000341
S0R1562777/1 BH:changed:3	c_000000000341
S0R1562777/1 BH:changed:3	c_000000000341
S0R1575022/1 BH:changed:5	c_000000000341
S0R1575022/1 BH:changed:5	c_000000000341
S0R1574318/1 BH:changed:5	c_000000000341
S0R1574318/1 BH:changed:5	c_000000000341
S0R1576601/1 BH:changed:4	c_000000000341
S0R1576601/1 BH:changed:4	c_000000000341
S0R1572320/1 BH:changed:1	c_000000000341
S0R1572320/1 BH:changed:1	c_000000000341
S0R1575362/1 BH:changed:2	c_000000000341
S0R1575362/1 BH:changed:2	c_000000000341
S0R1581184/1 BH:changed:1	c_000000000341
S0R1581184/1 BH:changed:1	c_000000000341
S0R1578737/1 BH:changed:3	c_000000000341
S0R1578737/1 BH:changed:3	c_000000000341
S0R1588943/1 BH:changed:3	c_000000000341
S0R1588943/1 BH:changed:3	c_000000000341
S0R1595568/1 BH:ok	c_000000000341
S0R1595568/1 BH:ok	c_000000000341
S0R1595162/1 BH:changed:5	c_000000000341
S0R1595162/1 BH:changed:5	c_000000000341
S0R1600866/1 BH:changed:6	c_000000000341
S0R1600866/1 BH:changed:6	c_000000000341
S0R1601666/1 BH:failed	c_000000000341
S0R1601666/1 BH:failed	c_000000000341
S0R1613974/1 BH:failed	c_000000000341
S0R1613974/1 BH:failed	c_000000000341
S0R1623292/1 BH:changed:2	c_000000000341
S0R1623292/1 BH:changed:2	c_000000000341
S0R1625379/1 BH:changed:2	c_000000000341
S0R1625379/1 BH:changed:2	c_000000000341
S0R1624738/1 BH:changed:2	c_000000000341
S0R1624738/1 BH:changed:2	c_000000000341
S0R1642315/1 BH:changed:2	c_000000000341
S0R1642315/1 BH:changed:2	c_000000000341
S0R1660382/1 BH:changed:4	c_000000000341
S0R1660382/1 BH:changed:4	c_000000000341
S0R1663085/1 BH:changed:4	c_000000000341
S0R1663085/1 BH:changed:4	c_000000000341
S0R1668044/1 BH:changed:3	c_000000000341
S0R1668044/1 BH:changed:3	c_000000000341
S0R1675729/1 BH:changed:2	c_000000000341
S0R1675729/1 BH:changed:2	c_000000000341
S0R1679450/1 BH:changed:5	c_000000000341
S0R1679450/1 BH:changed:5	c_000000000341
S0R1674897/1 BH:changed:6	c_000000000341
S0R1674897/1 BH:changed:6	c_000000000341
S0R1681552/1 BH:changed:6	c_000000000341
S0R1681588/1 BH:changed:2	c_000000000341
S0R1681588/1 BH:changed:2	c_000000000341
S0R1686134/1 BH:changed:3	c_000000000341
S0R1686134/1 BH:changed:3	c_000000000341
S0R1674941/1 BH:changed:4	c_000000000341
S0R1674941/1 BH:changed:4	c_000000000341
S0R1697621/1 BH:changed:2	c_000000000341
S0R1697621/1 BH:changed:2	c_000000000341
S0R1698934/1 BH:changed:2	c_000000000341
S0R1698934/1 BH:changed:2	c_000000000341
S0R1690582/1 BH:changed:2	c_000000000341
S0R1690582/1 BH:changed:2	c_000000000341
S0R1716215/1 BH:changed:2	c_000000000341
S0R1716215/1 BH:changed:2	c_000000000341
S0R1710511/1 BH:changed:3	c_000000000341
S0R1710511/1 BH:changed:3	c_000000000341
S0R1710514/1 BH:changed:4	c_000000000341
S0R1710514/1 BH:changed:4	c_000000000341
S0R1711738/1 BH:changed:2	c_000000000341
S0R1711738/1 BH:changed:2	c_000000000341
S0R1724838/1 BH:changed:7	c_000000000341
S0R1724838/1 BH:changed:7	c_000000000341
S0R1710333/1 BH:changed:2	c_000000000341
S0R1710333/1 BH:changed:2	c_000000000341
S0R1715017/1 BH:changed:6	c_000000000341
S0R1715017/1 BH:changed:6	c_000000000341
S0R1733642/1 BH:changed:2	c_000000000341
S0R1733642/1 BH:changed:2	c_000000000341
S0R1727627/1 BH:changed:5	c_000000000341
S0R1727627/1 BH:changed:5	c_000000000341
S0R1734617/1 BH:changed:5	c_000000000341
S0R1734617/1 BH:changed:5	c_000000000341
S0R1738166/1 BH:changed:4	c_000000000341
S0R1738166/1 BH:changed:4	c_000000000341
S0R1755576/1 BH:changed:3	c_000000000341
S0R1755576/1 BH:changed:3	c_000000000341
S0R1752619/1 BH:changed:5	c_000000000341
S0R1752619/1 BH:changed:5	c_000000000341
S0R1766870/1 BH:changed:2	c_000000000341
S0R1766870/1 BH:changed:2	c_000000000341
S0R1782110/1 BH:changed:4	c_000000000341
S0R1782110/1 BH:changed:4	c_000000000341
S0R1789505/1 BH:changed:3	c_000000000341
S0R1789505/1 BH:changed:3	c_000000000341
S0R1789520/1 BH:changed:2	c_000000000341
S0R1789520/1 BH:changed:2	c_000000000341
S0R1787689/1 BH:changed:7	c_000000000341
S0R1787689/1 BH:changed:7	c_000000000341
S0R1811425/1 BH:changed:6	c_000000000341
S0R1811425/1 BH:changed:6	c_000000000341
S0R1801988/1 BH:changed:3	c_000000000341
S0R1801988/1 BH:changed:3	c_000000000341
S0R1805550/1 BH:changed:1	c_000000000341
S0R1805550/1 BH:changed:1	c_000000000341
S0R1837741/1 BH:changed:3	c_000000000341
S0R1837741/1 BH:changed:3	c_000000000341
S0R1831719/1 BH:changed:3	c_000000000341
S0R1831719/1 BH:changed:3	c_000000000341
S0R1841096/1 BH:changed:4	c_000000000341
S0R1841096/1 BH:changed:4	c_000000000341
S0R1844268/1 BH:changed:3	c_000000000341
S0R1844268/1 BH:changed:3	c_000000000341
S0R1860357/1 BH:changed:4	c_000000000341
S0R1860357/1 BH:changed:4	c_000000000341
S0R1869205/1 BH:changed:3	c_000000000341
S0R1869205/1 BH:changed:3	c_000000000341
S0R1863176/1 BH:changed:2	c_000000000341
S0R1863176/1 BH:changed:2	c_000000000341
S0R1876183/1 BH:changed:2	c_000000000341
S0R1876183/1 BH:changed:2	c_000000000341
S0R1882803/1 BH:changed:4	c_000000000341
S0R1882803/1 BH:changed:4	c_000000000341
S0R1883343/1 BH:changed:5	c_000000000341
S0R1883343/1 BH:changed:5	c_000000000341
S0R1901086/1 BH:changed:3	c_000000000341
S0R1901086/1 BH:changed:3	c_000000000341
S0R1902011/1 BH:changed:4	c_000000000341
S0R1902011/1 BH:changed:4	c_000000000341
S0R1901154/1 BH:changed:4	c_000000000341
S0R1901154/1 BH:changed:4	c_000000000341
S0R1888822/1 BH:changed:3	c_000000000341
S0R1888822/1 BH:changed:3	c_000000000341
S0R1892136/1 BH:changed:1	c_000000000341
S0R1892136/1 BH:changed:1	c_000000000341
S0R1907318/1 BH:changed:7	c_000000000341
S0R1907318/1 BH:changed:7	c_000000000341
S0R1913421/1 BH:changed:2	c_000000000341
S0R1913421/1 BH:changed:2	c_000000000341
S0R1941300/1 BH:ok	c_000000000341
S0R1941300/1 BH:ok	c_000000000341
S0R1930527/1 BH:changed:3	c_000000000341
S0R1930527/1 BH:changed:3	c_000000000341
S0R1966508/1 BH:changed:2	c_000000000341
S0R1966508/1 BH:changed:2	c_000000000341
S0R1959172/1 BH:changed:3	c_000000000341
S0R1959172/1 BH:changed:3	c_000000000341
S0R1972202/1 BH:changed:5	c_000000000341
S0R1972202/1 BH:changed:5	c_000000000341
S0R1992672/1 BH:changed:1	c_000000000341
S0R1992672/1 BH:changed:1	c_000000000341
S0R1991979/1 BH:changed:2	c_000000000341
S0R1991979/1 BH:changed:2	c_000000000341
S0R1984082/1 BH:changed:1	c_000000000341
S0R1984082/1 BH:changed:1	c_000000000341
S0R2011109/1 BH:changed:5	c_000000000341
S0R2011109/1 BH:changed:5	c_000000000341
S0R1993959/1 BH:changed:5	c_000000000341
S0R1993959/1 BH:changed:5	c_000000000341
S0R2017935/1 BH:changed:3	c_000000000341
S0R2017935/1 BH:changed:3	c_000000000341
S0R2008731/1 BH:changed:1	c_000000000341
S0R2008731/1 BH:changed:1	c_000000000341
S0R2008358/1 BH:changed:3	c_000000000341
S0R2008358/1 BH:changed:3	c_000000000341
S0R2015121/1 BH:changed:3	c_000000000341
S0R2015121/1 BH:changed:3	c_000000000341
S0R2013171/1 BH:changed:6	c_000000000341
S0R2013171/1 BH:changed:6	c_000000000341
S0R2039398/1 BH:changed:7	c_000000000341
S0R2039398/1 BH:changed:7	c_000000000341
S0R2041928/1 BH:changed:6	c_000000000341
S0R2041928/1 BH:changed:6	c_000000000341
S0R2044463/1 BH:changed:2	c_000000000341
S0R2044463/1 BH:changed:2	c_000000000341
S0R2043879/1 BH:changed:1	c_000000000341
S0R2043879/1 BH:changed:1	c_000000000341
S0R2030965/1 BH:changed:8	c_000000000341
S0R2030965/1 BH:changed:8	c_000000000341
S0R2067925/1 BH:changed:1	c_000000000341
S0R2067925/1 BH:changed:1	c_000000000341
S0R2064293/1 BH:changed:4	c_000000000341
S0R2064293/1 BH:changed:4	c_000000000341
S0R2085527/1 BH:changed:3	c_000000000341
S0R2085527/1 BH:changed:3	c_000000000341
S0R2077052/1 BH:changed:4	c_000000000341
S0R2077052/1 BH:changed:4	c_000000000341
S0R2078692/1 BH:changed:9	c_000000000341
S0R2078692/1 BH:changed:9	c_000000000341
S0R2078851/1 BH:changed:2	c_000000000341
S0R2078851/1 BH:changed:2	c_000000000341
S0R2096043/1 BH:changed:3	c_000000000341
S0R2096043/1 BH:changed:3	c_000000000341
S0R2100325/1 BH:ok	c_000000000341
S0R2100325/1 BH:ok	c_000000000341
S0R2091825/1 BH:changed:1	c_000000000341
S0R2091825/1 BH:changed:1	c_000000000341
S0R2092442/1 BH:changed:3	c_000000000341
S0R2092442/1 BH:changed:3	c_000000000341
S0R2092610/1 BH:changed:3	c_000000000341
S0R2092610/1 BH:changed:3	c_000000000341
S0R2105015/1 BH:changed:1	c_000000000341
S0R2105015/1 BH:changed:1	c_000000000341
S0R2119374/1 BH:changed:9	c_000000000341
S0R2119374/1 BH:changed:9	c_000000000341
S0R2109846/1 BH:changed:2	c_000000000341
S0R2109846/1 BH:changed:2	c_000000000341
S0R2107954/1 BH:changed:1	c_000000000341
S0R2107954/1 BH:changed:1	c_000000000341
S0R2129227/1 BH:changed:8	c_000000000341
S0R2129227/1 BH:changed:8	c_000000000341
S0R2134092/1 BH:changed:2	c_000000000341
S0R2134092/1 BH:changed:2	c_000000000341
S0R2134961/1 BH:changed:4	c_000000000341
S0R2134961/1 BH:changed:4	c_000000000341
S0R2131660/1 BH:changed:1	c_000000000341
S0R2131660/1 BH:changed:1	c_000000000341
S0R2122228/1 BH:changed:2	c_000000000341
S0R2122228/1 BH:changed:2	c_000000000341
S0R2148994/1 BH:changed:5	c_000000000341
S0R2148994/1 BH:changed:5	c_000000000341
S0R2155280/1 BH:changed:5	c_000000000341
S0R2155280/1 BH:changed:5	c_000000000341
S0R2157808/1 BH:changed:5	c_000000000341
S0R2157808/1 BH:changed:5	c_000000000341
S0R2166963/1 BH:ok	c_000000000341
S0R2166963/1 BH:ok	c_000000000341
S0R2184336/1 BH:changed:5	c_000000000341
S0R2184336/1 BH:changed:5	c_000000000341
S0R2188563/1 BH:changed:5	c_000000000341
S0R2188563/1 BH:changed:5	c_000000000341
S0R2194234/1 BH:changed:2	c_000000000341
S0R2194234/1 BH:changed:2	c_000000000341
S0R2193594/1 BH:changed:4	c_000000000341
S0R2193594/1 BH:changed:4	c_000000000341
S0R2191034/1 BH:changed:3	c_000000000341
S0R2191034/1 BH:changed:3	c_000000000341
S0R2197029/1 BH:failed	c_000000000341
S0R2197029/1 BH:failed	c_000000000341
S0R2197544/1 BH:changed:4	c_000000000341
S0R2197544/1 BH:changed:4	c_000000000341
S0R2188813/1 BH:changed:8	c_000000000341
S0R2188813/1 BH:changed:8	c_000000000341
S0R2201028/1 BH:changed:2	c_000000000341
S0R2201028/1 BH:changed:2	c_000000000341
S0R2203511/1 BH:changed:2	c_000000000341
S0R2203511/1 BH:changed:2	c_000000000341
S0R2207836/1 BH:changed:6	c_000000000341
S0R2207836/1 BH:changed:6	c_000000000341
S0R2218247/1 BH:changed:4	c_000000000341
S0R2218247/1 BH:changed:4	c_000000000341
S0R2225030/1 BH:changed:4	c_000000000341
S0R2225030/1 BH:changed:4	c_000000000341
S0R2228234/1 BH:changed:5	c_000000000341
S0R2228234/1 BH:changed:5	c_000000000341
S0R2234143/1 BH:changed:4	c_000000000341
S0R2234143/1 BH:changed:4	c_000000000341
S0R2215509/1 BH:changed:2	c_000000000341
S0R2215509/1 BH:changed:2	c_000000000341
S0R2240117/1 BH:changed:2	c_000000000341
S0R2240117/1 BH:changed:2	c_000000000341
S0R2220054/1 BH:changed:5	c_000000000341
S0R2220054/1 BH:changed:5	c_000000000341
S0R2248980/1 BH:changed:4	c_000000000341
S0R2248980/1 BH:changed:4	c_000000000341
S0R2269833/1 BH:changed:4	c_000000000341
S0R2269833/1 BH:changed:4	c_000000000341
S0R2307615/1 BH:changed:3	c_000000000341
S0R2307615/1 BH:changed:3	c_000000000341
S0R2301163/1 BH:changed:3	c_000000000341
S0R2301163/1 BH:changed:3	c_000000000341
S0R2301529/1 BH:changed:4	c_000000000341
S0R2301529/1 BH:changed:4	c_000000000341
S0R2312829/1 BH:changed:4	c_000000000341
S0R2312829/1 BH:changed:4	c_000000000341
S0R2321716/1 BH:changed:3	c_000000000341
S0R2321716/1 BH:changed:3	c_000000000341
S0R2326043/1 BH:changed:2	c_000000000341
S0R2326043/1 BH:changed:2	c_000000000341
S0R2325382/1 BH:changed:4	c_000000000341
S0R2325382/1 BH:changed:4	c_000000000341
S0R2323432/1 BH:changed:5	c_000000000341
S0R2323432/1 BH:changed:5	c_000000000341
S0R2340988/1 BH:changed:4	c_000000000341
S0R2340988/1 BH:changed:4	c_000000000341
S0R2335114/1 BH:changed:5	c_000000000341
S0R2335114/1 BH:changed:5	c_000000000341
S0R2343311/1 BH:changed:2	c_000000000341
S0R2343311/1 BH:changed:2	c_000000000341
S0R2343219/1 BH:changed:3	c_000000000341
S0R2343219/1 BH:changed:3	c_000000000341
S0R2347888/1 BH:changed:4	c_000000000341
S0R2347888/1 BH:changed:4	c_000000000341
S0R2350292/1 BH:changed:3	c_000000000341
S0R2350292/1 BH:changed:3	c_000000000341
S0R2356034/1 BH:changed:5	c_000000000341
S0R2356034/1 BH:changed:5	c_000000000341
S0R2358974/1 BH:changed:4	c_000000000341
S0R2358974/1 BH:changed:4	c_000000000341
S0R2370876/1 BH:changed:3	c_000000000341
S0R2370876/1 BH:changed:3	c_000000000341
S0R2374428/1 BH:changed:2	c_000000000341
S0R2374428/1 BH:changed:2	c_000000000341
S0R2367514/1 BH:changed:2	c_000000000341
S0R2367514/1 BH:changed:2	c_000000000341
S0R2378426/1 BH:changed:2	c_000000000341
S0R2378426/1 BH:changed:2	c_000000000341
S0R2376782/1 BH:changed:4	c_000000000341
S0R2376782/1 BH:changed:4	c_000000000341
S0R2381735/1 BH:changed:5	c_000000000341
S0R2381735/1 BH:changed:5	c_000000000341
S0R2380303/1 BH:changed:6	c_000000000341
S0R2380303/1 BH:changed:6	c_000000000341
S0R2386161/1 BH:changed:4	c_000000000341
S0R2386161/1 BH:changed:4	c_000000000341
S0R2394880/1 BH:changed:5	c_000000000341
S0R2394880/1 BH:changed:5	c_000000000341
S0R2403514/1 BH:ok	c_000000000341
S0R2403514/1 BH:ok	c_000000000341
S0R2403400/1 BH:changed:4	c_000000000341
S0R2403400/1 BH:changed:4	c_000000000341
S0R2388676/1 BH:changed:6	c_000000000341
S0R2388676/1 BH:changed:6	c_000000000341
S0R2407203/1 BH:failed	c_000000000341
S0R2407203/1 BH:failed	c_000000000341
S0R2405303/1 BH:changed:8	c_000000000341
S0R2405303/1 BH:changed:8	c_000000000341
S0R2425252/1 BH:changed:1	c_000000000341
S0R2425252/1 BH:changed:1	c_000000000341
S0R2446926/1 BH:changed:5	c_000000000341
S0R2446926/1 BH:changed:5	c_000000000341
S0R2458221/1 BH:ok	c_000000000341
S0R2458221/1 BH:ok	c_000000000341
S0R2462396/1 BH:changed:5	c_000000000341
S0R2462396/1 BH:changed:5	c_000000000341
S0R2463834/1 BH:changed:2	c_000000000341
S0R2463834/1 BH:changed:2	c_000000000341
S0R2463137/1 BH:changed:2	c_000000000341
S0R2463137/1 BH:changed:2	c_000000000341
S0R2460241/1 BH:changed:1	c_000000000341
S0R2460241/1 BH:changed:1	c_000000000341
S0R2472447/1 BH:changed:2	c_000000000341
S0R2472447/1 BH:changed:2	c_000000000341
S0R2494380/1 BH:changed:4	c_000000000341
S0R2494380/1 BH:changed:4	c_000000000341
S0R2495794/1 BH:changed:1	c_000000000341
S0R2495794/1 BH:changed:1	c_000000000341
S0R2495890/1 BH:changed:2	c_000000000341
S0R2495890/1 BH:changed:2	c_000000000341
S0R2481422/1 BH:changed:2	c_000000000341
S0R2481422/1 BH:changed:2	c_000000000341
S0R2492042/1 BH:changed:2	c_000000000341
S0R2492042/1 BH:changed:2	c_000000000341
S0R2489216/1 BH:changed:1	c_000000000341
S0R2489216/1 BH:changed:1	c_000000000341
S0R2512667/1 BH:changed:7	c_000000000341
S0R2512667/1 BH:changed:7	c_000000000341
S0R2513340/1 BH:changed:1	c_000000000341
S0R2513340/1 BH:changed:1	c_000000000341
S0R2503601/1 BH:ok	c_000000000341
S0R2503601/1 BH:ok	c_000000000341
S0R2500306/1 BH:changed:2	c_000000000341
S0R2500306/1 BH:changed:2	c_000000000341
S0R2513083/1 BH:changed:2	c_000000000341
S0R2513083/1 BH:changed:2	c_000000000341
S0R2517001/1 BH:changed:2	c_000000000341
S0R2517001/1 BH:changed:2	c_000000000341
S0R2519372/1 BH:changed:2	c_000000000341
S0R2519372/1 BH:changed:2	c_000000000341
S0R2525798/1 BH:changed:2	c_000000000341
S0R2525798/1 BH:changed:2	c_000000000341
S0R2540553/1 BH:changed:2	c_000000000341
S0R2540553/1 BH:changed:2	c_000000000341
S0R2553207/1 BH:changed:1	c_000000000341
S0R2553207/1 BH:changed:1	c_000000000341
S0R2561887/1 BH:changed:5	c_000000000341
S0R2561887/1 BH:changed:5	c_000000000341
S0R2576850/1 BH:changed:2	c_000000000341
S0R2576850/1 BH:changed:2	c_000000000341
S0R2572419/1 BH:changed:3	c_000000000341
S0R2572419/1 BH:changed:3	c_000000000341
S0R2581915/1 BH:changed:5	c_000000000341
S0R2581915/1 BH:changed:5	c_000000000341
S0R2571351/1 BH:changed:3	c_000000000341
S0R2571351/1 BH:changed:3	c_000000000341
S0R2576525/1 BH:changed:2	c_000000000341
S0R2576525/1 BH:changed:2	c_000000000341
S0R2582487/1 BH:changed:1	c_000000000341
S0R2582487/1 BH:changed:1	c_000000000341
S0R2574672/1 BH:changed:1	c_000000000341
S0R2574672/1 BH:changed:1	c_000000000341
S0R2577828/1 BH:changed:3	c_000000000341
S0R2577828/1 BH:changed:3	c_000000000341
S0R2586737/1 BH:changed:4	c_000000000341
S0R2586737/1 BH:changed:4	c_000000000341
S0R2585748/1 BH:changed:3	c_000000000341
S0R2585748/1 BH:changed:3	c_000000000341
S0R2605466/1 BH:changed:3	c_000000000341
S0R2605466/1 BH:changed:3	c_000000000341
S0R2609522/1 BH:changed:4	c_000000000341
S0R2609522/1 BH:changed:4	c_000000000341
S0R2618168/1 BH:changed:4	c_000000000341
S0R2618168/1 BH:changed:4	c_000000000341
S0R2625611/1 BH:changed:4	c_000000000341
S0R2625611/1 BH:changed:4	c_000000000341
S0R2630592/1 BH:ok	c_000000000341
S0R2630592/1 BH:ok	c_000000000341
S0R2634131/1 BH:changed:4	c_000000000341
S0R2634131/1 BH:changed:4	c_000000000341
S0R2644534/1 BH:changed:4	c_000000000341
S0R2644534/1 BH:changed:4	c_000000000341
S0R2648887/1 BH:changed:4	c_000000000341
S0R2648887/1 BH:changed:4	c_000000000341
S0R2642891/1 BH:changed:1	c_000000000341
S0R2642891/1 BH:changed:1	c_000000000341
S0R2652268/1 BH:changed:6	c_000000000341
S0R2652268/1 BH:changed:6	c_000000000341
S0R2656649/1 BH:changed:4	c_000000000341
S0R2656649/1 BH:changed:4	c_000000000341
S0R2659533/1 BH:changed:5	c_000000000341
S0R2659533/1 BH:changed:5	c_000000000341
S0R2671504/1 BH:changed:1	c_000000000341
S0R2671504/1 BH:changed:1	c_000000000341
S0R2681529/1 BH:changed:3	c_000000000341
S0R2681529/1 BH:changed:3	c_000000000341
S0R2684270/1 BH:changed:3	c_000000000341
S0R2684270/1 BH:changed:3	c_000000000341
S0R2686412/1 BH:changed:2	c_000000000341
S0R2686412/1 BH:changed:2	c_000000000341
S0R2684947/1 BH:changed:2	c_000000000341
S0R2684947/1 BH:changed:2	c_000000000341
S0R2704469/1 BH:changed:3	c_000000000341
S0R2704469/1 BH:changed:3	c_000000000341
S0R2718742/1 BH:changed:1	c_000000000341
S0R2718742/1 BH:changed:1	c_000000000341
S0R2724891/1 BH:changed:2	c_000000000341
S0R2724891/1 BH:changed:2	c_000000000341
S0R2733872/1 BH:changed:8	c_000000000341
S0R2733872/1 BH:changed:8	c_000000000341
S0R2738628/1 BH:changed:3	c_000000000341
S0R2738628/1 BH:changed:3	c_000000000341
S0R2758500/1 BH:changed:4	c_000000000341
S0R2758500/1 BH:changed:4	c_000000000341
S0R2750933/1 BH:changed:1	c_000000000341
S0R2750933/1 BH:changed:1	c_000000000341
S0R2756151/1 BH:changed:2	c_000000000341
S0R2756151/1 BH:changed:2	c_000000000341
S0R2748365/1 BH:changed:3	c_000000000341
S0R2748365/1 BH:changed:3	c_000000000341
S0R2760164/1 BH:changed:4	c_000000000341
S0R2760164/1 BH:changed:4	c_000000000341
S0R2770623/1 BH:changed:1	c_000000000341
S0R2770623/1 BH:changed:1	c_000000000341
S0R2769297/1 BH:changed:3	c_000000000341
S0R2769297/1 BH:changed:3	c_000000000341
S0R2783403/1 BH:changed:4	c_000000000341
S0R2783403/1 BH:changed:4	c_000000000341
S0R2784633/1 BH:changed:5	c_000000000341
S0R2784633/1 BH:changed:5	c_000000000341
S0R2797369/1 BH:changed:6	c_000000000341
S0R2797369/1 BH:changed:6	c_000000000341
S0R2806617/1 BH:changed:3	c_000000000341
S0R2806617/1 BH:changed:3	c_000000000341
S0R2798914/1 BH:changed:4	c_000000000341
S0R2798914/1 BH:changed:4	c_000000000341
S0R2807691/1 BH:changed:4	c_000000000341
S0R2807691/1 BH:changed:4	c_000000000341
S0R2811107/1 BH:changed:2	c_000000000341
S0R2811107/1 BH:changed:2	c_000000000341
S0R2829214/1 BH:changed:1	c_000000000341
S0R2829214/1 BH:changed:1	c_000000000341
S0R2834333/1 BH:changed:3	c_000000000341
S0R2834333/1 BH:changed:3	c_000000000341
S0R2828786/1 BH:changed:3	c_000000000341
S0R2828786/1 BH:changed:3	c_000000000341
S0R2826824/1 BH:changed:4	c_000000000341
S0R2826824/1 BH:changed:4	c_000000000341
S0R2834779/1 BH:changed:1	c_000000000341
S0R2834779/1 BH:changed:1	c_000000000341
S0R2845977/1 BH:changed:3	c_000000000341
S0R2845977/1 BH:changed:3	c_000000000341
S0R2842747/1 BH:changed:4	c_000000000341
S0R2842747/1 BH:changed:4	c_000000000341
S0R2853067/1 BH:changed:6	c_000000000341
S0R2853067/1 BH:changed:6	c_000000000341
S0R2867430/1 BH:changed:2	c_000000000341
S0R2867430/1 BH:changed:2	c_000000000341
S0R2873367/1 BH:changed:2	c_000000000341
S0R2873367/1 BH:changed:2	c_000000000341
S0R2873496/1 BH:changed:4	c_000000000341
S0R2873496/1 BH:changed:4	c_000000000341
S0R2886242/1 BH:changed:3	c_000000000341
S0R2886242/1 BH:changed:3	c_000000000341
S0R2887855/1 BH:changed:2	c_000000000341
S0R2887855/1 BH:changed:2	c_000000000341
S0R2889475/1 BH:changed:2	c_000000000341
S0R2889475/1 BH:changed:2	c_000000000341
S0R2907960/1 BH:changed:4	c_000000000341
S0R2907960/1 BH:changed:4	c_000000000341
S0R2919168/1 BH:changed:3	c_000000000341
S0R2919168/1 BH:changed:3	c_000000000341
S0R2913902/1 BH:changed:3	c_000000000341
S0R2913902/1 BH:changed:3	c_000000000341
S0R2921927/1 BH:changed:6	c_000000000341
S0R2921927/1 BH:changed:6	c_000000000341
S0R2929547/1 BH:changed:1	c_000000000341
S0R2929547/1 BH:changed:1	c_000000000341
S0R2924885/1 BH:changed:4	c_000000000341
S0R2924885/1 BH:changed:4	c_000000000341
S0R2924940/1 BH:ok	c_000000000341
S0R2924940/1 BH:ok	c_000000000341
S0R2930144/1 BH:changed:3	c_000000000341
S0R2930144/1 BH:changed:3	c_000000000341
S0R2947132/1 BH:changed:1	c_000000000341
S0R2947132/1 BH:changed:1	c_000000000341
S0R2938380/1 BH:changed:3	c_000000000341
S0R2938380/1 BH:changed:3	c_000000000341
S0R2952191/1 BH:changed:2	c_000000000341
S0R2952191/1 BH:changed:2	c_000000000341
S0R2955298/1 BH:ok	c_000000000341
S0R2955298/1 BH:ok	c_000000000341
S0R2955675/1 BH:changed:3	c_000000000341
S0R2955675/1 BH:changed:3	c_000000000341
S0R2959177/1 BH:changed:4	c_000000000341
S0R2959177/1 BH:changed:4	c_000000000341
S0R2957676/1 BH:changed:4	c_000000000341
S0R2957676/1 BH:changed:4	c_000000000341
S0R2970231/1 BH:changed:1	c_000000000341
S0R2970231/1 BH:changed:1	c_000000000341
S0R2967827/1 BH:changed:3	c_000000000341
S0R2967827/1 BH:changed:3	c_000000000341
S0R2974151/1 BH:changed:2	c_000000000341
S0R2974151/1 BH:changed:2	c_000000000341
S0R2983128/1 BH:changed:4	c_000000000341
S0R2983128/1 BH:changed:4	c_000000000341
S0R2994468/1 BH:changed:3	c_000000000341
S0R2994468/1 BH:changed:3	c_000000000341
S0R3006328/1 BH:changed:2	c_000000000341
S0R3006328/1 BH:changed:2	c_000000000341
S0R3017326/1 BH:ok	c_000000000341
S0R3017326/1 BH:ok	c_000000000341
S0R3021770/1 BH:changed:4	c_000000000341
S0R3021770/1 BH:changed:4	c_000000000341
S0R3034411/1 BH:changed:1	c_000000000341
S0R3034411/1 BH:changed:1	c_000000000341
S0R3035459/1 BH:changed:3	c_000000000341
S0R3035459/1 BH:changed:3	c_000000000341
S0R3036833/1 BH:changed:3	c_000000000341
S0R3036833/1 BH:changed:3	c_000000000341
S0R3038356/1 BH:changed:1	c_000000000341
S0R3038356/1 BH:changed:1	c_000000000341
S0R3047019/1 BH:changed:1	c_000000000341
S0R3047019/1 BH:changed:1	c_000000000341
S0R3056488/1 BH:changed:1	c_000000000341
S0R3056488/1 BH:changed:1	c_000000000341
S0R3056771/1 BH:changed:2	c_000000000341
S0R3056771/1 BH:changed:2	c_000000000341
S0R3057261/1 BH:changed:5	c_000000000341
S0R3057261/1 BH:changed:5	c_000000000341
S0R3062868/1 BH:ok	c_000000000341
S0R3062868/1 BH:ok	c_000000000341
S0R3064277/1 BH:changed:4	c_000000000341
S0R3064277/1 BH:changed:4	c_000000000341
S0R3067798/1 BH:changed:5	c_000000000341
S0R3067798/1 BH:changed:5	c_000000000341
S0R3072498/1 BH:changed:5	c_000000000341
S0R3072498/1 BH:changed:5	c_000000000341
S0R3072546/1 BH:changed:1	c_000000000341
S0R3072546/1 BH:changed:1	c_000000000341
S0R3075208/1 BH:changed:4	c_000000000341
S0R3075208/1 BH:changed:4	c_000000000341
S0R3071577/1 BH:changed:3	c_000000000341
S0R3084289/1 BH:changed:2	c_000000000341
S0R3084289/1 BH:changed:2	c_000000000341
S0R3091073/1 BH:changed:3	c_000000000341
S0R3091073/1 BH:changed:3	c_000000000341
S0R3099004/1 BH:changed:6	c_000000000341
S0R3099004/1 BH:changed:6	c_000000000341
S0R3098774/1 BH:changed:3	c_000000000341
S0R3098774/1 BH:changed:3	c_000000000341
S0R3105722/1 BH:changed:2	c_000000000341
S0R3105722/1 BH:changed:2	c_000000000341
S0R3087246/1 BH:changed:2	c_000000000341
S0R3087246/1 BH:changed:2	c_000000000341
S0R3116294/1 BH:changed:5	c_000000000341
S0R3116294/1 BH:changed:5	c_000000000341
S0R3122113/1 BH:changed:2	c_000000000341
S0R3122113/1 BH:changed:2	c_000000000341
S0R3107948/1 BH:changed:3	c_000000000341
S0R3107948/1 BH:changed:3	c_000000000341
S0R3133572/1 BH:changed:3	c_000000000341
S0R3133572/1 BH:changed:3	c_000000000341
S0R3116587/1 BH:changed:4	c_000000000341
S0R3116587/1 BH:changed:4	c_000000000341
S0R3132684/1 BH:changed:5	c_000000000341
S0R3132684/1 BH:changed:5	c_000000000341
S0R3135753/1 BH:changed:4	c_000000000341
S0R3135753/1 BH:changed:4	c_000000000341
S0R3153395/1 BH:changed:2	c_000000000341
S0R3153395/1 BH:changed:2	c_000000000341
S0R3157476/1 BH:changed:3	c_000000000341
S0R3157476/1 BH:changed:3	c_000000000341
S0R3166980/1 BH:changed:3	c_000000000341
S0R3166980/1 BH:changed:3	c_000000000341
S0R3175556/1 BH:changed:1	c_000000000341
S0R3175556/1 BH:changed:1	c_000000000341
S0R3178026/1 BH:changed:2	c_000000000341
S0R3178026/1 BH:changed:2	c_000000000341
S0R3190805/1 BH:changed:1	c_000000000341
S0R3190805/1 BH:changed:1	c_000000000341
S0R3208234/1 BH:changed:4	c_000000000341
S0R3208234/1 BH:changed:4	c_000000000341
S0R3199826/1 BH:changed:1	c_000000000341
S0R3199826/1 BH:changed:1	c_000000000341
S0R3213531/1 BH:changed:3	c_000000000341
S0R3213531/1 BH:changed:3	c_000000000341
S0R3209880/1 BH:changed:5	c_000000000341
S0R3209880/1 BH:changed:5	c_000000000341
S0R3210615/1 BH:changed:1	c_000000000341
S0R3210615/1 BH:changed:1	c_000000000341
S0R3223366/1 BH:changed:4	c_000000000341
S0R3223366/1 BH:changed:4	c_000000000341
S0R3218801/1 BH:changed:4	c_000000000341
S0R3218801/1 BH:changed:4	c_000000000341
S0R3227171/1 BH:changed:4	c_000000000341
S0R3227171/1 BH:changed:4	c_000000000341
S0R3232526/1 BH:changed:1	c_000000000341
S0R3232526/1 BH:changed:1	c_000000000341
S0R3238787/1 BH:changed:3	c_000000000341
S0R3238787/1 BH:changed:3	c_000000000341
S0R3244666/1 BH:changed:4	c_000000000341
S0R3244666/1 BH:changed:4	c_000000000341
S0R3240629/1 BH:changed:2	c_000000000341
S0R3240629/1 BH:changed:2	c_000000000341
S0R3229753/1 BH:changed:4	c_000000000341
S0R3229753/1 BH:changed:4	c_000000000341
S0R3246854/1 BH:changed:3	c_000000000341
S0R3246854/1 BH:changed:3	c_000000000341
S0R3250596/1 BH:changed:4	c_000000000341
S0R3250596/1 BH:changed:4	c_000000000341
S0R3239291/1 BH:changed:4	c_000000000341
S0R3239291/1 BH:changed:4	c_000000000341
S0R3255736/1 BH:ok	c_000000000341
S0R3255736/1 BH:ok	c_000000000341
S0R3251455/1 BH:changed:1	c_000000000341
S0R3251455/1 BH:changed:1	c_000000000341
S0R3265808/1 BH:changed:3	c_000000000341
S0R3265808/1 BH:changed:3	c_000000000341
S0R3283214/1 BH:changed:1	c_000000000341
S0R3283214/1 BH:changed:1	c_000000000341
S0R3288850/1 BH:changed:3	c_000000000341
S0R3288850/1 BH:changed:3	c_000000000341
S0R3288687/1 BH:changed:1	c_000000000341
S0R3288687/1 BH:changed:1	c_000000000341
S0R3293005/1 BH:changed:3	c_000000000341
S0R3293005/1 BH:changed:3	c_000000000341
S0R3309141/1 BH:changed:2	c_000000000341
S0R3309141/1 BH:changed:2	c_000000000341
S0R3302491/1 BH:changed:2	c_000000000341
S0R3302491/1 BH:changed:2	c_000000000341
S0R3307734/1 BH:changed:1	c_000000000341
S0R3307734/1 BH:changed:1	c_000000000341
S0R3298945/1 BH:changed:3	c_000000000341
S0R3298945/1 BH:changed:3	c_000000000341
S0R3314704/1 BH:changed:4	c_000000000341
S0R3314704/1 BH:changed:4	c_000000000341
S0R3313291/1 BH:failed	c_000000000341
S0R3313291/1 BH:failed	c_000000000341
S0R3325238/1 BH:changed:5	c_000000000341
S0R3325238/1 BH:changed:5	c_000000000341
S0R3324545/1 BH:changed:4	c_000000000341
S0R3324545/1 BH:changed:4	c_000000000341
S0R3329597/1 BH:changed:3	c_000000000341
S0R3329597/1 BH:changed:3	c_000000000341
S0R3336922/1 BH:changed:5	c_000000000341
S0R3336922/1 BH:changed:5	c_000000000341
S0R3336975/1 BH:changed:3	c_000000000341
S0R3336975/1 BH:changed:3	c_000000000341
S0R3347914/1 BH:changed:2	c_000000000341
S0R3347914/1 BH:changed:2	c_000000000341
S0R3366205/1 BH:changed:2	c_000000000341
S0R3366205/1 BH:changed:2	c_000000000341
S0R3360656/1 BH:changed:3	c_000000000341
S0R3360656/1 BH:changed:3	c_000000000341
S0R3364020/1 BH:changed:3	c_000000000341
S0R3364020/1 BH:changed:3	c_000000000341
S0R3370581/1 BH:changed:3	c_000000000341
S0R3370581/1 BH:changed:3	c_000000000341
S0R3370644/1 BH:changed:1	c_000000000341
S0R3370644/1 BH:changed:1	c_000000000341
S0R3382606/1 BH:changed:1	c_000000000341
S0R3382606/1 BH:changed:1	c_000000000341
S0R3385246/1 BH:changed:4	c_000000000341
S0R3385246/1 BH:changed:4	c_000000000341
S0R3398996/1 BH:changed:3	c_000000000341
S0R3398996/1 BH:changed:3	c_000000000341
S0R3405045/1 BH:changed:4	c_000000000341
S0R3405045/1 BH:changed:4	c_000000000341
S0R3412813/1 BH:changed:3	c_000000000341
S0R3412813/1 BH:changed:3	c_000000000341
S0R3412038/1 BH:changed:3	c_000000000341
S0R3412038/1 BH:changed:3	c_000000000341
S0R3420473/1 BH:changed:2	c_000000000341
S0R3420473/1 BH:changed:2	c_000000000341
S0R3423827/1 BH:changed:3	c_000000000341
S0R3423827/1 BH:changed:3	c_000000000341
S0R3435514/1 BH:changed:9	c_000000000341
S0R3435514/1 BH:changed:9	c_000000000341
S0R3427208/1 BH:changed:3	c_000000000341
S0R3427208/1 BH:changed:3	c_000000000341
S0R3439146/1 BH:changed:3	c_000000000341
S0R3439146/1 BH:changed:3	c_000000000341
S0R3444692/1 BH:changed:3	c_000000000341
S0R3444692/1 BH:changed:3	c_000000000341
S0R3438165/1 BH:changed:5	c_000000000341
S0R3438165/1 BH:changed:5	c_000000000341
S0R3445922/1 BH:changed:1	c_000000000341
S0R3445922/1 BH:changed:1	c_000000000341
S0R3451560/1 BH:changed:2	c_000000000341
S0R3451560/1 BH:changed:2	c_000000000341
S0R3447506/1 BH:changed:2	c_000000000341
S0R3447506/1 BH:changed:2	c_000000000341
S0R3450829/1 BH:changed:2	c_000000000341
S0R3450829/1 BH:changed:2	c_000000000341
S0R3460154/1 BH:changed:3	c_000000000341
S0R3460154/1 BH:changed:3	c_000000000341
S0R3433246/1 BH:changed:3	c_000000000341
S0R3433246/1 BH:changed:3	c_000000000341
S0R3481132/1 BH:changed:4	c_000000000341
S0R3481132/1 BH:changed:4	c_000000000341
S0R3482535/1 BH:changed:2	c_000000000341
S0R3482535/1 BH:changed:2	c_000000000341
S0R3484312/1 BH:changed:4	c_000000000341
S0R3484312/1 BH:changed:4	c_000000000341
S0R3488843/1 BH:ok	c_000000000341
S0R3488843/1 BH:ok	c_000000000341
S0R3500045/1 BH:changed:3	c_000000000341
S0R3500045/1 BH:changed:3	c_000000000341
S0R3514216/1 BH:changed:2	c_000000000341
S0R3514216/1 BH:changed:2	c_000000000341
S0R3513830/1 BH:changed:3	c_000000000341
S0R3513830/1 BH:changed:3	c_000000000341
S0R3518143/1 BH:changed:1	c_000000000341
S0R3518143/1 BH:changed:1	c_000000000341
S0R3518398/1 BH:changed:5	c_000000000341
S0R3518398/1 BH:changed:5	c_000000000341
S0R3514839/1 BH:changed:4	c_000000000341
S0R3514839/1 BH:changed:4	c_000000000341
S0R3523028/1 BH:changed:5	c_000000000341
S0R3523028/1 BH:changed:5	c_000000000341
S0R3535405/1 BH:changed:4	c_000000000341
S0R3535405/1 BH:changed:4	c_000000000341
S0R3543667/1 BH:changed:3	c_000000000341
S0R3543667/1 BH:changed:3	c_000000000341
S0R3553562/1 BH:changed:2	c_000000000341
S0R3553562/1 BH:changed:2	c_000000000341
S0R3554364/1 BH:changed:3	c_000000000341
S0R3554364/1 BH:changed:3	c_000000000341
S0R3558070/1 BH:changed:4	c_000000000341
S0R3558070/1 BH:changed:4	c_000000000341
S0R3580832/1 BH:changed:3	c_000000000341
S0R3580832/1 BH:changed:3	c_000000000341
S0R3569977/1 BH:changed:7	c_000000000341
S0R3569977/1 BH:changed:7	c_000000000341
S0R3578678/1 BH:changed:4	c_000000000341
S0R3578678/1 BH:changed:4	c_000000000341
S0R3554600/1 BH:changed:3	c_000000000341
S0R3554600/1 BH:changed:3	c_000000000341
S0R3577213/1 BH:changed:8	c_000000000341
S0R3577213/1 BH:changed:8	c_000000000341
S0R3590004/1 BH:changed:3	c_000000000341
S0R3590004/1 BH:changed:3	c_000000000341
S0R3580169/1 BH:changed:4	c_000000000341
S0R3580169/1 BH:changed:4	c_000000000341
S0R3597806/1 BH:ok	c_000000000341
S0R3597806/1 BH:ok	c_000000000341
S0R3606015/1 BH:changed:2	c_000000000341
S0R3606015/1 BH:changed:2	c_000000000341
S0R3599723/1 BH:changed:1	c_000000000341
S0R3599723/1 BH:changed:1	c_000000000341
S0R3614511/1 BH:changed:4	c_000000000341
S0R3614511/1 BH:changed:4	c_000000000341
S0R3625317/1 BH:changed:4	c_000000000341
S0R3625317/1 BH:changed:4	c_000000000341
S0R3646210/1 BH:changed:3	c_000000000341
S0R3646210/1 BH:changed:3	c_000000000341
S0R3650287/1 BH:changed:3	c_000000000341
S0R3650287/1 BH:changed:3	c_000000000341
S0R3656810/1 BH:changed:2	c_000000000341
S0R3656810/1 BH:changed:2	c_000000000341
S0R3657303/1 BH:changed:3	c_000000000341
S0R3657303/1 BH:changed:3	c_000000000341
S0R3644908/1 BH:changed:3	c_000000000341
S0R3644908/1 BH:changed:3	c_000000000341
S0R3661065/1 BH:changed:3	c_000000000341
S0R3661065/1 BH:changed:3	c_000000000341
S0R3653525/1 BH:changed:3	c_000000000341
S0R3653525/1 BH:changed:3	c_000000000341
S0R3623095/1 BH:changed:6	c_000000000341
S0R3623095/1 BH:changed:6	c_000000000341
S0R3681238/1 BH:changed:1	c_000000000341
S0R3681238/1 BH:changed:1	c_000000000341
S0R3673196/1 BH:changed:3	c_000000000341
S0R3673196/1 BH:changed:3	c_000000000341
S0R3683244/1 BH:changed:2	c_000000000341
S0R3683244/1 BH:changed:2	c_000000000341
S0R3671855/1 BH:changed:2	c_000000000341
S0R3671855/1 BH:changed:2	c_000000000341
S0R3659274/1 BH:changed:1	c_000000000341
S0R3659274/1 BH:changed:1	c_000000000341
S0R3665469/1 BH:changed:2	c_000000000341
S0R3665469/1 BH:changed:2	c_000000000341
S0R3690219/1 BH:changed:1	c_000000000341
S0R3690219/1 BH:changed:1	c_000000000341
S0R3682682/1 BH:changed:2	c_000000000341
S0R3682682/1 BH:changed:2	c_000000000341
S0R3687374/1 BH:changed:2	c_000000000341
S0R3687374/1 BH:changed:2	c_000000000341
S0R3703164/1 BH:changed:1	c_000000000341
S0R3703164/1 BH:changed:1	c_000000000341
S0R3672828/1 BH:changed:4	c_000000000341
S0R3672828/1 BH:changed:4	c_000000000341
S0R3705364/1 BH:changed:2	c_000000000341
S0R3705364/1 BH:changed:2	c_000000000341
S0R3712405/1 BH:changed:3	c_000000000341
S0R3712405/1 BH:changed:3	c_000000000341
S0R3718778/1 BH:changed:4	c_000000000341
S0R3718778/1 BH:changed:4	c_000000000341
S0R3732552/1 BH:failed	c_000000000341
S0R3732552/1 BH:failed	c_000000000341
S0R3739084/1 BH:changed:3	c_000000000341
S0R3739084/1 BH:changed:3	c_000000000341
S0R3732736/1 BH:changed:3	c_000000000341
S0R3732736/1 BH:changed:3	c_000000000341
S0R3731144/1 BH:changed:6	c_000000000341
S0R3731144/1 BH:changed:6	c_000000000341
S0R3737823/1 BH:changed:4	c_000000000341
S0R3737823/1 BH:changed:4	c_000000000341
S0R3747109/1 BH:changed:2	c_000000000341
S0R3747109/1 BH:changed:2	c_000000000341
S0R3760314/1 BH:changed:9	c_000000000341
S0R3760314/1 BH:changed:9	c_000000000341
S0R3749522/1 BH:changed:2	c_000000000341
S0R3749522/1 BH:changed:2	c_000000000341
S0R3765798/1 BH:ok	c_000000000341
S0R3765798/1 BH:ok	c_000000000341
S0R3760707/1 BH:changed:5	c_000000000341
S0R3760707/1 BH:changed:5	c_000000000341
S0R3766702/1 BH:changed:7	c_000000000341
S0R3766702/1 BH:changed:7	c_000000000341
S0R3772539/1 BH:changed:2	c_000000000341
S0R3772539/1 BH:changed:2	c_000000000341
S0R3771033/1 BH:changed:5	c_000000000341
S0R3771033/1 BH:changed:5	c_000000000341
S0R3779870/1 BH:changed:6	c_000000000341
S0R3779870/1 BH:changed:6	c_000000000341
S0R3777570/1 BH:changed:1	c_000000000341
S0R3777570/1 BH:changed:1	c_000000000341
S0R3789464/1 BH:changed:4	c_000000000341
S0R3789464/1 BH:changed:4	c_000000000341
S0R3794728/1 BH:changed:5	c_000000000341
S0R3794728/1 BH:changed:5	c_000000000341
S0R3795760/1 BH:changed:2	c_000000000341
S0R3795760/1 BH:changed:2	c_000000000341
S0R3791702/1 BH:changed:2	c_000000000341
S0R3791702/1 BH:changed:2	c_000000000341
S0R3807500/1 BH:changed:4	c_000000000341
S0R3807500/1 BH:changed:4	c_000000000341
S0R3809259/1 BH:changed:1	c_000000000341
S0R3820389/1 BH:ok	c_000000000341
S0R3820389/1 BH:ok	c_000000000341
S0R3822235/1 BH:changed:3	c_000000000341
S0R3822235/1 BH:changed:3	c_000000000341
S0R3803724/1 BH:changed:2	c_000000000341
S0R3803724/1 BH:changed:2	c_000000000341
S0R3832504/1 BH:changed:2	c_000000000341
S0R3832504/1 BH:changed:2	c_000000000341
S0R3829544/1 BH:changed:1	c_000000000341
S0R3829544/1 BH:changed:1	c_000000000341
S0R3848692/1 BH:changed:4	c_000000000341
S0R3848692/1 BH:changed:4	c_000000000341
S0R3867344/1 BH:changed:3	c_000000000341
S0R3867344/1 BH:changed:3	c_000000000341
S0R3871804/1 BH:changed:3	c_000000000341
S0R3871804/1 BH:changed:3	c_000000000341
S0R3837017/1 BH:changed:3	c_000000000341
S0R3837017/1 BH:changed:3	c_000000000341
S0R3871354/1 BH:changed:6	c_000000000341
S0R3871354/1 BH:changed:6	c_000000000341
S0R3868767/1 BH:changed:4	c_000000000341
S0R3868767/1 BH:changed:4	c_000000000341
S0R3877977/1 BH:changed:4	c_000000000341
S0R3877977/1 BH:changed:4	c_000000000341
S0R3877150/1 BH:changed:7	c_000000000341
S0R3877150/1 BH:changed:7	c_000000000341
S0R3878589/1 BH:changed:5	c_000000000341
S0R3878589/1 BH:changed:5	c_000000000341
S0R3892052/1 BH:changed:6	c_000000000341
S0R3892052/1 BH:changed:6	c_000000000341
S0R3895687/1 BH:changed:1	c_000000000341
S0R3895687/1 BH:changed:1	c_000000000341
S0R3894238/1 BH:changed:3	c_000000000341
S0R3894238/1 BH:changed:3	c_000000000341
S0R3901994/1 BH:changed:5	c_000000000341
S0R3901994/1 BH:changed:5	c_000000000341
S0R3885359/1 BH:changed:2	c_000000000341
S0R3885359/1 BH:changed:2	c_000000000341
S0R3910781/1 BH:changed:5	c_000000000341
S0R3910781/1 BH:changed:5	c_000000000341
S0R3911234/1 BH:failed	c_000000000341
S0R3911234/1 BH:failed	c_000000000341
S0R3921654/1 BH:changed:3	c_000000000341
S0R3921654/1 BH:changed:3	c_000000000341
S0R3926632/1 BH:changed:3	c_000000000341
S0R3926632/1 BH:changed:3	c_000000000341
S0R3934431/1 BH:changed:3	c_000000000341
S0R3934431/1 BH:changed:3	c_000000000341
S0R3928476/1 BH:changed:1	c_000000000341
S0R3928476/1 BH:changed:1	c_000000000341
S0R3944883/1 BH:changed:2	c_000000000341
S0R3944883/1 BH:changed:2	c_000000000341
S0R3936656/1 BH:changed:3	c_000000000341
S0R3936656/1 BH:changed:3	c_000000000341
S0R3957951/1 BH:changed:2	c_000000000341
S0R3957951/1 BH:changed:2	c_000000000341
S0R3963752/1 BH:changed:4	c_000000000341
S0R3963752/1 BH:changed:4	c_000000000341
S0R3959911/1 BH:changed:2	c_000000000341
S0R3959911/1 BH:changed:2	c_000000000341
S0R3954189/1 BH:changed:2	c_000000000341
S0R3954189/1 BH:changed:2	c_000000000341
S0R3974306/1 BH:changed:6	c_000000000341
S0R3974306/1 BH:changed:6	c_000000000341
S0R3977593/1 BH:changed:3	c_000000000341
S0R3977593/1 BH:changed:3	c_000000000341
S0R3983225/1 BH:changed:3	c_000000000341
S0R3983225/1 BH:changed:3	c_000000000341
S0R3990432/1 BH:changed:5	c_000000000341
S0R3990432/1 BH:changed:5	c_000000000341
S0R4001351/1 BH:changed:4	c_000000000341
S0R4001351/1 BH:changed:4	c_000000000341
S0R3989722/1 BH:changed:5	c_000000000341
S0R3989722/1 BH:changed:5	c_000000000341
S0R4012810/1 BH:changed:2	c_000000000341
S0R4012810/1 BH:changed:2	c_000000000341
S0R4030477/1 BH:changed:4	c_000000000341
S0R4030477/1 BH:changed:4	c_000000000341
S0R4028024/1 BH:changed:7	c_000000000341
S0R4028024/1 BH:changed:7	c_000000000341
S0R4020418/1 BH:changed:2	c_000000000341
S0R4020418/1 BH:changed:2	c_000000000341
S0R4049562/1 BH:changed:5	c_000000000341
S0R4049562/1 BH:changed:5	c_000000000341
S0R4049381/1 BH:changed:3	c_000000000341
S0R4049381/1 BH:changed:3	c_000000000341
S0R4053199/1 BH:changed:5	c_000000000341
S0R4053199/1 BH:changed:5	c_000000000341
S0R4038108/1 BH:changed:3	c_000000000341
S0R4038108/1 BH:changed:3	c_000000000341
S0R4054479/1 BH:changed:4	c_000000000341
S0R4054479/1 BH:changed:4	c_000000000341
S0R4062630/1 BH:changed:3	c_000000000341
S0R4062630/1 BH:changed:3	c_000000000341
S0R4063842/1 BH:changed:1	c_000000000341
S0R4063842/1 BH:changed:1	c_000000000341
S0R4068419/1 BH:changed:5	c_000000000341
S0R4068419/1 BH:changed:5	c_000000000341
S0R4070211/1 BH:changed:1	c_000000000341
S0R4070211/1 BH:changed:1	c_000000000341
S0R4074274/1 BH:changed:2	c_000000000341
S0R4074274/1 BH:changed:2	c_000000000341
S0R4080238/1 BH:changed:2	c_000000000341
S0R4080238/1 BH:changed:2	c_000000000341
S0R4073420/1 BH:changed:1	c_000000000341
S0R4073420/1 BH:changed:1	c_000000000341
S0R4067431/1 BH:changed:3	c_000000000341
S0R4067431/1 BH:changed:3	c_000000000341
S0R4092728/1 BH:changed:1	c_000000000341
S0R4092728/1 BH:changed:1	c_000000000341
S0R4091511/1 BH:changed:1	c_000000000341
S0R4091511/1 BH:changed:1	c_000000000341
S0R4099918/1 BH:changed:5	c_000000000341
S0R4099918/1 BH:changed:5	c_000000000341
S0R4115473/1 BH:changed:2	c_000000000341
S0R4115473/1 BH:changed:2	c_000000000341
S0R4111887/1 BH:changed:7	c_000000000341
S0R4111887/1 BH:changed:7	c_000000000341
S0R4110268/1 BH:changed:2	c_000000000341
S0R4110268/1 BH:changed:2	c_000000000341
S0R4112293/1 BH:changed:4	c_000000000341
S0R4112293/1 BH:changed:4	c_000000000341
S0R4118614/1 BH:changed:5	c_000000000341
S0R4118614/1 BH:changed:5	c_000000000341
S0R4117475/1 BH:changed:3	c_000000000341
S0R4117475/1 BH:changed:3	c_000000000341
S0R4120994/1 BH:changed:4	c_000000000341
S0R4120994/1 BH:changed:4	c_000000000341
S0R4092132/1 BH:changed:4	c_000000000341
S0R4092132/1 BH:changed:4	c_000000000341
S0R4092141/1 BH:changed:3	c_000000000341
S0R4092141/1 BH:changed:3	c_000000000341
S0R4139111/1 BH:changed:2	c_000000000341
S0R4139111/1 BH:changed:2	c_000000000341
S0R4112548/1 BH:changed:1	c_000000000341
S0R4112548/1 BH:changed:1	c_000000000341
S0R4155304/1 BH:changed:3	c_000000000341
S0R4155304/1 BH:changed:3	c_000000000341
S0R4151197/1 BH:changed:4	c_000000000341
S0R4151197/1 BH:changed:4	c_000000000341
S0R4169209/1 BH:failed	c_000000000341
S0R4169209/1 BH:failed	c_000000000341
S0R4160783/1 BH:changed:4	c_000000000341
S0R4160783/1 BH:changed:4	c_000000000341
S0R4160825/1 BH:changed:4	c_000000000341
S0R4160825/1 BH:changed:4	c_000000000341
S0R4172804/1 BH:changed:3	c_000000000341
S0R4172804/1 BH:changed:3	c_000000000341
S0R4180579/1 BH:changed:4	c_000000000341
S0R4180579/1 BH:changed:4	c_000000000341
S0R4160944/1 BH:changed:6	c_000000000341
S0R4160944/1 BH:changed:6	c_000000000341
S0R4189472/1 BH:changed:4	c_000000000341
S0R4189472/1 BH:changed:4	c_000000000341
S0R4181421/1 BH:changed:1	c_000000000341
S0R4181421/1 BH:changed:1	c_000000000341
S0R4195323/1 BH:changed:5	c_000000000341
S0R4195323/1 BH:changed:5	c_000000000341
S0R4194634/1 BH:changed:3	c_000000000341
S0R4194634/1 BH:changed:3	c_000000000341
S0R4192108/1 BH:changed:4	c_000000000341
S0R4192108/1 BH:changed:4	c_000000000341
S0R4191056/1 BH:changed:1	c_000000000341
S0R4191056/1 BH:changed:1	c_000000000341
S0R4195157/1 BH:changed:2	c_000000000341
S0R4195157/1 BH:changed:2	c_000000000341
S0R4204736/1 BH:changed:5	c_000000000341
S0R4204736/1 BH:changed:5	c_000000000341
S0R4218991/1 BH:changed:7	c_000000000341
S0R4218991/1 BH:changed:7	c_000000000341
S0R4227125/1 BH:changed:2	c_000000000341
S0R4227125/1 BH:changed:2	c_000000000341
S0R4223692/1 BH:changed:9	c_000000000341
S0R4223692/1 BH:changed:9	c_000000000341
S0R4225566/1 BH:changed:5	c_000000000341
S0R4225566/1 BH:changed:5	c_000000000341
S0R4208707/1 BH:changed:6	c_000000000341
S0R4208707/1 BH:changed:6	c_000000000341
S0R4234725/1 BH:changed:2	c_000000000341
S0R4234725/1 BH:changed:2	c_000000000341
S0R4232417/1 BH:changed:5	c_000000000341
S0R4232417/1 BH:changed:5	c_000000000341
S0R4243655/1 BH:changed:5	c_000000000341
S0R4243655/1 BH:changed:5	c_000000000341
S0R4260162/1 BH:changed:2	c_000000000341
S0R4260162/1 BH:changed:2	c_000000000341
S0R4273154/1 BH:changed:1	c_000000000341
S0R4273154/1 BH:changed:1	c_000000000341
S0R4286680/1 BH:changed:7	c_000000000341
S0R4286680/1 BH:changed:7	c_000000000341
S0R4288369/1 BH:changed:5	c_000000000341
S0R4288369/1 BH:changed:5	c_000000000341
S0R4288872/1 BH:changed:1	c_000000000341
S0R4288872/1 BH:changed:1	c_000000000341
S0R4283381/1 BH:changed:4	c_000000000341
S0R4283381/1 BH:changed:4	c_000000000341
S0R4295377/1 BH:changed:3	c_000000000341
S0R4295377/1 BH:changed:3	c_000000000341
S0R4305837/1 BH:changed:2	c_000000000341
S0R4305837/1 BH:changed:2	c_000000000341
S0R4307090/1 BH:changed:2	c_000000000341
S0R4307090/1 BH:changed:2	c_000000000341
S0R4316920/1 BH:changed:2	c_000000000341
S0R4316920/1 BH:changed:2	c_000000000341
S0R4316515/1 BH:changed:7	c_000000000341
S0R4316515/1 BH:changed:7	c_000000000341
S0R4312132/1 BH:changed:3	c_000000000341
S0R4312132/1 BH:changed:3	c_000000000341
S0R4321005/1 BH:changed:5	c_000000000341
S0R4321005/1 BH:changed:5	c_000000000341
S0R4324227/1 BH:changed:1	c_000000000341
S0R4324227/1 BH:changed:1	c_000000000341
S0R4324354/1 BH:changed:1	c_000000000341
S0R4324354/1 BH:changed:1	c_000000000341
S0R4331325/1 BH:changed:3	c_000000000341
S0R4331325/1 BH:changed:3	c_000000000341
S0R4328350/1 BH:changed:2	c_000000000341
S0R4328350/1 BH:changed:2	c_000000000341
S0R4337198/1 BH:changed:2	c_000000000341
S0R4337198/1 BH:changed:2	c_000000000341
S0R4347535/1 BH:changed:4	c_000000000341
S0R4347535/1 BH:changed:4	c_000000000341
S0R4346725/1 BH:changed:7	c_000000000341
S0R4346725/1 BH:changed:7	c_000000000341
S0R4348360/1 BH:changed:1	c_000000000341
S0R4348360/1 BH:changed:1	c_000000000341
S0R4363186/1 BH:ok	c_000000000341
S0R4363186/1 BH:ok	c_000000000341
S0R4365825/1 BH:changed:2	c_000000000341
S0R4365825/1 BH:changed:2	c_000000000341
S0R4366424/1 BH:changed:4	c_000000000341
S0R4366424/1 BH:changed:4	c_000000000341
S0R4367084/1 BH:changed:3	c_000000000341
S0R4367084/1 BH:changed:3	c_000000000341
S0R4365117/1 BH:changed:1	c_000000000341
S0R4365117/1 BH:changed:1	c_000000000341
S0R4367461/1 BH:changed:7	c_000000000341
S0R4367461/1 BH:changed:7	c_000000000341
S0R4374977/1 BH:changed:5	c_000000000341
S0R4374977/1 BH:changed:5	c_000000000341
S0R4378672/1 BH:changed:1	c_000000000341
S0R4378672/1 BH:changed:1	c_000000000341
S0R4384977/1 BH:changed:2	c_000000000341
S0R4384977/1 BH:changed:2	c_000000000341
S0R4394810/1 BH:changed:5	c_000000000341
S0R4394810/1 BH:changed:5	c_000000000341
S0R4392926/1 BH:ok	c_000000000341
S0R4392926/1 BH:ok	c_000000000341
S0R4387668/1 BH:changed:2	c_000000000341
S0R4387668/1 BH:changed:2	c_000000000341
S0R4402441/1 BH:changed:4	c_000000000341
S0R4402441/1 BH:changed:4	c_000000000341
S0R4410160/1 BH:changed:5	c_000000000341
S0R4410160/1 BH:changed:5	c_000000000341
S0R4415244/1 BH:changed:3	c_000000000341
S0R4415244/1 BH:changed:3	c_000000000341
S0R4415090/1 BH:changed:4	c_000000000341
S0R4415090/1 BH:changed:4	c_000000000341
S0R4395969/1 BH:changed:3	c_000000000341
S0R4395969/1 BH:changed:3	c_000000000341
S0R4394409/1 BH:changed:3	c_000000000341
S0R4394409/1 BH:changed:3	c_000000000341
S0R4413042/1 BH:changed:4	c_000000000341
S0R4413042/1 BH:changed:4	c_000000000341
S0R4425396/1 BH:changed:4	c_000000000341
S0R4425396/1 BH:changed:4	c_000000000341
S0R4428172/1 BH:changed:3	c_000000000341
S0R4428172/1 BH:changed:3	c_000000000341
S0R4430500/1 BH:changed:3	c_000000000341
S0R4430500/1 BH:changed:3	c_000000000341
S0R4442071/1 BH:changed:3	c_000000000341
S0R4442071/1 BH:changed:3	c_000000000341
S0R4472920/1 BH:ok	c_000000000341
S0R4472920/1 BH:ok	c_000000000341
S0R4471151/1 BH:changed:5	c_000000000341
S0R4471151/1 BH:changed:5	c_000000000341
S0R4470274/1 BH:changed:1	c_000000000341
S0R4470274/1 BH:changed:1	c_000000000341
S0R4471891/1 BH:changed:4	c_000000000341
S0R4471891/1 BH:changed:4	c_000000000341
S0R4472654/1 BH:changed:3	c_000000000341
S0R4472654/1 BH:changed:3	c_000000000341
S0R4478729/1 BH:changed:5	c_000000000341
S0R4478729/1 BH:changed:5	c_000000000341
S0R4485527/1 BH:changed:1	c_000000000341
S0R4485527/1 BH:changed:1	c_000000000341
S0R4487293/1 BH:changed:4	c_000000000341
S0R4487293/1 BH:changed:4	c_000000000341
S0R4476670/1 BH:changed:1	c_000000000341
S0R4476670/1 BH:changed:1	c_000000000341
S0R4481722/1 BH:changed:2	c_000000000341
S0R4481722/1 BH:changed:2	c_000000000341
S0R4495183/1 BH:changed:3	c_000000000341
S0R4495183/1 BH:changed:3	c_000000000341
S0R4497968/1 BH:changed:1	c_000000000341
S0R4497968/1 BH:changed:1	c_000000000341
S0R4490427/1 BH:changed:2	c_000000000341
S0R4490427/1 BH:changed:2	c_000000000341
S0R4496892/1 BH:changed:3	c_000000000341
S0R4496892/1 BH:changed:3	c_000000000341
S0R4497646/1 BH:changed:3	c_000000000341
S0R4497646/1 BH:changed:3	c_000000000341
S0R4500854/1 BH:changed:2	c_000000000341
S0R4500854/1 BH:changed:2	c_000000000341
S0R4504270/1 BH:changed:3	c_000000000341
S0R4504270/1 BH:changed:3	c_000000000341
S0R4511769/1 BH:changed:7	c_000000000341
S0R4511769/1 BH:changed:7	c_000000000341
S0R4503146/1 BH:changed:4	c_000000000341
S0R4503146/1 BH:changed:4	c_000000000341
S0R4514512/1 BH:changed:4	c_000000000341
S0R4514512/1 BH:changed:4	c_000000000341
S0R4506753/1 BH:changed:2	c_000000000341
S0R4506753/1 BH:changed:2	c_000000000341
S0R4518842/1 BH:changed:5	c_000000000341
S0R4518842/1 BH:changed:5	c_000000000341
S0R4524045/1 BH:changed:3	c_000000000341
S0R4524045/1 BH:changed:3	c_000000000341
S0R4530290/1 BH:changed:4	c_000000000341
S0R4530290/1 BH:changed:4	c_000000000341
S0R4523858/1 BH:ok	c_000000000341
S0R4523858/1 BH:ok	c_000000000341
S0R4523868/1 BH:changed:2	c_000000000341
S0R4523868/1 BH:changed:2	c_000000000341
S0R4526833/1 BH:changed:3	c_000000000341
S0R4526833/1 BH:changed:3	c_000000000341
S0R4518507/1 BH:changed:1	c_000000000341
S0R4518507/1 BH:changed:1	c_000000000341
S0R4523524/1 BH:changed:2	c_000000000341
S0R4523524/1 BH:changed:2	c_000000000341
S0R4534770/1 BH:changed:6	c_000000000341
S0R4534770/1 BH:changed:6	c_000000000341
S0R4534489/1 BH:changed:5	c_000000000341
S0R4534489/1 BH:changed:5	c_000000000341
S0R4543297/1 BH:changed:3	c_000000000341
S0R4543297/1 BH:changed:3	c_000000000341
S0R4540095/1 BH:changed:4	c_000000000341
S0R4540095/1 BH:changed:4	c_000000000341
S0R4555686/1 BH:changed:2	c_000000000341
S0R4555686/1 BH:changed:2	c_000000000341
S0R4558499/1 BH:changed:2	c_000000000341
S0R4558499/1 BH:changed:2	c_000000000341
S0R4561502/1 BH:changed:4	c_000000000341
S0R4561502/1 BH:changed:4	c_000000000341
S0R4568475/1 BH:changed:3	c_000000000341
S0R4568475/1 BH:changed:3	c_000000000341
S0R4579895/1 BH:changed:2	c_000000000341
S0R4579895/1 BH:changed:2	c_000000000341
S0R4586453/1 BH:ok	c_000000000341
S0R4586453/1 BH:ok	c_000000000341
S0R4592508/1 BH:changed:5	c_000000000341
S0R4592508/1 BH:changed:5	c_000000000341
S0R4593919/1 BH:changed:3	c_000000000341
S0R4593919/1 BH:changed:3	c_000000000341
S0R4603427/1 BH:changed:5	c_000000000341
S0R4603427/1 BH:changed:5	c_000000000341
S0R4615223/1 BH:changed:2	c_000000000341
S0R4615223/1 BH:changed:2	c_000000000341
S0R4618358/1 BH:changed:1	c_000000000341
S0R4618358/1 BH:changed:1	c_000000000341
S0R4623272/1 BH:changed:1	c_000000000341
S0R4623272/1 BH:changed:1	c_000000000341
S0R4629295/1 BH:changed:1	c_000000000341
S0R4629295/1 BH:changed:1	c_000000000341
S0R4635010/1 BH:changed:6	c_000000000341
S0R4635010/1 BH:changed:6	c_000000000341
S0R4635860/1 BH:changed:3	c_000000000341
S0R4635860/1 BH:changed:3	c_000000000341
S0R4649183/1 BH:changed:1	c_000000000341
S0R4646579/1 BH:changed:2	c_000000000341
S0R4646579/1 BH:changed:2	c_000000000341
S0R4662046/1 BH:changed:2	c_000000000341
S0R4662046/1 BH:changed:2	c_000000000341
S0R4664132/1 BH:changed:3	c_000000000341
S0R4664132/1 BH:changed:3	c_000000000341
S0R4662887/1 BH:changed:5	c_000000000341
S0R4662887/1 BH:changed:5	c_000000000341
S0R4676081/1 BH:changed:4	c_000000000341
S0R4676081/1 BH:changed:4	c_000000000341
S0R4669408/1 BH:changed:3	c_000000000341
S0R4669408/1 BH:changed:3	c_000000000341
S0R4674726/1 BH:changed:3	c_000000000341
S0R4674726/1 BH:changed:3	c_000000000341
S0R4702131/1 BH:changed:5	c_000000000341
S0R4702131/1 BH:changed:5	c_000000000341
S0R4698873/1 BH:changed:2	c_000000000341
S0R4698873/1 BH:changed:2	c_000000000341
S0R4699084/1 BH:changed:7	c_000000000341
S0R4699084/1 BH:changed:7	c_000000000341
S0R4705939/1 BH:changed:2	c_000000000341
S0R4705939/1 BH:changed:2	c_000000000341
S0R4716700/1 BH:changed:2	c_000000000341
S0R4716700/1 BH:changed:2	c_000000000341
S0R4721604/1 BH:changed:5	c_000000000341
S0R4721604/1 BH:changed:5	c_000000000341
S0R4718240/1 BH:changed:3	c_000000000341
S0R4718240/1 BH:changed:3	c_000000000341
S0R4735679/1 BH:changed:1	c_000000000341
S0R4735679/1 BH:changed:1	c_000000000341
S0R4749751/1 BH:changed:2	c_000000000341
S0R4749751/1 BH:changed:2	c_000000000341
S0R4759073/1 BH:changed:4	c_000000000341
S0R4759073/1 BH:changed:4	c_000000000341
S0R4761525/1 BH:changed:3	c_000000000341
S0R4761525/1 BH:changed:3	c_000000000341
S0R4764942/1 BH:changed:1	c_000000000341
S0R4764942/1 BH:changed:1	c_000000000341
S0R4772932/1 BH:changed:4	c_000000000341
S0R4772932/1 BH:changed:4	c_000000000341
S0R4773149/1 BH:ok	c_000000000341
S0R4773149/1 BH:ok	c_000000000341
S0R4781877/1 BH:changed:1	c_000000000341
S0R4781877/1 BH:changed:1	c_000000000341
S0R4783505/1 BH:changed:3	c_000000000341
S0R4783505/1 BH:changed:3	c_000000000341
S0R4796589/1 BH:changed:4	c_000000000341
S0R4796589/1 BH:changed:4	c_000000000341
S0R4805525/1 BH:changed:4	c_000000000341
S0R4805525/1 BH:changed:4	c_000000000341
S0R4826766/1 BH:changed:4	c_000000000341
S0R4826766/1 BH:changed:4	c_000000000341
S0R4820281/1 BH:ok	c_000000000341
S0R4820281/1 BH:ok	c_000000000341
S0R4847113/1 BH:changed:2	c_000000000341
S0R4847113/1 BH:changed:2	c_000000000341
S0R4833979/1 BH:changed:4	c_000000000341
S0R4833979/1 BH:changed:4	c_000000000341
S0R4850872/1 BH:changed:4	c_000000000341
S0R4850872/1 BH:changed:4	c_000000000341
S0R4853528/1 BH:changed:1	c_000000000341
S0R4853528/1 BH:changed:1	c_000000000341
S0R4860928/1 BH:changed:2	c_000000000341
S0R4860928/1 BH:changed:2	c_000000000341
S0R4862726/1 BH:changed:5	c_000000000341
S0R4862726/1 BH:changed:5	c_000000000341
S0R4875278/1 BH:changed:2	c_000000000341
S0R4875278/1 BH:changed:2	c_000000000341
S0R4866986/1 BH:ok	c_000000000341
S0R4866986/1 BH:ok	c_000000000341
S0R4890941/1 BH:changed:7	c_000000000341
S0R4890941/1 BH:changed:7	c_000000000341
S0R4884215/1 BH:changed:3	c_000000000341
S0R4884215/1 BH:changed:3	c_000000000341
S0R4888324/1 BH:changed:4	c_000000000341
S0R4888324/1 BH:changed:4	c_000000000341
S0R4888304/1 BH:changed:6	c_000000000341
S0R4888304/1 BH:changed:6	c_000000000341
S0R4896290/1 BH:changed:2	c_000000000341
S0R4896290/1 BH:changed:2	c_000000000341
S0R4906001/1 BH:changed:4	c_000000000341
S0R4906001/1 BH:changed:4	c_000000000341
S0R4902729/1 BH:changed:7	c_000000000341
S0R4902729/1 BH:changed:7	c_000000000341
S0R4887843/1 BH:changed:3	c_000000000341
S0R4887843/1 BH:changed:3	c_000000000341
S0R4913137/1 BH:changed:7	c_000000000341
S0R4913137/1 BH:changed:7	c_000000000341
S0R4919598/1 BH:ok	c_000000000341
S0R4919598/1 BH:ok	c_000000000341
S0R4921543/1 BH:changed:1	c_000000000341
S0R4921543/1 BH:changed:1	c_000000000341
S0R4936290/1 BH:changed:2	c_000000000341
S0R4936290/1 BH:changed:2	c_000000000341
S0R4927087/1 BH:changed:4	c_000000000341
S0R4927087/1 BH:changed:4	c_000000000341
S0R4917216/1 BH:changed:2	c_000000000341
S0R4917216/1 BH:changed:2	c_000000000341
S0R4945348/1 BH:changed:2	c_000000000341
S0R4945348/1 BH:changed:2	c_000000000341
S0R4952016/1 BH:changed:5	c_000000000341
S0R4952016/1 BH:changed:5	c_000000000341
S0R4943165/1 BH:changed:4	c_000000000341
S0R4943165/1 BH:changed:4	c_000000000341
S0R4949425/1 BH:changed:5	c_000000000341
S0R4949425/1 BH:changed:5	c_000000000341
S0R4951547/1 BH:changed:3	c_000000000341
S0R4951547/1 BH:changed:3	c_000000000341
S0R4974814/1 BH:changed:2	c_000000000341
S0R4974814/1 BH:changed:2	c_000000000341
S0R4976987/1 BH:changed:3	c_000000000341
S0R4976987/1 BH:changed:3	c_000000000341
S0R4972415/1 BH:changed:4	c_000000000341
S0R4972415/1 BH:changed:4	c_000000000341
S0R4975878/1 BH:changed:4	c_000000000341
S0R4975878/1 BH:changed:4	c_000000000341
S0R4976321/1 BH:changed:2	c_000000000341
S0R4976321/1 BH:changed:2	c_000000000341
S0R4972466/1 BH:changed:3	c_000000000341
S0R4972466/1 BH:changed:3	c_000000000341
S0R4973722/1 BH:changed:1	c_000000000341
S0R4973722/1 BH:changed:1	c_000000000341
S0R4975296/1 BH:changed:3	c_000000000341
S0R4975296/1 BH:changed:3	c_000000000341
S0R4981896/1 BH:failed	c_000000000341
S0R4981896/1 BH:failed	c_000000000341
S0R4993694/1 BH:changed:1	c_000000000341
S0R4993694/1 BH:changed:1	c_000000000341
S0R4996307/1 BH:changed:4	c_000000000341
S0R4996307/1 BH:changed:4	c_000000000341
S0R5004373/1 BH:changed:4	c_000000000341
S0R5004373/1 BH:changed:4	c_000000000341
S0R5002996/1 BH:changed:2	c_000000000341
S0R5002996/1 BH:changed:2	c_000000000341
S0R5018243/1 BH:changed:3	c_000000000341
S0R5018243/1 BH:changed:3	c_000000000341
S0R5025954/1 BH:changed:1	c_000000000341
S0R5025954/1 BH:changed:1	c_000000000341
S0R5035379/1 BH:changed:4	c_000000000341
S0R5035379/1 BH:changed:4	c_000000000341
S0R5030354/1 BH:changed:5	c_000000000341
S0R5030354/1 BH:changed:5	c_000000000341
S0R5040142/1 BH:changed:4	c_000000000341
S0R5040142/1 BH:changed:4	c_000000000341
S0R5042776/1 BH:changed:2	c_000000000341
S0R5042776/1 BH:changed:2	c_000000000341
S0R5058238/1 BH:changed:2	c_000000000341
S0R5058238/1 BH:changed:2	c_000000000341
S0R5069390/1 BH:changed:5	c_000000000341
S0R5069390/1 BH:changed:5	c_000000000341
S0R5072875/1 BH:changed:2	c_000000000341
S0R5072875/1 BH:changed:2	c_000000000341
S0R5075161/1 BH:changed:2	c_000000000341
S0R5075161/1 BH:changed:2	c_000000000341
S0R5086568/1 BH:ok	c_000000000341
S0R5086568/1 BH:ok	c_000000000341
S0R5085938/1 BH:changed:1	c_000000000341
S0R5085938/1 BH:changed:1	c_000000000341
S0R5080987/1 BH:changed:3	c_000000000341
S0R5080987/1 BH:changed:3	c_000000000341
S0R5087883/1 BH:changed:5	c_000000000341
S0R5087883/1 BH:changed:5	c_000000000341
S0R5074987/1 BH:changed:3	c_000000000341
S0R5074987/1 BH:changed:3	c_000000000341
S0R5092872/1 BH:changed:2	c_000000000341
S0R5092872/1 BH:changed:2	c_000000000341
S0R5096221/1 BH:changed:3	c_000000000341
S0R5096221/1 BH:changed:3	c_000000000341
S0R5104722/1 BH:changed:6	c_000000000341
S0R5104722/1 BH:changed:6	c_000000000341
S0R5106220/1 BH:changed:3	c_000000000341
S0R5106220/1 BH:changed:3	c_000000000341
S0R5104339/1 BH:changed:1	c_000000000341
S0R5104339/1 BH:changed:1	c_000000000341
S0R5115130/1 BH:changed:2	c_000000000341
S0R5115130/1 BH:changed:2	c_000000000341
S0R5107559/1 BH:changed:4	c_000000000341
S0R5107559/1 BH:changed:4	c_000000000341
S0R5118059/1 BH:changed:10	c_000000000341
S0R5118059/1 BH:changed:10	c_000000000341
S0R5120237/1 BH:changed:1	c_000000000341
S0R5120237/1 BH:changed:1	c_000000000341
S0R5117072/1 BH:changed:6	c_000000000341
S0R5117072/1 BH:changed:6	c_000000000341
S0R5124391/1 BH:changed:2	c_000000000341
S0R5124391/1 BH:changed:2	c_000000000341
S0R5128532/1 BH:changed:3	c_000000000341
S0R5128532/1 BH:changed:3	c_000000000341
S0R5128649/1 BH:changed:2	c_000000000341
S0R5128649/1 BH:changed:2	c_000000000341
S0R5131214/1 BH:changed:2	c_000000000341
S0R5131214/1 BH:changed:2	c_000000000341
S0R5161562/1 BH:changed:1	c_000000000341
S0R5161562/1 BH:changed:1	c_000000000341
S0R5163308/1 BH:changed:1	c_000000000341
S0R5163308/1 BH:changed:1	c_000000000341
S0R5173024/1 BH:changed:4	c_000000000341
S0R5173024/1 BH:changed:4	c_000000000341
S0R5172189/1 BH:changed:5	c_000000000341
S0R5172189/1 BH:changed:5	c_000000000341
S0R5177242/1 BH:changed:4	c_000000000341
S0R5177242/1 BH:changed:4	c_000000000341
S0R5193905/1 BH:changed:6	c_000000000341
S0R5193905/1 BH:changed:6	c_000000000341
S0R5204367/1 BH:changed:3	c_000000000341
S0R5204367/1 BH:changed:3	c_000000000341
S0R5212454/1 BH:changed:3	c_000000000341
S0R5212454/1 BH:changed:3	c_000000000341
S0R5219515/1 BH:changed:6	c_000000000341
S0R5219515/1 BH:changed:6	c_000000000341
S0R5202389/1 BH:changed:3	c_000000000341
S0R5202389/1 BH:changed:3	c_000000000341
S0R5207921/1 BH:changed:3	c_000000000341
S0R5207921/1 BH:changed:3	c_000000000341
S0R5236474/1 BH:changed:1	c_000000000341
S0R5236474/1 BH:changed:1	c_000000000341
S0R5235057/1 BH:changed:6	c_000000000341
S0R5235057/1 BH:changed:6	c_000000000341
S0R5223844/1 BH:changed:3	c_000000000341
S0R5223844/1 BH:changed:3	c_000000000341
S0R5242786/1 BH:changed:6	c_000000000341
S0R5242786/1 BH:changed:6	c_000000000341
S0R5240294/1 BH:changed:3	c_000000000341
S0R5240294/1 BH:changed:3	c_000000000341
S0R5238822/1 BH:changed:3	c_000000000341
S0R5238822/1 BH:changed:3	c_000000000341
S0R5242125/1 BH:changed:2	c_000000000341
S0R5242125/1 BH:changed:2	c_000000000341
S0R5244063/1 BH:changed:4	c_000000000341
S0R5244063/1 BH:changed:4	c_000000000341
S0R5250442/1 BH:changed:5	c_000000000341
S0R5250442/1 BH:changed:5	c_000000000341
S0R5248042/1 BH:changed:2	c_000000000341
S0R5248042/1 BH:changed:2	c_000000000341
S0R5255096/1 BH:changed:4	c_000000000341
S0R5255096/1 BH:changed:4	c_000000000341
S0R5259002/1 BH:changed:3	c_000000000341
S0R5259002/1 BH:changed:3	c_000000000341
S0R5268288/1 BH:changed:3	c_000000000341
S0R5268288/1 BH:changed:3	c_000000000341
S0R5258685/1 BH:ok	c_000000000341
S0R5258685/1 BH:ok	c_000000000341
S0R5270278/1 BH:changed:2	c_000000000341
S0R5270278/1 BH:changed:2	c_000000000341
S0R5272178/1 BH:changed:2	c_000000000341
S0R5272178/1 BH:changed:2	c_000000000341
S0R5274597/1 BH:changed:3	c_000000000341
S0R5274597/1 BH:changed:3	c_000000000341
S0R5262492/1 BH:changed:2	c_000000000341
S0R5262492/1 BH:changed:2	c_000000000341
S0R5276272/1 BH:changed:7	c_000000000341
S0R5276272/1 BH:changed:7	c_000000000341
S0R5282862/1 BH:changed:6	c_000000000341
S0R5282862/1 BH:changed:6	c_000000000341
S0R5278851/1 BH:changed:3	c_000000000341
S0R5278851/1 BH:changed:3	c_000000000341
S0R5288966/1 BH:changed:2	c_000000000341
S0R5288966/1 BH:changed:2	c_000000000341
S0R5299598/1 BH:changed:4	c_000000000341
S0R5299598/1 BH:changed:4	c_000000000341
S0R5298257/1 BH:changed:6	c_000000000341
S0R5298257/1 BH:changed:6	c_000000000341
S0R5294371/1 BH:changed:4	c_000000000341
S0R5294371/1 BH:changed:4	c_000000000341
S0R5302403/1 BH:changed:5	c_000000000341
S0R5302403/1 BH:changed:5	c_000000000341
S0R5303753/1 BH:changed:1	c_000000000341
S0R5303753/1 BH:changed:1	c_000000000341
S0R5310108/1 BH:ok	c_000000000341
S0R5310108/1 BH:ok	c_000000000341
S0R5308589/1 BH:changed:3	c_000000000341
S0R5308589/1 BH:changed:3	c_000000000341
S0R5325140/1 BH:changed:2	c_000000000341
S0R5325140/1 BH:changed:2	c_000000000341
S0R5321747/1 BH:changed:8	c_000000000341
S0R5321747/1 BH:changed:8	c_000000000341
S0R5331911/1 BH:changed:3	c_000000000341
S0R5331911/1 BH:changed:3	c_000000000341
S0R5333774/1 BH:changed:5	c_000000000341
S0R5333774/1 BH:changed:5	c_000000000341
S0R5331275/1 BH:changed:4	c_000000000341
S0R5331275/1 BH:changed:4	c_000000000341
S0R5339235/1 BH:changed:1	c_000000000341
S0R5339235/1 BH:changed:1	c_000000000341
S0R5347940/1 BH:changed:4	c_000000000341
S0R5347940/1 BH:changed:4	c_000000000341
S0R5357850/1 BH:changed:3	c_000000000341
S0R5357850/1 BH:changed:3	c_000000000341
S0R5364424/1 BH:changed:5	c_000000000341
S0R5364424/1 BH:changed:5	c_000000000341
S0R5361184/1 BH:changed:3	c_000000000341
S0R5361184/1 BH:changed:3	c_000000000341
S0R5365735/1 BH:changed:8	c_000000000341
S0R5365735/1 BH:changed:8	c_000000000341
S0R5382801/1 BH:changed:2	c_000000000341
S0R5382801/1 BH:changed:2	c_000000000341
S0R5397566/1 BH:changed:6	c_000000000341
S0R5397566/1 BH:changed:6	c_000000000341
S0R5403315/1 BH:changed:5	c_000000000341
S0R5403315/1 BH:changed:5	c_000000000341
S0R5405567/1 BH:changed:2	c_000000000341
S0R5405567/1 BH:changed:2	c_000000000341
S0R5408425/1 BH:ok	c_000000000341
S0R5408425/1 BH:ok	c_000000000341
S0R5418353/1 BH:changed:4	c_000000000341
S0R5418353/1 BH:changed:4	c_000000000341
S0R5416664/1 BH:changed:3	c_000000000341
S0R5416664/1 BH:changed:3	c_000000000341
S0R5416078/1 BH:changed:3	c_000000000341
S0R5416078/1 BH:changed:3	c_000000000341
S0R5428979/1 BH:changed:2	c_000000000341
S0R5428979/1 BH:changed:2	c_000000000341
S0R5428984/1 BH:changed:5	c_000000000341
S0R5428984/1 BH:changed:5	c_000000000341
S0R5426574/1 BH:changed:7	c_000000000341
S0R5426574/1 BH:changed:7	c_000000000341
S0R5429143/1 BH:changed:2	c_000000000341
S0R5429143/1 BH:changed:2	c_000000000341
S0R5432172/1 BH:changed:4	c_000000000341
S0R5432172/1 BH:changed:4	c_000000000341
S0R5429811/1 BH:changed:4	c_000000000341
S0R5429811/1 BH:changed:4	c_000000000341
S0R5431225/1 BH:changed:3	c_000000000341
S0R5431225/1 BH:changed:3	c_000000000341
S0R5439767/1 BH:changed:8	c_000000000341
S0R5439767/1 BH:changed:8	c_000000000341
S0R5441094/1 BH:changed:2	c_000000000341
S0R5441094/1 BH:changed:2	c_000000000341
S0R5432751/1 BH:changed:6	c_000000000341
S0R5432751/1 BH:changed:6	c_000000000341
S0R5452286/1 BH:changed:3	c_000000000341
S0R5452286/1 BH:changed:3	c_000000000341
S0R5452615/1 BH:changed:3	c_000000000341
S0R5452615/1 BH:changed:3	c_000000000341
S0R5436144/1 BH:changed:1	c_000000000341
S0R5436144/1 BH:changed:1	c_000000000341
S0R5467259/1 BH:changed:2	c_000000000341
S0R5467259/1 BH:changed:2	c_000000000341
S0R5457493/1 BH:changed:8	c_000000000341
S0R5457493/1 BH:changed:8	c_000000000341
S0R5467734/1 BH:changed:3	c_000000000341
S0R5467734/1 BH:changed:3	c_000000000341
S0R5473692/1 BH:changed:2	c_000000000341
S0R5473692/1 BH:changed:2	c_000000000341
S0R5485599/1 BH:changed:6	c_000000000341
S0R5485599/1 BH:changed:6	c_000000000341
S0R5490337/1 BH:changed:4	c_000000000341
S0R5490337/1 BH:changed:4	c_000000000341
S0R5483972/1 BH:changed:6	c_000000000341
S0R5483972/1 BH:changed:6	c_000000000341
S0R5486986/1 BH:changed:4	c_000000000341
S0R5486986/1 BH:changed:4	c_000000000341
S0R5492089/1 BH:changed:1	c_000000000341
S0R5492089/1 BH:changed:1	c_000000000341
S0R5501400/1 BH:changed:3	c_000000000341
S0R5501400/1 BH:changed:3	c_000000000341
S0R5515468/1 BH:changed:1	c_000000000341
S0R5515468/1 BH:changed:1	c_000000000341
S0R5516401/1 BH:changed:3	c_000000000341
S0R5516401/1 BH:changed:3	c_000000000341
S0R5507328/1 BH:changed:4	c_000000000341
S0R5507328/1 BH:changed:4	c_000000000341
S0R5508805/1 BH:changed:4	c_000000000341
S0R5508805/1 BH:changed:4	c_000000000341
S0R5547771/1 BH:changed:3	c_000000000341
S0R5547771/1 BH:changed:3	c_000000000341
S0R5538244/1 BH:changed:3	c_000000000341
S0R5538244/1 BH:changed:3	c_000000000341
S0R5543378/1 BH:changed:1	c_000000000341
S0R5543378/1 BH:changed:1	c_000000000341
S0R5550335/1 BH:changed:1	c_000000000341
S0R5550335/1 BH:changed:1	c_000000000341
S0R5562318/1 BH:changed:4	c_000000000341
S0R5562318/1 BH:changed:4	c_000000000341
S0R5563496/1 BH:changed:2	c_000000000341
S0R5563496/1 BH:changed:2	c_000000000341
S0R5566909/1 BH:changed:8	c_000000000341
S0R5566909/1 BH:changed:8	c_000000000341
S0R5556975/1 BH:changed:4	c_000000000341
S0R5556975/1 BH:changed:4	c_000000000341
S0R5568745/1 BH:changed:3	c_000000000341
S0R5568745/1 BH:changed:3	c_000000000341
S0R5572350/1 BH:changed:1	c_000000000341
S0R5572350/1 BH:changed:1	c_000000000341
S0R5587207/1 BH:changed:4	c_000000000341
S0R5587207/1 BH:changed:4	c_000000000341
S0R5576196/1 BH:changed:2	c_000000000341
S0R5576196/1 BH:changed:2	c_000000000341
S0R5592384/1 BH:changed:1	c_000000000341
S0R5592384/1 BH:changed:1	c_000000000341
S0R5590149/1 BH:changed:2	c_000000000341
S0R5590149/1 BH:changed:2	c_000000000341
S0R5598884/1 BH:changed:1	c_000000000341
S0R5598884/1 BH:changed:1	c_000000000341
S0R5614368/1 BH:changed:1	c_000000000341
S0R5614368/1 BH:changed:1	c_000000000341
S0R5609869/1 BH:changed:4	c_000000000341
S0R5609869/1 BH:changed:4	c_000000000341
S0R5615470/1 BH:changed:2	c_000000000341
S0R5615470/1 BH:changed:2	c_000000000341
S0R5633231/1 BH:changed:5	c_000000000341
S0R5633231/1 BH:changed:5	c_000000000341
S0R5638827/1 BH:changed:3	c_000000000341
S0R5638827/1 BH:changed:3	c_000000000341
S0R5643693/1 BH:changed:5	c_000000000341
S0R5643693/1 BH:changed:5	c_000000000341
S0R5641572/1 BH:changed:2	c_000000000341
S0R5641572/1 BH:changed:2	c_000000000341
S0R5648307/1 BH:failed	c_000000000341
S0R5648307/1 BH:failed	c_000000000341
S0R5649019/1 BH:changed:2	c_000000000341
S0R5649019/1 BH:changed:2	c_000000000341
S0R5649812/1 BH:changed:3	c_000000000341
S0R5649812/1 BH:changed:3	c_000000000341
S0R5673643/1 BH:changed:2	c_000000000341
S0R5673643/1 BH:changed:2	c_000000000341
S0R5675052/1 BH:changed:4	c_000000000341
S0R5675052/1 BH:changed:4	c_000000000341
S0R5678592/1 BH:changed:1	c_000000000341
S0R5678592/1 BH:changed:1	c_000000000341
S0R5677367/1 BH:changed:3	c_000000000341
S0R5677367/1 BH:changed:3	c_000000000341
S0R5679520/1 BH:changed:5	c_000000000341
S0R5679520/1 BH:changed:5	c_000000000341
S0R5680269/1 BH:changed:3	c_000000000341
S0R5680269/1 BH:changed:3	c_000000000341
S0R5675890/1 BH:changed:4	c_000000000341
S0R5675890/1 BH:changed:4	c_000000000341
S0R5692928/1 BH:changed:2	c_000000000341
S0R5692928/1 BH:changed:2	c_000000000341
S0R5691293/1 BH:changed:4	c_000000000341
S0R5691293/1 BH:changed:4	c_000000000341
S0R5691295/1 BH:changed:3	c_000000000341
S0R5691295/1 BH:changed:3	c_000000000341
S0R5696986/1 BH:changed:2	c_000000000341
S0R5696986/1 BH:changed:2	c_000000000341
S0R5694901/1 BH:changed:4	c_000000000341
S0R5694901/1 BH:changed:4	c_000000000341
S0R5696983/1 BH:changed:3	c_000000000341
S0R5696983/1 BH:changed:3	c_000000000341
S0R5697979/1 BH:changed:3	c_000000000341
S0R5697979/1 BH:changed:3	c_000000000341
S0R5702444/1 BH:changed:2	c_000000000341
S0R5702444/1 BH:changed:2	c_000000000341
S0R5702475/1 BH:changed:4	c_000000000341
S0R5702475/1 BH:changed:4	c_000000000341
S0R5726646/1 BH:changed:7	c_000000000341
S0R5726646/1 BH:changed:7	c_000000000341
S0R5724491/1 BH:changed:3	c_000000000341
S0R5724491/1 BH:changed:3	c_000000000341
S0R5716255/1 BH:changed:2	c_000000000341
S0R5716255/1 BH:changed:2	c_000000000341
S0R5736584/1 BH:changed:5	c_000000000341
S0R5736584/1 BH:changed:5	c_000000000341
S0R5741582/1 BH:changed:7	c_000000000341
S0R5741582/1 BH:changed:7	c_000000000341
S0R5749536/1 BH:changed:2	c_000000000341
S0R5749536/1 BH:changed:2	c_000000000341
S0R5751395/1 BH:changed:3	c_000000000341
S0R5751395/1 BH:changed:3	c_000000000341
S0R5751294/1 BH:changed:6	c_000000000341
S0R5751294/1 BH:changed:6	c_000000000341
S0R5756485/1 BH:changed:4	c_000000000341
S0R5756485/1 BH:changed:4	c_000000000341
S0R5755536/1 BH:changed:1	c_000000000341
S0R5755536/1 BH:changed:1	c_000000000341
S0R5758781/1 BH:changed:5	c_000000000341
S0R5758781/1 BH:changed:5	c_000000000341
S0R5765456/1 BH:changed:2	c_000000000341
S0R5765456/1 BH:changed:2	c_000000000341
S0R5757299/1 BH:changed:2	c_000000000341
S0R5757299/1 BH:changed:2	c_000000000341
S0R5781282/1 BH:changed:4	c_000000000341
S0R5781282/1 BH:changed:4	c_000000000341
S0R5783255/1 BH:changed:2	c_000000000341
S0R5783255/1 BH:changed:2	c_000000000341
S0R5779813/1 BH:changed:3	c_000000000341
S0R5779813/1 BH:changed:3	c_000000000341
S0R5790275/1 BH:changed:3	c_000000000341
S0R5790275/1 BH:changed:3	c_000000000341
S0R5787981/1 BH:changed:4	c_000000000341
S0R5787981/1 BH:changed:4	c_000000000341
S0R5789213/1 BH:changed:9	c_000000000341
S0R5789213/1 BH:changed:9	c_000000000341
S0R5796753/1 BH:changed:3	c_000000000341
S0R5796753/1 BH:changed:3	c_000000000341
S0R5791455/1 BH:changed:6	c_000000000341
S0R5791455/1 BH:changed:6	c_000000000341
S0R5809242/1 BH:changed:6	c_000000000341
S0R5809242/1 BH:changed:6	c_000000000341
S0R5810747/1 BH:changed:6	c_000000000341
S0R5810747/1 BH:changed:6	c_000000000341
S0R5820226/1 BH:changed:4	c_000000000341
S0R5820226/1 BH:changed:4	c_000000000341
S0R5829782/1 BH:changed:9	c_000000000341
S0R5829782/1 BH:changed:9	c_000000000341
S0R5828384/1 BH:changed:4	c_000000000341
S0R5828384/1 BH:changed:4	c_000000000341
S0R5831448/1 BH:changed:2	c_000000000341
S0R5831448/1 BH:changed:2	c_000000000341
S0R5844632/1 BH:changed:7	c_000000000341
S0R5844632/1 BH:changed:7	c_000000000341
S0R5839561/1 BH:changed:2	c_000000000341
S0R5839561/1 BH:changed:2	c_000000000341
S0R5849161/1 BH:changed:2	c_000000000341
S0R5849161/1 BH:changed:2	c_000000000341
S0R5852726/1 BH:changed:4	c_000000000341
S0R5852726/1 BH:changed:4	c_000000000341
S0R5858123/1 BH:changed:5	c_000000000341
S0R5858123/1 BH:changed:5	c_000000000341
S0R5857418/1 BH:changed:4	c_000000000341
S0R5857418/1 BH:changed:4	c_000000000341
S0R5864772/1 BH:failed	c_000000000341
S0R5864772/1 BH:failed	c_000000000341
S0R5856331/1 BH:changed:2	c_000000000341
S0R5856331/1 BH:changed:2	c_000000000341
S0R5871217/1 BH:ok	c_000000000341
S0R5871217/1 BH:ok	c_000000000341
S0R5876864/1 BH:changed:1	c_000000000341
S0R5876864/1 BH:changed:1	c_000000000341
S0R5881057/1 BH:changed:4	c_000000000341
S0R5881057/1 BH:changed:4	c_000000000341
S0R5868486/1 BH:changed:5	c_000000000341
S0R5868486/1 BH:changed:5	c_000000000341
S0R5889542/1 BH:changed:5	c_000000000341
S0R5889542/1 BH:changed:5	c_000000000341
S0R5892360/1 BH:changed:2	c_000000000341
S0R5892360/1 BH:changed:2	c_000000000341
S0R5895340/1 BH:changed:3	c_000000000341
S0R5895340/1 BH:changed:3	c_000000000341
S0R5900752/1 BH:changed:2	c_000000000341
S0R5900752/1 BH:changed:2	c_000000000341
S0R5900524/1 BH:changed:4	c_000000000341
S0R5900524/1 BH:changed:4	c_000000000341
S0R5904996/1 BH:changed:3	c_000000000341
S0R5904996/1 BH:changed:3	c_000000000341
S0R5910221/1 BH:changed:5	c_000000000341
S0R5910221/1 BH:changed:5	c_000000000341
S0R5921748/1 BH:changed:3	c_000000000341
S0R5921748/1 BH:changed:3	c_000000000341
S0R5918268/1 BH:changed:5	c_000000000341
S0R5918268/1 BH:changed:5	c_000000000341
S0R5922706/1 BH:changed:4	c_000000000341
S0R5922706/1 BH:changed:4	c_000000000341
S0R5938876/1 BH:changed:1	c_000000000341
S0R5938876/1 BH:changed:1	c_000000000341
S0R5943094/1 BH:changed:1	c_000000000341
S0R5943094/1 BH:changed:1	c_000000000341
S0R5947077/1 BH:changed:6	c_000000000341
S0R5947077/1 BH:changed:6	c_000000000341
S0R5952388/1 BH:changed:6	c_000000000341
S0R5952388/1 BH:changed:6	c_000000000341
S0R5960138/1 BH:changed:3	c_000000000341
S0R5960138/1 BH:changed:3	c_000000000341
S0R5967207/1 BH:changed:3	c_000000000341
S0R5967207/1 BH:changed:3	c_000000000341
S0R5966886/1 BH:changed:5	c_000000000341
S0R5966886/1 BH:changed:5	c_000000000341
S0R5968512/1 BH:changed:5	c_000000000341
S0R5968512/1 BH:changed:5	c_000000000341
S0R5976710/1 BH:changed:8	c_000000000341
S0R5976710/1 BH:changed:8	c_000000000341
S0R5977000/1 BH:changed:5	c_000000000341
S0R5977000/1 BH:changed:5	c_000000000341
S0R5981139/1 BH:changed:5	c_000000000341
S0R5981139/1 BH:changed:5	c_000000000341
S0R5987590/1 BH:changed:5	c_000000000341
S0R5987590/1 BH:changed:5	c_000000000341
S0R5994279/1 BH:changed:6	c_000000000341
S0R5994279/1 BH:changed:6	c_000000000341
S0R5996020/1 BH:changed:4	c_000000000341
S0R5996020/1 BH:changed:4	c_000000000341
S0R6008912/1 BH:changed:2	c_000000000341
S0R6008912/1 BH:changed:2	c_000000000341
S0R6007251/1 BH:changed:1	c_000000000341
S0R6007251/1 BH:changed:1	c_000000000341
S0R6009500/1 BH:changed:2	c_000000000341
S0R6009500/1 BH:changed:2	c_000000000341
S0R6035379/1 BH:changed:8	c_000000000341
S0R6035379/1 BH:changed:8	c_000000000341
S0R6039655/1 BH:changed:3	c_000000000341
S0R6039655/1 BH:changed:3	c_000000000341
S0R6039664/1 BH:changed:2	c_000000000341
S0R6039664/1 BH:changed:2	c_000000000341
S0R6042807/1 BH:changed:1	c_000000000341
S0R6042807/1 BH:changed:1	c_000000000341
S0R6052674/1 BH:changed:4	c_000000000341
S0R6052674/1 BH:changed:4	c_000000000341
S0R6063402/1 BH:changed:3	c_000000000341
S0R6063402/1 BH:changed:3	c_000000000341
S0R6062289/1 BH:changed:2	c_000000000341
S0R6062289/1 BH:changed:2	c_000000000341
S0R6060786/1 BH:changed:1	c_000000000341
S0R6060786/1 BH:changed:1	c_000000000341
S0R6051554/1 BH:changed:6	c_000000000341
S0R6051554/1 BH:changed:6	c_000000000341
S0R6062370/1 BH:changed:2	c_000000000341
S0R6062370/1 BH:changed:2	c_000000000341
S0R6071933/1 BH:changed:3	c_000000000341
S0R6071933/1 BH:changed:3	c_000000000341
S0R6075419/1 BH:changed:4	c_000000000341
S0R6075419/1 BH:changed:4	c_000000000341
S0R6084932/1 BH:changed:2	c_000000000341
S0R6084932/1 BH:changed:2	c_000000000341
S0R6084404/1 BH:changed:7	c_000000000341
S0R6084404/1 BH:changed:7	c_000000000341
S0R6091216/1 BH:changed:2	c_000000000341
S0R6091216/1 BH:changed:2	c_000000000341
S0R6087904/1 BH:changed:3	c_000000000341
S0R6087904/1 BH:changed:3	c_000000000341
S0R6072107/1 BH:changed:2	c_000000000341
S0R6072107/1 BH:changed:2	c_000000000341
S0R6067989/1 BH:changed:4	c_000000000341
S0R6067989/1 BH:changed:4	c_000000000341
S0R6107539/1 BH:changed:4	c_000000000341
S0R6107539/1 BH:changed:4	c_000000000341
S0R6103290/1 BH:changed:4	c_000000000341
S0R6103290/1 BH:changed:4	c_000000000341
S0R6109860/1 BH:changed:1	c_000000000341
S0R6109860/1 BH:changed:1	c_000000000341
S0R6121449/1 BH:changed:1	c_000000000341
S0R6121449/1 BH:changed:1	c_000000000341
S0R6131476/1 BH:changed:3	c_000000000341
S0R6131476/1 BH:changed:3	c_000000000341
S0R6118614/1 BH:changed:2	c_000000000341
S0R6118614/1 BH:changed:2	c_000000000341
S0R6136207/1 BH:changed:4	c_000000000341
S0R6136207/1 BH:changed:4	c_000000000341
S0R6142061/1 BH:changed:5	c_000000000341
S0R6142061/1 BH:changed:5	c_000000000341
S0R6151785/1 BH:ok	c_000000000341
S0R6151785/1 BH:ok	c_000000000341
S0R6146190/1 BH:changed:5	c_000000000341
S0R6146190/1 BH:changed:5	c_000000000341
S0R6159702/1 BH:changed:4	c_000000000341
S0R6159702/1 BH:changed:4	c_000000000341
S0R6156836/1 BH:changed:3	c_000000000341
S0R6156836/1 BH:changed:3	c_000000000341
S0R6155406/1 BH:changed:3	c_000000000341
S0R6155406/1 BH:changed:3	c_000000000341
S0R6181008/1 BH:changed:4	c_000000000341
S0R6181008/1 BH:changed:4	c_000000000341
S0R6182114/1 BH:changed:1	c_000000000341
S0R6182114/1 BH:changed:1	c_000000000341
S0R6186011/1 BH:changed:8	c_000000000341
S0R6186011/1 BH:changed:8	c_000000000341
S0R6170983/1 BH:changed:4	c_000000000341
S0R6170983/1 BH:changed:4	c_000000000341
S0R6190610/1 BH:changed:2	c_000000000341
S0R6190610/1 BH:changed:2	c_000000000341
S0R6187931/1 BH:changed:3	c_000000000341
S0R6187931/1 BH:changed:3	c_000000000341
S0R6201960/1 BH:changed:5	c_000000000341
S0R6201960/1 BH:changed:5	c_000000000341
S0R6205467/1 BH:changed:1	c_000000000341
S0R6205467/1 BH:changed:1	c_000000000341
S0R6204322/1 BH:changed:5	c_000000000341
S0R6204322/1 BH:changed:5	c_000000000341
S0R6210290/1 BH:changed:3	c_000000000341
S0R6210290/1 BH:changed:3	c_000000000341
S0R6200799/1 BH:changed:3	c_000000000341
S0R6200799/1 BH:changed:3	c_000000000341
S0R6221671/1 BH:ok	c_000000000341
S0R6221671/1 BH:ok	c_000000000341
S0R6216487/1 BH:changed:7	c_000000000341
S0R6216487/1 BH:changed:7	c_000000000341
S0R6225601/1 BH:changed:2	c_000000000341
S0R6225601/1 BH:changed:2	c_000000000341
S0R6237008/1 BH:changed:2	c_000000000341
S0R6237008/1 BH:changed:2	c_000000000341
S0R6243982/1 BH:changed:1	c_000000000341
S0R6243982/1 BH:changed:1	c_000000000341
S0R6254693/1 BH:changed:1	c_000000000341
S0R6254693/1 BH:changed:1	c_000000000341
S0R6261630/1 BH:changed:2	c_000000000341
S0R6261630/1 BH:changed:2	c_000000000341
S0R6249854/1 BH:changed:2	c_000000000341
S0R6249854/1 BH:changed:2	c_000000000341
S0R6263780/1 BH:changed:2	c_000000000341
S0R6263780/1 BH:changed:2	c_000000000341
S0R6260300/1 BH:changed:2	c_000000000341
S0R6260300/1 BH:changed:2	c_000000000341
S0R6261859/1 BH:changed:4	c_000000000341
S0R6261859/1 BH:changed:4	c_000000000341
S0R6280103/1 BH:changed:1	c_000000000341
S0R6280103/1 BH:changed:1	c_000000000341
S0R6266899/1 BH:changed:2	c_000000000341
S0R6266899/1 BH:changed:2	c_000000000341
S0R6290401/1 BH:changed:3	c_000000000341
S0R6290401/1 BH:changed:3	c_000000000341
S0R6289179/1 BH:changed:4	c_000000000341
S0R6289179/1 BH:changed:4	c_000000000341
S0R6306243/1 BH:changed:2	c_000000000341
S0R6306243/1 BH:changed:2	c_000000000341
S0R6316984/1 BH:changed:4	c_000000000341
S0R6316984/1 BH:changed:4	c_000000000341
S0R6310371/1 BH:changed:4	c_000000000341
S0R6310371/1 BH:changed:4	c_000000000341
S0R6324630/1 BH:changed:4	c_000000000341
S0R6324630/1 BH:changed:4	c_000000000341
S0R6312610/1 BH:changed:4	c_000000000341
S0R6312610/1 BH:changed:4	c_000000000341
S0R6332642/1 BH:changed:3	c_000000000341
S0R6332642/1 BH:changed:3	c_000000000341
S0R6330524/1 BH:changed:2	c_000000000341
S0R6330524/1 BH:changed:2	c_000000000341
S0R6326900/1 BH:changed:3	c_000000000341
S0R6326900/1 BH:changed:3	c_000000000341
S0R6339155/1 BH:changed:3	c_000000000341
S0R6339155/1 BH:changed:3	c_000000000341
S0R6351976/1 BH:changed:2	c_000000000341
S0R6351976/1 BH:changed:2	c_000000000341
S0R6352343/1 BH:changed:2	c_000000000341
S0R6352343/1 BH:changed:2	c_000000000341
S0R6352991/1 BH:changed:1	c_000000000341
S0R6352991/1 BH:changed:1	c_000000000341
S0R6355805/1 BH:changed:4	c_000000000341
S0R6355805/1 BH:changed:4	c_000000000341
S0R6346342/1 BH:changed:1	c_000000000341
S0R6346342/1 BH:changed:1	c_000000000341
S0R6363188/1 BH:changed:4	c_000000000341
S0R6363188/1 BH:changed:4	c_000000000341
S0R6357820/1 BH:changed:4	c_000000000341
S0R6357820/1 BH:changed:4	c_000000000341
S0R6371733/1 BH:changed:2	c_000000000341
S0R6371733/1 BH:changed:2	c_000000000341
S0R6374444/1 BH:changed:2	c_000000000341
S0R6374444/1 BH:changed:2	c_000000000341
S0R6349845/1 BH:changed:3	c_000000000341
S0R6349845/1 BH:changed:3	c_000000000341
S0R6367274/1 BH:changed:5	c_000000000341
S0R6367274/1 BH:changed:5	c_000000000341
S0R6388535/1 BH:changed:3	c_000000000341
S0R6388535/1 BH:changed:3	c_000000000341
S0R6393302/1 BH:changed:3	c_000000000341
S0R6393302/1 BH:changed:3	c_000000000341
S0R6394753/1 BH:ok	c_000000000341
S0R6394753/1 BH:ok	c_000000000341
S0R6397958/1 BH:changed:3	c_000000000341
S0R6397958/1 BH:changed:3	c_000000000341
S0R6400521/1 BH:changed:4	c_000000000341
S0R6400521/1 BH:changed:4	c_000000000341
S0R6416139/1 BH:changed:4	c_000000000341
S0R6416139/1 BH:changed:4	c_000000000341
S0R6417127/1 BH:changed:7	c_000000000341
S0R6417127/1 BH:changed:7	c_000000000341
S0R6407958/1 BH:changed:4	c_000000000341
S0R6407958/1 BH:changed:4	c_000000000341
S0R6402775/1 BH:ok	c_000000000341
S0R6402775/1 BH:ok	c_000000000341
S0R6426099/1 BH:changed:3	c_000000000341
S0R6426099/1 BH:changed:3	c_000000000341
S0R6417614/1 BH:changed:4	c_000000000341
S0R6417614/1 BH:changed:4	c_000000000341
S0R6419769/1 BH:changed:4	c_000000000341
S0R6419769/1 BH:changed:4	c_000000000341
S0R6425526/1 BH:changed:3	c_000000000341
S0R6425526/1 BH:changed:3	c_000000000341
S0R6436882/1 BH:ok	c_000000000341
S0R6436882/1 BH:ok	c_000000000341
S0R6436274/1 BH:changed:3	c_000000000341
S0R6436274/1 BH:changed:3	c_000000000341
S0R6452461/1 BH:changed:2	c_000000000341
S0R6452461/1 BH:changed:2	c_000000000341
S0R6465728/1 BH:changed:8	c_000000000341
S0R6465728/1 BH:changed:8	c_000000000341
S0R6471377/1 BH:changed:4	c_000000000341
S0R6471377/1 BH:changed:4	c_000000000341
S0R6488582/1 BH:changed:3	c_000000000341
S0R6488582/1 BH:changed:3	c_000000000341
S0R6478388/1 BH:changed:5	c_000000000341
S0R6478388/1 BH:changed:5	c_000000000341
S0R6488112/1 BH:changed:1	c_000000000341
S0R6488112/1 BH:changed:1	c_000000000341
S0R6489380/1 BH:changed:2	c_000000000341
S0R6489380/1 BH:changed:2	c_000000000341
S0R6496970/1 BH:changed:4	c_000000000341
S0R6496970/1 BH:changed:4	c_000000000341
S0R6494590/1 BH:changed:3	c_000000000341
S0R6494590/1 BH:changed:3	c_000000000341
S0R6494674/1 BH:changed:4	c_000000000341
S0R6494674/1 BH:changed:4	c_000000000341
S0R6505670/1 BH:changed:1	c_000000000341
S0R6505670/1 BH:changed:1	c_000000000341
S0R6511481/1 BH:changed:4	c_000000000341
S0R6511481/1 BH:changed:4	c_000000000341
S0R6503653/1 BH:changed:1	c_000000000341
S0R6503653/1 BH:changed:1	c_000000000341
S0R6508640/1 BH:changed:3	c_000000000341
S0R6508640/1 BH:changed:3	c_000000000341
S0R6530886/1 BH:changed:3	c_000000000341
S0R6530886/1 BH:changed:3	c_000000000341
S0R6529071/1 BH:changed:5	c_000000000341
S0R6529071/1 BH:changed:5	c_000000000341
S0R6539731/1 BH:changed:4	c_000000000341
S0R6539731/1 BH:changed:4	c_000000000341
S0R6542587/1 BH:changed:6	c_000000000341
S0R6542587/1 BH:changed:6	c_000000000341
S0R6544982/1 BH:changed:2	c_000000000341
S0R6544982/1 BH:changed:2	c_000000000341
S0R6535327/1 BH:changed:2	c_000000000341
S0R6535327/1 BH:changed:2	c_000000000341
S0R6533012/1 BH:changed:2	c_000000000341
S0R6533012/1 BH:changed:2	c_000000000341
S0R6555469/1 BH:changed:2	c_000000000341
S0R6555469/1 BH:changed:2	c_000000000341
S0R6546715/1 BH:changed:2	c_000000000341
S0R6546715/1 BH:changed:2	c_000000000341
S0R6569494/1 BH:changed:2	c_000000000341
S0R6569494/1 BH:changed:2	c_000000000341
S0R6571824/1 BH:changed:4	c_000000000341
S0R6571824/1 BH:changed:4	c_000000000341
S0R6558193/1 BH:changed:5	c_000000000341
S0R6558193/1 BH:changed:5	c_000000000341
S0R6560871/1 BH:changed:1	c_000000000341
S0R6560871/1 BH:changed:1	c_000000000341
S0R6582675/1 BH:changed:7	c_000000000341
S0R6582675/1 BH:changed:7	c_000000000341
S0R6572822/1 BH:changed:3	c_000000000341
S0R6572822/1 BH:changed:3	c_000000000341
S0R6579622/1 BH:changed:2	c_000000000341
S0R6579622/1 BH:changed:2	c_000000000341
S0R6582007/1 BH:changed:5	c_000000000341
S0R6582007/1 BH:changed:5	c_000000000341
S0R6598109/1 BH:changed:1	c_000000000341
S0R6598109/1 BH:changed:1	c_000000000341
S0R6607348/1 BH:ok	c_000000000341
S0R6607348/1 BH:ok	c_000000000341
S0R6601872/1 BH:changed:2	c_000000000341
S0R6601872/1 BH:changed:2	c_000000000341
S0R6608353/1 BH:changed:5	c_000000000341
S0R6623879/1 BH:changed:7	c_000000000341
S0R6623879/1 BH:changed:7	c_000000000341
S0R6610524/1 BH:changed:1	c_000000000341
S0R6610524/1 BH:changed:1	c_000000000341
S0R6629050/1 BH:changed:3	c_000000000341
S0R6629050/1 BH:changed:3	c_000000000341
S0R6633894/1 BH:changed:4	c_000000000341
S0R6633894/1 BH:changed:4	c_000000000341
S0R6626846/1 BH:changed:3	c_000000000341
S0R6626846/1 BH:changed:3	c_000000000341
S0R6639538/1 BH:changed:2	c_000000000341
S0R6639538/1 BH:changed:2	c_000000000341
S0R6639771/1 BH:changed:2	c_000000000341
S0R6639771/1 BH:changed:2	c_000000000341
S0R6656922/1 BH:changed:4	c_000000000341
S0R6656922/1 BH:changed:4	c_000000000341
S0R6646042/1 BH:changed:7	c_000000000341
S0R6646042/1 BH:changed:7	c_000000000341
S0R6675079/1 BH:changed:5	c_000000000341
S0R6675079/1 BH:changed:5	c_000000000341
S0R6680160/1 BH:changed:7	c_000000000341
S0R6680160/1 BH:changed:7	c_000000000341
S0R6698474/1 BH:changed:4	c_000000000341
S0R6698474/1 BH:changed:4	c_000000000341
S0R6701176/1 BH:changed:2	c_000000000341
S0R6701176/1 BH:changed:2	c_000000000341
S0R6696192/1 BH:changed:3	c_000000000341
S0R6696192/1 BH:changed:3	c_000000000341
S0R6715497/1 BH:changed:1	c_000000000341
S0R6715497/1 BH:changed:1	c_000000000341
S0R6713948/1 BH:changed:3	c_000000000341
S0R6713948/1 BH:changed:3	c_000000000341
S0R6714928/1 BH:changed:4	c_000000000341
S0R6714928/1 BH:changed:4	c_000000000341
S0R6732798/1 BH:ok	c_000000000341
S0R6732798/1 BH:ok	c_000000000341
S0R6735210/1 BH:changed:1	c_000000000341
S0R6735210/1 BH:changed:1	c_000000000341
S0R6719858/1 BH:changed:4	c_000000000341
S0R6719858/1 BH:changed:4	c_000000000341
S0R6737996/1 BH:changed:6	c_000000000341
S0R6737996/1 BH:changed:6	c_000000000341
S0R6720659/1 BH:changed:4	c_000000000341
S0R6720659/1 BH:changed:4	c_000000000341
S0R6720373/1 BH:changed:6	c_000000000341
S0R6720373/1 BH:changed:6	c_000000000341
S0R6720917/1 BH:changed:6	c_000000000341
S0R6720917/1 BH:changed:6	c_000000000341
S0R6729611/1 BH:changed:6	c_000000000341
S0R6729611/1 BH:changed:6	c_000000000341
S0R6745349/1 BH:changed:5	c_000000000341
S0R6745349/1 BH:changed:5	c_000000000341
S0R6731864/1 BH:changed:5	c_000000000341
S0R6731864/1 BH:changed:5	c_000000000341
S0R6743532/1 BH:changed:2	c_000000000341
S0R6743532/1 BH:changed:2	c_000000000341
S0R6776106/1 BH:changed:2	c_000000000341
S0R6776106/1 BH:changed:2	c_000000000341
S0R6765048/1 BH:changed:4	c_000000000341
S0R6765048/1 BH:changed:4	c_000000000341
S0R6783151/1 BH:changed:2	c_000000000341
S0R6783151/1 BH:changed:2	c_000000000341
S0R6790290/1 BH:changed:1	c_000000000341
S0R6790290/1 BH:changed:1	c_000000000341
S0R6775755/1 BH:changed:6	c_000000000341
S0R6775755/1 BH:changed:6	c_000000000341
S0R6787314/1 BH:changed:2	c_000000000341
S0R6787314/1 BH:changed:2	c_000000000341
S0R6807399/1 BH:changed:5	c_000000000341
S0R6807399/1 BH:changed:5	c_000000000341
S0R6809121/1 BH:changed:3	c_000000000341
S0R6809121/1 BH:changed:3	c_000000000341
S0R6798315/1 BH:changed:5	c_000000000341
S0R6798315/1 BH:changed:5	c_000000000341
S0R6821775/1 BH:changed:6	c_000000000341
S0R6821775/1 BH:changed:6	c_000000000341
S0R6821717/1 BH:changed:5	c_000000000341
S0R6821717/1 BH:changed:5	c_000000000341
S0R6827424/1 BH:changed:1	c_000000000341
S0R6827424/1 BH:changed:1	c_000000000341
S0R6843520/1 BH:changed:4	c_000000000341
S0R6843520/1 BH:changed:4	c_000000000341
S0R6841498/1 BH:changed:1	c_000000000341
S0R6841498/1 BH:changed:1	c_000000000341
S0R6849603/1 BH:changed:3	c_000000000341
S0R6849603/1 BH:changed:3	c_000000000341
S0R6867807/1 BH:changed:4	c_000000000341
S0R6867807/1 BH:changed:4	c_000000000341
S0R6886201/1 BH:changed:5	c_000000000341
S0R6886201/1 BH:changed:5	c_000000000341
S0R6903085/1 BH:changed:4	c_000000000341
S0R6903085/1 BH:changed:4	c_000000000341
S0R6921710/1 BH:changed:5	c_000000000341
S0R6921710/1 BH:changed:5	c_000000000341
S0R6922770/1 BH:changed:1	c_000000000341
S0R6922770/1 BH:changed:1	c_000000000341
S0R6931070/1 BH:changed:1	c_000000000341
S0R6931070/1 BH:changed:1	c_000000000341
S0R6937158/1 BH:ok	c_000000000341
S0R6937158/1 BH:ok	c_000000000341
S0R6951604/1 BH:changed:6	c_000000000341
S0R6951604/1 BH:changed:6	c_000000000341
S0R6951353/1 BH:changed:3	c_000000000341
S0R6951353/1 BH:changed:3	c_000000000341
S0R6972293/1 BH:changed:4	c_000000000341
S0R6972293/1 BH:changed:4	c_000000000341
S0R6984202/1 BH:changed:1	c_000000000341
S0R6984202/1 BH:changed:1	c_000000000341
S0R6985860/1 BH:changed:1	c_000000000341
S0R6985860/1 BH:changed:1	c_000000000341
S0R6975200/1 BH:changed:4	c_000000000341
S0R6975200/1 BH:changed:4	c_000000000341
S0R6989957/1 BH:changed:1	c_000000000341
S0R6989957/1 BH:changed:1	c_000000000341
S0R7004029/1 BH:changed:16	c_000000000341
S0R7004029/1 BH:changed:16	c_000000000341
S0R7006498/1 BH:changed:3	c_000000000341
S0R7006498/1 BH:changed:3	c_000000000341
S0R7005398/1 BH:changed:2	c_000000000341
S0R7005398/1 BH:changed:2	c_000000000341
S0R7012377/1 BH:changed:5	c_000000000341
S0R7012377/1 BH:changed:5	c_000000000341
S0R7041496/1 BH:changed:5	c_000000000341
S0R7041496/1 BH:changed:5	c_000000000341
S0R7043235/1 BH:changed:2	c_000000000341
S0R7043235/1 BH:changed:2	c_000000000341
S0R7037227/1 BH:changed:6	c_000000000341
S0R7037227/1 BH:changed:6	c_000000000341
S0R7036346/1 BH:changed:2	c_000000000341
S0R7036346/1 BH:changed:2	c_000000000341
S0R7058141/1 BH:changed:7	c_000000000341
S0R7058141/1 BH:changed:7	c_000000000341
S0R7062902/1 BH:changed:4	c_000000000341
S0R7062902/1 BH:changed:4	c_000000000341
S0R7067635/1 BH:changed:5	c_000000000341
S0R7067635/1 BH:changed:5	c_000000000341
S0R7060995/1 BH:changed:4	c_000000000341
S0R7060995/1 BH:changed:4	c_000000000341
S0R7060310/1 BH:changed:2	c_000000000341
S0R7060310/1 BH:changed:2	c_000000000341
S0R7073401/1 BH:changed:4	c_000000000341
S0R7073401/1 BH:changed:4	c_000000000341
S0R7060837/1 BH:changed:5	c_000000000341
S0R7060837/1 BH:changed:5	c_000000000341
S0R7084488/1 BH:changed:4	c_000000000341
S0R7084488/1 BH:changed:4	c_000000000341
S0R7074826/1 BH:changed:1	c_000000000341
S0R7074826/1 BH:changed:1	c_000000000341
S0R7073666/1 BH:changed:4	c_000000000341
S0R7073666/1 BH:changed:4	c_000000000341
S0R7081382/1 BH:changed:4	c_000000000341
S0R7081382/1 BH:changed:4	c_000000000341
S0R7100919/1 BH:changed:6	c_000000000341
S0R7100919/1 BH:changed:6	c_000000000341
S0R7108658/1 BH:changed:1	c_000000000341
S0R7108658/1 BH:changed:1	c_000000000341
S0R7114163/1 BH:changed:6	c_000000000341
S0R7114163/1 BH:changed:6	c_000000000341
S0R7114087/1 BH:changed:1	c_000000000341
S0R7114087/1 BH:changed:1	c_000000000341
S0R7124831/1 BH:changed:2	c_000000000341
S0R7124831/1 BH:changed:2	c_000000000341
S0R7134293/1 BH:changed:4	c_000000000341
S0R7134293/1 BH:changed:4	c_000000000341
S0R7133931/1 BH:changed:1	c_000000000341
S0R7133931/1 BH:changed:1	c_000000000341
S0R7152610/1 BH:changed:1	c_000000000341
S0R7152610/1 BH:changed:1	c_000000000341
S0R7149331/1 BH:changed:1	c_000000000341
S0R7149331/1 BH:changed:1	c_000000000341
S0R7142887/1 BH:changed:5	c_000000000341
S0R7142887/1 BH:changed:5	c_000000000341
S0R7162235/1 BH:changed:3	c_000000000341
S0R7162235/1 BH:changed:3	c_000000000341
S0R7166449/1 BH:changed:1	c_000000000341
S0R7166449/1 BH:changed:1	c_000000000341
S0R7166755/1 BH:changed:2	c_000000000341
S0R7166755/1 BH:changed:2	c_000000000341
S0R7184869/1 BH:changed:2	c_000000000341
S0R7184869/1 BH:changed:2	c_000000000341
S0R7174430/1 BH:changed:1	c_000000000341
S0R7174430/1 BH:changed:1	c_000000000341
S0R7181211/1 BH:changed:2	c_000000000341
S0R7181211/1 BH:changed:2	c_000000000341
S0R7173650/1 BH:changed:2	c_000000000341
S0R7173650/1 BH:changed:2	c_000000000341
S0R7178206/1 BH:changed:4	c_000000000341
S0R7178206/1 BH:changed:4	c_000000000341
S0R7180971/1 BH:changed:8	c_000000000341
S0R7180971/1 BH:changed:8	c_000000000341
S0R7196881/1 BH:changed:3	c_000000000341
S0R7196881/1 BH:changed:3	c_000000000341
S0R7185425/1 BH:failed	c_000000000341
S0R7185425/1 BH:failed	c_000000000341
S0R7189220/1 BH:changed:1	c_000000000341
S0R7189220/1 BH:changed:1	c_000000000341
S0R7201019/1 BH:changed:7	c_000000000341
S0R7201019/1 BH:changed:7	c_000000000341
S0R7207203/1 BH:changed:8	c_000000000341
S0R7207203/1 BH:changed:8	c_000000000341
S0R7213273/1 BH:changed:4	c_000000000341
S0R7213273/1 BH:changed:4	c_000000000341
S0R7207032/1 BH:changed:5	c_000000000341
S0R7207032/1 BH:changed:5	c_000000000341
S0R7217490/1 BH:changed:3	c_000000000341
S0R7217490/1 BH:changed:3	c_000000000341
S0R7221758/1 BH:changed:2	c_000000000341
S0R7221758/1 BH:changed:2	c_000000000341
S0R7226091/1 BH:changed:2	c_000000000341
S0R7226091/1 BH:changed:2	c_000000000341
S0R7223742/1 BH:changed:1	c_000000000341
S0R7223742/1 BH:changed:1	c_000000000341
S0R7232964/1 BH:changed:6	c_000000000341
S0R7232964/1 BH:changed:6	c_000000000341
S0R7224420/1 BH:changed:3	c_000000000341
S0R7224420/1 BH:changed:3	c_000000000341
S0R7240727/1 BH:changed:5	c_000000000341
S0R7240727/1 BH:changed:5	c_000000000341
S0R7241560/1 BH:changed:5	c_000000000341
S0R7241560/1 BH:changed:5	c_000000000341
S0R7239597/1 BH:changed:3	c_000000000341
S0R7239597/1 BH:changed:3	c_000000000341
S0R7246640/1 BH:changed:2	c_000000000341
S0R7246640/1 BH:changed:2	c_000000000341
S0R7244032/1 BH:ok	c_000000000341
S0R7244032/1 BH:ok	c_000000000341
S0R7264310/1 BH:changed:7	c_000000000341
S0R7264310/1 BH:changed:7	c_000000000341
S0R7264771/1 BH:changed:3	c_000000000341
S0R7264771/1 BH:changed:3	c_000000000341
S0R7266601/1 BH:changed:6	c_000000000341
S0R7266601/1 BH:changed:6	c_000000000341
S0R7265671/1 BH:changed:4	c_000000000341
S0R7265671/1 BH:changed:4	c_000000000341
S0R7286781/1 BH:changed:1	c_000000000341
S0R7286781/1 BH:changed:1	c_000000000341
S0R7287573/1 BH:changed:2	c_000000000341
S0R7287573/1 BH:changed:2	c_000000000341
S0R7289484/1 BH:changed:5	c_000000000341
S0R7289484/1 BH:changed:5	c_000000000341
S0R7292940/1 BH:changed:4	c_000000000341
S0R7292940/1 BH:changed:4	c_000000000341
S0R7318423/1 BH:failed	c_000000000341
S0R7318423/1 BH:failed	c_000000000341
S0R7322024/1 BH:changed:1	c_000000000341
S0R7322024/1 BH:changed:1	c_000000000341
S0R7315025/1 BH:changed:2	c_000000000341
S0R7315025/1 BH:changed:2	c_000000000341
S0R7317344/1 BH:changed:2	c_000000000341
S0R7317344/1 BH:changed:2	c_000000000341
S0R7322620/1 BH:changed:5	c_000000000341
S0R7322620/1 BH:changed:5	c_000000000341
S0R7321389/1 BH:changed:1	c_000000000341
S0R7321389/1 BH:changed:1	c_000000000341
S0R7339895/1 BH:changed:3	c_000000000341
S0R7339895/1 BH:changed:3	c_000000000341
S0R7321702/1 BH:changed:3	c_000000000341
S0R7321702/1 BH:changed:3	c_000000000341
S0R7342977/1 BH:changed:2	c_000000000341
S0R7342977/1 BH:changed:2	c_000000000341
S0R7344007/1 BH:changed:6	c_000000000341
S0R7344007/1 BH:changed:6	c_000000000341
S0R7359356/1 BH:ok	c_000000000341
S0R7359356/1 BH:ok	c_000000000341
S0R7367409/1 BH:changed:3	c_000000000341
S0R7367409/1 BH:changed:3	c_000000000341
S0R7368856/1 BH:changed:2	c_000000000341
S0R7368856/1 BH:changed:2	c_000000000341
S0R7386762/1 BH:changed:4	c_000000000341
S0R7386762/1 BH:changed:4	c_000000000341
S0R7391146/1 BH:changed:4	c_000000000341
S0R7391146/1 BH:changed:4	c_000000000341
S0R7392050/1 BH:changed:6	c_000000000341
S0R7392050/1 BH:changed:6	c_000000000341
S0R7388742/1 BH:changed:1	c_000000000341
S0R7388742/1 BH:changed:1	c_000000000341
S0R7388099/1 BH:changed:1	c_000000000341
S0R7388099/1 BH:changed:1	c_000000000341
S0R7402823/1 BH:changed:1	c_000000000341
S0R7402823/1 BH:changed:1	c_000000000341
S0R7397963/1 BH:changed:2	c_000000000341
S0R7397963/1 BH:changed:2	c_000000000341
S0R7400200/1 BH:changed:3	c_000000000341
S0R7400200/1 BH:changed:3	c_000000000341
S0R7392195/1 BH:changed:1	c_000000000341
S0R7392195/1 BH:changed:1	c_000000000341
S0R7401657/1 BH:changed:4	c_000000000341
S0R7401657/1 BH:changed:4	c_000000000341
S0R7406259/1 BH:changed:4	c_000000000341
S0R7406259/1 BH:changed:4	c_000000000341
S0R7409235/1 BH:changed:2	c_000000000341
S0R7409235/1 BH:changed:2	c_000000000341
S0R7417125/1 BH:changed:1	c_000000000341
S0R7417125/1 BH:changed:1	c_000000000341
S0R7414133/1 BH:changed:3	c_000000000341
S0R7414133/1 BH:changed:3	c_000000000341
S0R7424131/1 BH:changed:2	c_000000000341
S0R7424131/1 BH:changed:2	c_000000000341
S0R7443875/1 BH:changed:3	c_000000000341
S0R7443875/1 BH:changed:3	c_000000000341
S0R7437409/1 BH:changed:2	c_000000000341
S0R7437409/1 BH:changed:2	c_000000000341
S0R7446000/1 BH:changed:4	c_000000000341
S0R7446000/1 BH:changed:4	c_000000000341
S0R7449489/1 BH:changed:4	c_000000000341
S0R7449489/1 BH:changed:4	c_000000000341
S0R7454271/1 BH:changed:2	c_000000000341
S0R7454271/1 BH:changed:2	c_000000000341
S0R7451651/1 BH:changed:3	c_000000000341
S0R7451651/1 BH:changed:3	c_000000000341
S0R7458706/1 BH:changed:6	c_000000000341
S0R7458706/1 BH:changed:6	c_000000000341
S0R7473214/1 BH:changed:4	c_000000000341
S0R7473214/1 BH:changed:4	c_000000000341
S0R7467617/1 BH:changed:4	c_000000000341
S0R7467617/1 BH:changed:4	c_000000000341
S0R7489111/1 BH:changed:3	c_000000000341
S0R7489111/1 BH:changed:3	c_000000000341
S0R7490239/1 BH:changed:6	c_000000000341
S0R7490239/1 BH:changed:6	c_000000000341
S0R7493238/1 BH:failed	c_000000000341
S0R7493238/1 BH:failed	c_000000000341
S0R7498344/1 BH:changed:2	c_000000000341
S0R7498344/1 BH:changed:2	c_000000000341
S0R7494646/1 BH:changed:7	c_000000000341
S0R7494646/1 BH:changed:7	c_000000000341
S0R7504891/1 BH:changed:4	c_000000000341
S0R7504891/1 BH:changed:4	c_000000000341
S0R7502651/1 BH:changed:3	c_000000000341
S0R7502651/1 BH:changed:3	c_000000000341
S0R7507140/1 BH:changed:7	c_000000000341
S0R7507140/1 BH:changed:7	c_000000000341
S0R7514299/1 BH:changed:3	c_000000000341
S0R7514299/1 BH:changed:3	c_000000000341
S0R7516289/1 BH:changed:3	c_000000000341
S0R7516289/1 BH:changed:3	c_000000000341
S0R7513958/1 BH:changed:3	c_000000000341
S0R7513958/1 BH:changed:3	c_000000000341
S0R7511949/1 BH:changed:3	c_000000000341
S0R7511949/1 BH:changed:3	c_000000000341
S0R7512131/1 BH:changed:2	c_000000000341
S0R7512131/1 BH:changed:2	c_000000000341
S0R7516768/1 BH:changed:2	c_000000000341
S0R7516768/1 BH:changed:2	c_000000000341
S0R7519906/1 BH:changed:2	c_000000000341
S0R7519906/1 BH:changed:2	c_000000000341
S0R7519333/1 BH:changed:2	c_000000000341
S0R7519333/1 BH:changed:2	c_000000000341
S0R7520739/1 BH:changed:4	c_000000000341
S0R7512765/1 BH:changed:4	c_000000000341
S0R7512765/1 BH:changed:4	c_000000000341
S0R7532321/1 BH:changed:3	c_000000000341
S0R7532321/1 BH:changed:3	c_000000000341
S0R7540471/1 BH:changed:3	c_000000000341
S0R7540471/1 BH:changed:3	c_000000000341
S0R7540620/1 BH:changed:5	c_000000000341
S0R7540620/1 BH:changed:5	c_000000000341
S0R7539165/1 BH:changed:3	c_000000000341
S0R7539165/1 BH:changed:3	c_000000000341
S0R7541406/1 BH:changed:3	c_000000000341
S0R7541406/1 BH:changed:3	c_000000000341
S0R7524988/1 BH:changed:1	c_000000000341
S0R7524988/1 BH:changed:1	c_000000000341
S0R7547345/1 BH:changed:3	c_000000000341
S0R7547345/1 BH:changed:3	c_000000000341
S0R7554690/1 BH:changed:5	c_000000000341
S0R7554690/1 BH:changed:5	c_000000000341
S0R7563709/1 BH:changed:3	c_000000000341
S0R7563709/1 BH:changed:3	c_000000000341
S0R7563826/1 BH:changed:5	c_000000000341
S0R7563826/1 BH:changed:5	c_000000000341
S0R7572862/1 BH:changed:1	c_000000000341
S0R7572862/1 BH:changed:1	c_000000000341
S0R7584596/1 BH:changed:2	c_000000000341
S0R7584596/1 BH:changed:2	c_000000000341
S0R7582108/1 BH:changed:3	c_000000000341
S0R7582108/1 BH:changed:3	c_000000000341
S0R7588565/1 BH:changed:3	c_000000000341
S0R7588565/1 BH:changed:3	c_000000000341
S0R7595443/1 BH:changed:3	c_000000000341
S0R7595443/1 BH:changed:3	c_000000000341
S0R7587200/1 BH:changed:1	c_000000000341
S0R7587200/1 BH:changed:1	c_000000000341
S0R7614140/1 BH:changed:4	c_000000000341
S0R7614140/1 BH:changed:4	c_000000000341
S0R7615428/1 BH:changed:9	c_000000000341
S0R7615428/1 BH:changed:9	c_000000000341
S0R7632993/1 BH:changed:7	c_000000000341
S0R7632993/1 BH:changed:7	c_000000000341
S0R7632467/1 BH:failed	c_000000000341
S0R7632467/1 BH:failed	c_000000000341
S0R7653299/1 BH:changed:3	c_000000000341
S0R7653299/1 BH:changed:3	c_000000000341
S0R7624030/1 BH:changed:6	c_000000000341
S0R7624030/1 BH:changed:6	c_000000000341
S0R7657197/1 BH:changed:2	c_000000000341
S0R7657197/1 BH:changed:2	c_000000000341
S0R7629094/1 BH:changed:5	c_000000000341
S0R7629094/1 BH:changed:5	c_000000000341
S0R7661673/1 BH:changed:2	c_000000000341
S0R7661673/1 BH:changed:2	c_000000000341
S0R7704245/1 BH:changed:2	c_000000000341
S0R7704245/1 BH:changed:2	c_000000000341
S0R7682606/1 BH:changed:3	c_000000000341
S0R7682606/1 BH:changed:3	c_000000000341
S0R7704853/1 BH:changed:3	c_000000000341
S0R7704853/1 BH:changed:3	c_000000000341
S0R7691926/1 BH:changed:1	c_000000000341
S0R7691926/1 BH:changed:1	c_000000000341
S0R7708559/1 BH:changed:1	c_000000000341
S0R7708559/1 BH:changed:1	c_000000000341
S0R7708185/1 BH:changed:4	c_000000000341
S0R7708185/1 BH:changed:4	c_000000000341
S0R7723859/1 BH:changed:6	c_000000000341
S0R7723859/1 BH:changed:6	c_000000000341
S0R7728931/1 BH:changed:5	c_000000000341
S0R7728931/1 BH:changed:5	c_000000000341
S0R7736924/1 BH:changed:4	c_000000000341
S0R7736924/1 BH:changed:4	c_000000000341
S0R7730660/1 BH:changed:3	c_000000000341
S0R7730660/1 BH:changed:3	c_000000000341
S0R7730734/1 BH:changed:2	c_000000000341
S0R7730734/1 BH:changed:2	c_000000000341
S0R7739731/1 BH:changed:3	c_000000000341
S0R7739731/1 BH:changed:3	c_000000000341
S0R7745276/1 BH:changed:4	c_000000000341
S0R7745276/1 BH:changed:4	c_000000000341
S0R7747931/1 BH:changed:2	c_000000000341
S0R7747931/1 BH:changed:2	c_000000000341
S0R7748681/1 BH:changed:3	c_000000000341
S0R7748681/1 BH:changed:3	c_000000000341
S0R7750572/1 BH:changed:2	c_000000000341
S0R7750572/1 BH:changed:2	c_000000000341
S0R7745712/1 BH:changed:2	c_000000000341
S0R7745712/1 BH:changed:2	c_000000000341
S0R7766957/1 BH:changed:5	c_000000000341
S0R7766957/1 BH:changed:5	c_000000000341
S0R7770826/1 BH:ok	c_000000000341
S0R7770826/1 BH:ok	c_000000000341
S0R7780546/1 BH:changed:5	c_000000000341
S0R7780546/1 BH:changed:5	c_000000000341
S0R7762253/1 BH:changed:2	c_000000000341
S0R7762253/1 BH:changed:2	c_000000000341
S0R7789403/1 BH:changed:3	c_000000000341
S0R7789403/1 BH:changed:3	c_000000000341
S0R7792220/1 BH:changed:2	c_000000000341
S0R7792220/1 BH:changed:2	c_000000000341
S0R7778063/1 BH:changed:5	c_000000000341
S0R7778063/1 BH:changed:5	c_000000000341
S0R7786547/1 BH:changed:3	c_000000000341
S0R7786547/1 BH:changed:3	c_000000000341
S0R7808462/1 BH:changed:4	c_000000000341
S0R7808462/1 BH:changed:4	c_000000000341
S0R7805035/1 BH:ok	c_000000000341
S0R7805035/1 BH:ok	c_000000000341
S0R7803174/1 BH:changed:4	c_000000000341
S0R7803174/1 BH:changed:4	c_000000000341
S0R7805903/1 BH:changed:1	c_000000000341
S0R7805903/1 BH:changed:1	c_000000000341
S0R7825274/1 BH:changed:1	c_000000000341
S0R7825274/1 BH:changed:1	c_000000000341
S0R7815087/1 BH:changed:1	c_000000000341
S0R7815087/1 BH:changed:1	c_000000000341
S0R7814492/1 BH:ok	c_000000000341
S0R7814492/1 BH:ok	c_000000000341
S0R7819153/1 BH:changed:3	c_000000000341
S0R7819153/1 BH:changed:3	c_000000000341
S0R7823889/1 BH:changed:3	c_000000000341
S0R7823889/1 BH:changed:3	c_000000000341
S0R7834596/1 BH:changed:3	c_000000000341
S0R7834596/1 BH:changed:3	c_000000000341
S0R7839227/1 BH:changed:4	c_000000000341
S0R7839227/1 BH:changed:4	c_000000000341
S0R7850534/1 BH:changed:1	c_000000000341
S0R7850534/1 BH:changed:1	c_000000000341
S0R7855375/1 BH:changed:3	c_000000000341
S0R7855375/1 BH:changed:3	c_000000000341
S0R7858665/1 BH:changed:3	c_000000000341
S0R7858665/1 BH:changed:3	c_000000000341
S0R7862859/1 BH:changed:8	c_000000000341
S0R7862859/1 BH:changed:8	c_000000000341
S0R7858110/1 BH:changed:2	c_000000000341
S0R7858110/1 BH:changed:2	c_000000000341
S0R7861556/1 BH:changed:1	c_000000000341
S0R7861556/1 BH:changed:1	c_000000000341
S0R7844402/1 BH:changed:4	c_000000000341
S0R7844402/1 BH:changed:4	c_000000000341
S0R7874523/1 BH:changed:3	c_000000000341
S0R7874523/1 BH:changed:3	c_000000000341
S0R7880557/1 BH:changed:2	c_000000000341
S0R7880557/1 BH:changed:2	c_000000000341
S0R7890315/1 BH:changed:1	c_000000000341
S0R7890315/1 BH:changed:1	c_000000000341
S0R7899269/1 BH:changed:2	c_000000000341
S0R7899269/1 BH:changed:2	c_000000000341
S0R7890696/1 BH:changed:6	c_000000000341
S0R7904978/1 BH:changed:3	c_000000000341
S0R7904978/1 BH:changed:3	c_000000000341
S0R7891274/1 BH:changed:2	c_000000000341
S0R7891274/1 BH:changed:2	c_000000000341
S0R7896345/1 BH:changed:1	c_000000000341
S0R7896345/1 BH:changed:1	c_000000000341
S0R7896569/1 BH:changed:5	c_000000000341
S0R7896569/1 BH:changed:5	c_000000000341
S0R7895367/1 BH:changed:4	c_000000000341
S0R7895367/1 BH:changed:4	c_000000000341
S0R7901221/1 BH:changed:5	c_000000000341
S0R7901221/1 BH:changed:5	c_000000000341
S0R7901269/1 BH:changed:1	c_000000000341
S0R7901269/1 BH:changed:1	c_000000000341
S0R7917854/1 BH:changed:3	c_000000000341
S0R7917854/1 BH:changed:3	c_000000000341
S0R7927074/1 BH:changed:3	c_000000000341
S0R7927074/1 BH:changed:3	c_000000000341
S0R7945124/1 BH:changed:1	c_000000000341
S0R7945124/1 BH:changed:1	c_000000000341
S0R7956480/1 BH:changed:4	c_000000000341
S0R7956480/1 BH:changed:4	c_000000000341
S0R7933779/1 BH:changed:1	c_000000000341
S0R7933779/1 BH:changed:1	c_000000000341
S0R7964575/1 BH:changed:3	c_000000000341
S0R7964575/1 BH:changed:3	c_000000000341
S0R7971508/1 BH:changed:3	c_000000000341
S0R7971508/1 BH:changed:3	c_000000000341
S0R7971907/1 BH:changed:2	c_000000000341
S0R7971907/1 BH:changed:2	c_000000000341
S0R7964739/1 BH:changed:7	c_000000000341
S0R7964739/1 BH:changed:7	c_000000000341
S0R7990032/1 BH:ok	c_000000000341
S0R7990032/1 BH:ok	c_000000000341
S0R7987072/1 BH:failed	c_000000000341
S0R7987072/1 BH:failed	c_000000000341
S0R7992089/1 BH:changed:4	c_000000000341
S0R7992089/1 BH:changed:4	c_000000000341
S0R7986957/1 BH:changed:3	c_000000000341
S0R7986957/1 BH:changed:3	c_000000000341
S0R7997769/1 BH:changed:1	c_000000000341
S0R7997769/1 BH:changed:1	c_000000000341
S0R7999636/1 BH:changed:3	c_000000000341
S0R7999636/1 BH:changed:3	c_000000000341
S0R7996128/1 BH:changed:1	c_000000000341
S0R7996128/1 BH:changed:1	c_000000000341
S0R8004130/1 BH:changed:5	c_000000000341
S0R8004130/1 BH:changed:5	c_000000000341
S0R8003271/1 BH:changed:3	c_000000000341
S0R8003271/1 BH:changed:3	c_000000000341
S0R8007429/1 BH:changed:4	c_000000000341
S0R8007429/1 BH:changed:4	c_000000000341
S0R7989635/1 BH:changed:6	c_000000000341
S0R7989635/1 BH:changed:6	c_000000000341
S0R8027438/1 BH:changed:4	c_000000000341
S0R8027438/1 BH:changed:4	c_000000000341
S0R8033274/1 BH:changed:3	c_000000000341
S0R8033274/1 BH:changed:3	c_000000000341
S0R8029160/1 BH:changed:4	c_000000000341
S0R8029160/1 BH:changed:4	c_000000000341
S0R8028547/1 BH:changed:3	c_000000000341
S0R8028547/1 BH:changed:3	c_000000000341
S0R8087788/1 BH:ok	c_000000000341
S0R8087788/1 BH:ok	c_000000000341
S0R8102717/1 BH:changed:2	c_000000000341
S0R8102717/1 BH:changed:2	c_000000000341
S0R8108650/1 BH:changed:5	c_000000000341
S0R8108650/1 BH:changed:5	c_000000000341
S0R8112851/1 BH:changed:4	c_000000000341
S0R8112851/1 BH:changed:4	c_000000000341
S0R8115689/1 BH:changed:1	c_000000000341
S0R8115689/1 BH:changed:1	c_000000000341
S0R8115784/1 BH:changed:5	c_000000000341
S0R8115784/1 BH:changed:5	c_000000000341
S0R8097337/1 BH:changed:1	c_000000000341
S0R8097337/1 BH:changed:1	c_000000000341
S0R8123233/1 BH:changed:4	c_000000000341
S0R8123233/1 BH:changed:4	c_000000000341
S0R8132604/1 BH:changed:3	c_000000000341
S0R8132604/1 BH:changed:3	c_000000000341
S0R8133458/1 BH:changed:1	c_000000000341
S0R8133458/1 BH:changed:1	c_000000000341
S0R8141133/1 BH:changed:4	c_000000000341
S0R8141133/1 BH:changed:4	c_000000000341
S0R8142351/1 BH:changed:1	c_000000000341
S0R8142351/1 BH:changed:1	c_000000000341
S0R8138341/1 BH:changed:4	c_000000000341
S0R8138341/1 BH:changed:4	c_000000000341
S0R8143288/1 BH:changed:3	c_000000000341
S0R8143288/1 BH:changed:3	c_000000000341
S0R8143408/1 BH:changed:5	c_000000000341
S0R8143408/1 BH:changed:5	c_000000000341
S0R8147494/1 BH:changed:4	c_000000000341
S0R8147494/1 BH:changed:4	c_000000000341
S0R8148115/1 BH:changed:1	c_000000000341
S0R8148115/1 BH:changed:1	c_000000000341
S0R8146328/1 BH:changed:2	c_000000000341
S0R8146328/1 BH:changed:2	c_000000000341
S0R8172597/1 BH:changed:1	c_000000000341
S0R8172597/1 BH:changed:1	c_000000000341
S0R8160732/1 BH:changed:2	c_000000000341
S0R8160732/1 BH:changed:2	c_000000000341
S0R8164808/1 BH:changed:1	c_000000000341
S0R8164808/1 BH:changed:1	c_000000000341
S0R8172456/1 BH:changed:1	c_000000000341
S0R8172456/1 BH:changed:1	c_000000000341
S0R8177724/1 BH:changed:9	c_000000000341
S0R8177724/1 BH:changed:9	c_000000000341
S0R8180492/1 BH:changed:2	c_000000000341
S0R8180492/1 BH:changed:2	c_000000000341
S0R8173790/1 BH:changed:4	c_000000000341
S0R8173790/1 BH:changed:4	c_000000000341
S0R8174698/1 BH:changed:3	c_000000000341
S0R8174698/1 BH:changed:3	c_000000000341
S0R8173605/1 BH:changed:4	c_000000000341
S0R8173605/1 BH:changed:4	c_000000000341
S0R8198097/1 BH:changed:4	c_000000000341
S0R8198097/1 BH:changed:4	c_000000000341
S0R8187443/1 BH:changed:2	c_000000000341
S0R8187443/1 BH:changed:2	c_000000000341
S0R8201837/1 BH:changed:1	c_000000000341
S0R8201837/1 BH:changed:1	c_000000000341
S0R8201559/1 BH:changed:3	c_000000000341
S0R8201559/1 BH:changed:3	c_000000000341
S0R8206008/1 BH:changed:3	c_000000000341
S0R8206008/1 BH:changed:3	c_000000000341
S0R8188603/1 BH:changed:1	c_000000000341
S0R8188603/1 BH:changed:1	c_000000000341
S0R8200000/1 BH:changed:9	c_000000000341
S0R8200000/1 BH:changed:9	c_000000000341
S0R8203870/1 BH:changed:2	c_000000000341
S0R8203870/1 BH:changed:2	c_000000000341
S0R8202807/1 BH:changed:5	c_000000000341
S0R8202807/1 BH:changed:5	c_000000000341
S0R8221944/1 BH:changed:3	c_000000000341
S0R8221944/1 BH:changed:3	c_000000000341
S0R8229938/1 BH:changed:6	c_000000000341
S0R8229938/1 BH:changed:6	c_000000000341
S0R8224190/1 BH:changed:5	c_000000000341
S0R8224190/1 BH:changed:5	c_000000000341
S0R8233948/1 BH:failed	c_000000000341
S0R8233948/1 BH:failed	c_000000000341
S0R8249817/1 BH:changed:5	c_000000000341
S0R8249817/1 BH:changed:5	c_000000000341
S0R8251429/1 BH:changed:1	c_000000000341
S0R8251429/1 BH:changed:1	c_000000000341
S0R8251795/1 BH:changed:4	c_000000000341
S0R8251795/1 BH:changed:4	c_000000000341
S0R8251089/1 BH:changed:6	c_000000000341
S0R8251089/1 BH:changed:6	c_000000000341
S0R8248879/1 BH:changed:5	c_000000000341
S0R8248879/1 BH:changed:5	c_000000000341
S0R8254137/1 BH:changed:2	c_000000000341
S0R8254137/1 BH:changed:2	c_000000000341
S0R8266837/1 BH:changed:3	c_000000000341
S0R8266837/1 BH:changed:3	c_000000000341
S0R8273568/1 BH:changed:8	c_000000000341
S0R8273568/1 BH:changed:8	c_000000000341
S0R8273648/1 BH:changed:2	c_000000000341
S0R8273648/1 BH:changed:2	c_000000000341
S0R8260470/1 BH:changed:4	c_000000000341
S0R8260470/1 BH:changed:4	c_000000000341
S0R8273147/1 BH:changed:3	c_000000000341
S0R8273147/1 BH:changed:3	c_000000000341
S0R8281080/1 BH:changed:5	c_000000000341
S0R8281080/1 BH:changed:5	c_000000000341
S0R8297196/1 BH:changed:3	c_000000000341
S0R8297196/1 BH:changed:3	c_000000000341
S0R8280314/1 BH:changed:4	c_000000000341
S0R8280314/1 BH:changed:4	c_000000000341
S0R8291293/1 BH:changed:3	c_000000000341
S0R8291293/1 BH:changed:3	c_000000000341
S0R8310317/1 BH:changed:3	c_000000000341
S0R8310317/1 BH:changed:3	c_000000000341
S0R8308257/1 BH:changed:2	c_000000000341
S0R8308257/1 BH:changed:2	c_000000000341
S0R8328450/1 BH:changed:1	c_000000000341
S0R8328450/1 BH:changed:1	c_000000000341
S0R8313980/1 BH:changed:2	c_000000000341
S0R8313980/1 BH:changed:2	c_000000000341
S0R8321606/1 BH:changed:4	c_000000000341
S0R8321606/1 BH:changed:4	c_000000000341
S0R8326529/1 BH:changed:3	c_000000000341
S0R8326529/1 BH:changed:3	c_000000000341
S0R8341605/1 BH:changed:5	c_000000000341
S0R8341605/1 BH:changed:5	c_000000000341
S0R8345230/1 BH:changed:3	c_000000000341
S0R8345230/1 BH:changed:3	c_000000000341
S0R8341402/1 BH:changed:4	c_000000000341
S0R8341402/1 BH:changed:4	c_000000000341
S0R8354791/1 BH:changed:1	c_000000000341
S0R8354791/1 BH:changed:1	c_000000000341
S0R8351541/1 BH:changed:4	c_000000000341
S0R8351541/1 BH:changed:4	c_000000000341
S0R8364421/1 BH:changed:1	c_000000000341
S0R8364421/1 BH:changed:1	c_000000000341
S0R8362503/1 BH:changed:3	c_000000000341
S0R8362503/1 BH:changed:3	c_000000000341
S0R8380960/1 BH:changed:4	c_000000000341
S0R8380960/1 BH:changed:4	c_000000000341
S0R8382325/1 BH:changed:3	c_000000000341
S0R8382325/1 BH:changed:3	c_000000000341
S0R8397615/1 BH:changed:5	c_000000000341
S0R8397615/1 BH:changed:5	c_000000000341
S0R8392325/1 BH:changed:4	c_000000000341
S0R8392325/1 BH:changed:4	c_000000000341
S0R8393949/1 BH:changed:2	c_000000000341
S0R8393949/1 BH:changed:2	c_000000000341
S0R8389414/1 BH:changed:1	c_000000000341
S0R8389414/1 BH:changed:1	c_000000000341
S0R8413466/1 BH:changed:1	c_000000000341
S0R8413466/1 BH:changed:1	c_000000000341
S0R8404430/1 BH:changed:3	c_000000000341
S0R8404430/1 BH:changed:3	c_000000000341
S0R8403576/1 BH:changed:4	c_000000000341
S0R8403576/1 BH:changed:4	c_000000000341
S0R8422261/1 BH:changed:2	c_000000000341
S0R8422261/1 BH:changed:2	c_000000000341
S0R8432348/1 BH:changed:4	c_000000000341
S0R8432348/1 BH:changed:4	c_000000000341
S0R8434140/1 BH:changed:1	c_000000000341
S0R8434140/1 BH:changed:1	c_000000000341
S0R8424009/1 BH:changed:2	c_000000000341
S0R8424009/1 BH:changed:2	c_000000000341
S0R8441707/1 BH:changed:1	c_000000000341
S0R8441707/1 BH:changed:1	c_000000000341
S0R8446634/1 BH:changed:4	c_000000000341
S0R8446634/1 BH:changed:4	c_000000000341
S0R8447420/1 BH:changed:2	c_000000000341
S0R8447420/1 BH:changed:2	c_000000000341
S0R8426057/1 BH:changed:3	c_000000000341
S0R8426057/1 BH:changed:3	c_000000000341
S0R8452858/1 BH:changed:3	c_000000000341
S0R8452858/1 BH:changed:3	c_000000000341
S0R8454814/1 BH:changed:2	c_000000000341
S0R8454814/1 BH:changed:2	c_000000000341
S0R8447579/1 BH:changed:1	c_000000000341
S0R8447579/1 BH:changed:1	c_000000000341
S0R8464780/1 BH:changed:5	c_000000000341
S0R8464780/1 BH:changed:5	c_000000000341
S0R8466933/1 BH:changed:1	c_000000000341
S0R8466933/1 BH:changed:1	c_000000000341
S0R8467025/1 BH:changed:5	c_000000000341
S0R8467025/1 BH:changed:5	c_000000000341
S0R8466717/1 BH:changed:1	c_000000000341
S0R8466717/1 BH:changed:1	c_000000000341
S0R8475224/1 BH:changed:3	c_000000000341
S0R8475224/1 BH:changed:3	c_000000000341
S0R8479116/1 BH:changed:2	c_000000000341
S0R8479116/1 BH:changed:2	c_000000000341
S0R8479983/1 BH:changed:3	c_000000000341
S0R8479983/1 BH:changed:3	c_000000000341
S0R8485950/1 BH:changed:3	c_000000000341
S0R8485950/1 BH:changed:3	c_000000000341
S0R8490307/1 BH:changed:4	c_000000000341
S0R8490307/1 BH:changed:4	c_000000000341
S0R8496846/1 BH:changed:1	c_000000000341
S0R8496846/1 BH:changed:1	c_000000000341
S0R8506806/1 BH:changed:1	c_000000000341
S0R8506806/1 BH:changed:1	c_000000000341
S0R8506852/1 BH:changed:6	c_000000000341
S0R8506852/1 BH:changed:6	c_000000000341
S0R8508391/1 BH:changed:3	c_000000000341
S0R8508391/1 BH:changed:3	c_000000000341
S0R8519990/1 BH:changed:4	c_000000000341
S0R8519990/1 BH:changed:4	c_000000000341
S0R8530033/1 BH:changed:1	c_000000000341
S0R8530033/1 BH:changed:1	c_000000000341
S0R8538507/1 BH:changed:2	c_000000000341
S0R8538507/1 BH:changed:2	c_000000000341
S0R8553390/1 BH:changed:2	c_000000000341
S0R8553390/1 BH:changed:2	c_000000000341
S0R8543977/1 BH:changed:4	c_000000000341
S0R8543977/1 BH:changed:4	c_000000000341
S0R8533812/1 BH:changed:7	c_000000000341
S0R8533812/1 BH:changed:7	c_000000000341
S0R8565196/1 BH:changed:2	c_000000000341
S0R8565196/1 BH:changed:2	c_000000000341
S0R8563246/1 BH:changed:4	c_000000000341
S0R8563246/1 BH:changed:4	c_000000000341
S0R8581042/1 BH:ok	c_000000000341
S0R8581042/1 BH:ok	c_000000000341
S0R8581394/1 BH:changed:1	c_000000000341
S0R8581394/1 BH:changed:1	c_000000000341
S0R8609026/1 BH:changed:3	c_000000000341
S0R8609026/1 BH:changed:3	c_000000000341
S0R8609041/1 BH:changed:1	c_000000000341
S0R8609041/1 BH:changed:1	c_000000000341
S0R8603961/1 BH:changed:1	c_000000000341
S0R8603961/1 BH:changed:1	c_000000000341
S0R8614506/1 BH:changed:4	c_000000000341
S0R8614506/1 BH:changed:4	c_000000000341
S0R8621333/1 BH:changed:3	c_000000000341
S0R8621333/1 BH:changed:3	c_000000000341
S0R8619812/1 BH:changed:4	c_000000000341
S0R8619812/1 BH:changed:4	c_000000000341
S0R8609811/1 BH:changed:2	c_000000000341
S0R8609811/1 BH:changed:2	c_000000000341
S0R8618143/1 BH:changed:2	c_000000000341
S0R8618143/1 BH:changed:2	c_000000000341
S0R8625506/1 BH:changed:3	c_000000000341
S0R8625506/1 BH:changed:3	c_000000000341
S0R8632822/1 BH:changed:7	c_000000000341
S0R8632822/1 BH:changed:7	c_000000000341
S0R8649401/1 BH:changed:1	c_000000000341
S0R8649401/1 BH:changed:1	c_000000000341
S0R8665390/1 BH:changed:1	c_000000000341
S0R8665390/1 BH:changed:1	c_000000000341
S0R8667692/1 BH:changed:3	c_000000000341
S0R8667692/1 BH:changed:3	c_000000000341
S0R8663527/1 BH:changed:6	c_000000000341
S0R8663527/1 BH:changed:6	c_000000000341
S0R8675454/1 BH:changed:5	c_000000000341
S0R8675454/1 BH:changed:5	c_000000000341
S0R8676525/1 BH:changed:3	c_000000000341
S0R8676525/1 BH:changed:3	c_000000000341
S0R8685563/1 BH:changed:4	c_000000000341
S0R8685563/1 BH:changed:4	c_000000000341
S0R8673670/1 BH:changed:3	c_000000000341
S0R8673670/1 BH:changed:3	c_000000000341
S0R8687000/1 BH:changed:1	c_000000000341
S0R8687000/1 BH:changed:1	c_000000000341
S0R8679147/1 BH:changed:3	c_000000000341
S0R8679147/1 BH:changed:3	c_000000000341
S0R8700532/1 BH:changed:4	c_000000000341
S0R8700532/1 BH:changed:4	c_000000000341
S0R8691739/1 BH:changed:4	c_000000000341
S0R8691739/1 BH:changed:4	c_000000000341
S0R8696605/1 BH:changed:2	c_000000000341
S0R8696605/1 BH:changed:2	c_000000000341
S0R8708455/1 BH:changed:2	c_000000000341
S0R8708455/1 BH:changed:2	c_000000000341
S0R8718081/1 BH:changed:4	c_000000000341
S0R8718081/1 BH:changed:4	c_000000000341
S0R8707976/1 BH:changed:1	c_000000000341
S0R8707976/1 BH:changed:1	c_000000000341
S0R8722577/1 BH:changed:2	c_000000000341
S0R8722577/1 BH:changed:2	c_000000000341
S0R8718507/1 BH:changed:4	c_000000000341
S0R8718507/1 BH:changed:4	c_000000000341
S0R8740119/1 BH:changed:4	c_000000000341
S0R8740119/1 BH:changed:4	c_000000000341
S0R8740252/1 BH:changed:3	c_000000000341
S0R8740252/1 BH:changed:3	c_000000000341
S0R8742236/1 BH:changed:2	c_000000000341
S0R8742236/1 BH:changed:2	c_000000000341
S0R8751508/1 BH:changed:4	c_000000000341
S0R8751508/1 BH:changed:4	c_000000000341
S0R8775985/1 BH:changed:1	c_000000000341
S0R8775985/1 BH:changed:1	c_000000000341
S0R8764892/1 BH:ok	c_000000000341
S0R8764892/1 BH:ok	c_000000000341
S0R8786011/1 BH:changed:6	c_000000000341
S0R8786011/1 BH:changed:6	c_000000000341
S0R8789416/1 BH:changed:5	c_000000000341
S0R8789416/1 BH:changed:5	c_000000000341
S0R8775679/1 BH:changed:2	c_000000000341
S0R8775679/1 BH:changed:2	c_000000000341
S0R8788441/1 BH:changed:3	c_000000000341
S0R8788441/1 BH:changed:3	c_000000000341
S0R8796693/1 BH:changed:2	c_000000000341
S0R8796693/1 BH:changed:2	c_000000000341
S0R8793021/1 BH:changed:2	c_000000000341
S0R8793021/1 BH:changed:2	c_000000000341
S0R8780384/1 BH:changed:6	c_000000000341
S0R8780384/1 BH:changed:6	c_000000000341
S0R8804723/1 BH:changed:2	c_000000000341
S0R8804723/1 BH:changed:2	c_000000000341
S0R8811579/1 BH:changed:6	c_000000000341
S0R8811579/1 BH:changed:6	c_000000000341
S0R8802463/1 BH:changed:3	c_000000000341
S0R8802463/1 BH:changed:3	c_000000000341
S0R8817137/1 BH:changed:1	c_000000000341
S0R8817137/1 BH:changed:1	c_000000000341
S0R8832845/1 BH:changed:4	c_000000000341
S0R8832845/1 BH:changed:4	c_000000000341
S0R8843208/1 BH:ok	c_000000000341
S0R8843208/1 BH:ok	c_000000000341
S0R8856905/1 BH:changed:1	c_000000000341
S0R8856905/1 BH:changed:1	c_000000000341
S0R8851309/1 BH:changed:5	c_000000000341
S0R8851309/1 BH:changed:5	c_000000000341
S0R8859944/1 BH:changed:6	c_000000000341
S0R8859944/1 BH:changed:6	c_000000000341
S0R8871680/1 BH:changed:3	c_000000000341
S0R8871680/1 BH:changed:3	c_000000000341
S0R8860836/1 BH:changed:2	c_000000000341
S0R8860836/1 BH:changed:2	c_000000000341
S0R8860926/1 BH:changed:1	c_000000000341
S0R8860926/1 BH:changed:1	c_000000000341
S0R8873186/1 BH:changed:3	c_000000000341
S0R8873186/1 BH:changed:3	c_000000000341
S0R8868642/1 BH:changed:4	c_000000000341
S0R8868642/1 BH:changed:4	c_000000000341
S0R8872347/1 BH:changed:4	c_000000000341
S0R8872347/1 BH:changed:4	c_000000000341
S0R8871415/1 BH:changed:6	c_000000000341
S0R8871415/1 BH:changed:6	c_000000000341
S0R8873881/1 BH:changed:3	c_000000000341
S0R8873881/1 BH:changed:3	c_000000000341
S0R8879974/1 BH:changed:4	c_000000000341
S0R8879974/1 BH:changed:4	c_000000000341
S0R8887515/1 BH:changed:2	c_000000000341
S0R8887515/1 BH:changed:2	c_000000000341
S0R8894869/1 BH:changed:7	c_000000000341
S0R8894869/1 BH:changed:7	c_000000000341
S0R8904340/1 BH:changed:3	c_000000000341
S0R8904340/1 BH:changed:3	c_000000000341
S0R8906910/1 BH:changed:4	c_000000000341
S0R8906910/1 BH:changed:4	c_000000000341
S0R8910222/1 BH:changed:2	c_000000000341
S0R8910222/1 BH:changed:2	c_000000000341
S0R8899418/1 BH:changed:4	c_000000000341
S0R8899418/1 BH:changed:4	c_000000000341
S0R8913648/1 BH:changed:3	c_000000000341
S0R8913648/1 BH:changed:3	c_000000000341
S0R8927325/1 BH:changed:3	c_000000000341
S0R8927325/1 BH:changed:3	c_000000000341
S0R8927233/1 BH:changed:4	c_000000000341
S0R8927233/1 BH:changed:4	c_000000000341
S0R8924105/1 BH:changed:2	c_000000000341
S0R8924105/1 BH:changed:2	c_000000000341
S0R8930678/1 BH:changed:3	c_000000000341
S0R8930678/1 BH:changed:3	c_000000000341
S0R8947132/1 BH:changed:1	c_000000000341
S0R8947132/1 BH:changed:1	c_000000000341
S0R8945118/1 BH:ok	c_000000000341
S0R8945118/1 BH:ok	c_000000000341
S0R8936226/1 BH:changed:2	c_000000000341
S0R8936226/1 BH:changed:2	c_000000000341
S0R8957633/1 BH:changed:2	c_000000000341
S0R8957633/1 BH:changed:2	c_000000000341
S0R8979519/1 BH:changed:5	c_000000000341
S0R8979519/1 BH:changed:5	c_000000000341
S0R8990482/1 BH:changed:4	c_000000000341
S0R8990482/1 BH:changed:4	c_000000000341
S0R8988857/1 BH:changed:2	c_000000000341
S0R8988857/1 BH:changed:2	c_000000000341
S0R8955184/1 BH:changed:3	c_000000000341
S0R8955184/1 BH:changed:3	c_000000000341
S0R8980451/1 BH:changed:5	c_000000000341
S0R8980451/1 BH:changed:5	c_000000000341
S0R9005824/1 BH:changed:2	c_000000000341
S0R9003637/1 BH:changed:1	c_000000000341
S0R9003637/1 BH:changed:1	c_000000000341
S0R9015775/1 BH:changed:4	c_000000000341
S0R9015775/1 BH:changed:4	c_000000000341
S0R9010962/1 BH:changed:3	c_000000000341
S0R9010962/1 BH:changed:3	c_000000000341
S0R9020019/1 BH:changed:7	c_000000000341
S0R9020019/1 BH:changed:7	c_000000000341
S0R9015354/1 BH:changed:3	c_000000000341
S0R9015354/1 BH:changed:3	c_000000000341
S0R9041142/1 BH:changed:5	c_000000000341
S0R9041142/1 BH:changed:5	c_000000000341
S0R9045109/1 BH:changed:6	c_000000000341
S0R9045109/1 BH:changed:6	c_000000000341
S0R9039489/1 BH:changed:4	c_000000000341
S0R9039489/1 BH:changed:4	c_000000000341
S0R9042536/1 BH:changed:1	c_000000000341
S0R9042536/1 BH:changed:1	c_000000000341
S0R9041512/1 BH:changed:1	c_000000000341
S0R9041512/1 BH:changed:1	c_000000000341
S0R9047090/1 BH:changed:3	c_000000000341
S0R9047090/1 BH:changed:3	c_000000000341
S0R9043155/1 BH:changed:6	c_000000000341
S0R9043155/1 BH:changed:6	c_000000000341
S0R9055963/1 BH:changed:5	c_000000000341
S0R9055963/1 BH:changed:5	c_000000000341
S0R9053016/1 BH:changed:1	c_000000000341
S0R9053016/1 BH:changed:1	c_000000000341
S0R9063379/1 BH:changed:5	c_000000000341
S0R9063379/1 BH:changed:5	c_000000000341
S0R9065049/1 BH:changed:2	c_000000000341
S0R9065049/1 BH:changed:2	c_000000000341
S0R9091935/1 BH:changed:3	c_000000000341
S0R9091935/1 BH:changed:3	c_000000000341
S0R9087671/1 BH:changed:1	c_000000000341
S0R9087671/1 BH:changed:1	c_000000000341
S0R9089135/1 BH:changed:2	c_000000000341
S0R9089135/1 BH:changed:2	c_000000000341
S0R9093819/1 BH:changed:3	c_000000000341
S0R9093819/1 BH:changed:3	c_000000000341
S0R9090150/1 BH:changed:7	c_000000000341
S0R9090150/1 BH:changed:7	c_000000000341
S0R9094612/1 BH:changed:2	c_000000000341
S0R9094612/1 BH:changed:2	c_000000000341
S0R9110031/1 BH:ok	c_000000000341
S0R9110031/1 BH:ok	c_000000000341
S0R9142478/1 BH:changed:1	c_000000000341
S0R9142478/1 BH:changed:1	c_000000000341
S0R9155908/1 BH:changed:3	c_000000000341
S0R9155908/1 BH:changed:3	c_000000000341
S0R9145763/1 BH:changed:1	c_000000000341
S0R9145763/1 BH:changed:1	c_000000000341
S0R9149794/1 BH:changed:3	c_000000000341
S0R9149794/1 BH:changed:3	c_000000000341
S0R9163838/1 BH:changed:2	c_000000000341
S0R9163838/1 BH:changed:2	c_000000000341
S0R9164867/1 BH:changed:3	c_000000000341
S0R9164867/1 BH:changed:3	c_000000000341
S0R9163615/1 BH:changed:3	c_000000000341
S0R9163615/1 BH:changed:3	c_000000000341
S0R9176385/1 BH:changed:3	c_000000000341
S0R9176385/1 BH:changed:3	c_000000000341
S0R9181449/1 BH:ok	c_000000000341
S0R9181449/1 BH:ok	c_000000000341
S0R9183912/1 BH:ok	c_000000000341
S0R9183912/1 BH:ok	c_000000000341
S0R9184835/1 BH:changed:4	c_000000000341
S0R9184835/1 BH:changed:4	c_000000000341
S0R9189450/1 BH:changed:1	c_000000000341
S0R9189450/1 BH:changed:1	c_000000000341
S0R9204260/1 BH:changed:7	c_000000000341
S0R9206076/1 BH:changed:3	c_000000000341
S0R9206076/1 BH:changed:3	c_000000000341
S0R9211140/1 BH:changed:4	c_000000000341
S0R9211140/1 BH:changed:4	c_000000000341
S0R9212551/1 BH:changed:3	c_000000000341
S0R9212551/1 BH:changed:3	c_000000000341
S0R9234010/1 BH:changed:2	c_000000000341
S0R9234010/1 BH:changed:2	c_000000000341
S0R9230995/1 BH:changed:1	c_000000000341
S0R9230995/1 BH:changed:1	c_000000000341
S0R9233701/1 BH:changed:3	c_000000000341
S0R9233701/1 BH:changed:3	c_000000000341
S0R9236424/1 BH:changed:3	c_000000000341
S0R9236424/1 BH:changed:3	c_000000000341
S0R9245264/1 BH:changed:5	c_000000000341
S0R9245264/1 BH:changed:5	c_000000000341
S0R9251973/1 BH:changed:2	c_000000000341
S0R9251973/1 BH:changed:2	c_000000000341
S0R9235387/1 BH:changed:5	c_000000000341
S0R9235387/1 BH:changed:5	c_000000000341
S0R9255847/1 BH:changed:2	c_000000000341
S0R9255847/1 BH:changed:2	c_000000000341
S0R9271240/1 BH:changed:1	c_000000000341
S0R9271240/1 BH:changed:1	c_000000000341
S0R9265174/1 BH:changed:5	c_000000000341
S0R9265174/1 BH:changed:5	c_000000000341
S0R9268908/1 BH:changed:4	c_000000000341
S0R9268908/1 BH:changed:4	c_000000000341
S0R9281387/1 BH:changed:1	c_000000000341
S0R9281387/1 BH:changed:1	c_000000000341
S0R9291680/1 BH:changed:5	c_000000000341
S0R9291680/1 BH:changed:5	c_000000000341
S0R9304104/1 BH:changed:1	c_000000000341
S0R9304104/1 BH:changed:1	c_000000000341
S0R9321401/1 BH:changed:2	c_000000000341
S0R9321401/1 BH:changed:2	c_000000000341
S0R9321405/1 BH:changed:3	c_000000000341
S0R9321405/1 BH:changed:3	c_000000000341
S0R9339887/1 BH:changed:3	c_000000000341
S0R9339887/1 BH:changed:3	c_000000000341
S0R9337382/1 BH:changed:2	c_000000000341
S0R9337382/1 BH:changed:2	c_000000000341
S0R9354165/1 BH:failed	c_000000000341
S0R9354165/1 BH:failed	c_000000000341
S0R9365691/1 BH:changed:1	c_000000000341
S0R9365691/1 BH:changed:1	c_000000000341
S0R9365572/1 BH:changed:2	c_000000000341
S0R9365572/1 BH:changed:2	c_000000000341
S0R9378625/1 BH:changed:4	c_000000000341
S0R9378625/1 BH:changed:4	c_000000000341
S0R9373485/1 BH:changed:4	c_000000000341
S0R9373485/1 BH:changed:4	c_000000000341
S0R9378088/1 BH:changed:4	c_000000000341
S0R9378088/1 BH:changed:4	c_000000000341
S0R9379251/1 BH:changed:2	c_000000000341
S0R9379251/1 BH:changed:2	c_000000000341
S0R9389563/1 BH:changed:6	c_000000000341
S0R9389563/1 BH:changed:6	c_000000000341
S0R9409764/1 BH:changed:4	c_000000000341
S0R9409764/1 BH:changed:4	c_000000000341
S0R9411646/1 BH:changed:3	c_000000000341
S0R9411646/1 BH:changed:3	c_000000000341
S0R9425080/1 BH:changed:4	c_000000000341
S0R9425080/1 BH:changed:4	c_000000000341
S0R9429876/1 BH:changed:1	c_000000000341
S0R9429876/1 BH:changed:1	c_000000000341
S0R9431642/1 BH:failed	c_000000000341
S0R9431642/1 BH:failed	c_000000000341
S0R9428916/1 BH:changed:5	c_000000000341
S0R9428916/1 BH:changed:5	c_000000000341
S0R9429032/1 BH:changed:3	c_000000000341
S0R9429032/1 BH:changed:3	c_000000000341
S0R9443086/1 BH:changed:3	c_000000000341
S0R9443086/1 BH:changed:3	c_000000000341
S0R9463470/1 BH:changed:6	c_000000000341
S0R9463470/1 BH:changed:6	c_000000000341
S0R9469761/1 BH:changed:2	c_000000000341
S0R9469761/1 BH:changed:2	c_000000000341
S0R9470998/1 BH:changed:1	c_000000000341
S0R9470998/1 BH:changed:1	c_000000000341
S0R9471539/1 BH:changed:2	c_000000000341
S0R9471539/1 BH:changed:2	c_000000000341
S0R9458137/1 BH:changed:4	c_000000000341
S0R9458137/1 BH:changed:4	c_000000000341
S0R9452889/1 BH:changed:2	c_000000000341
S0R9452889/1 BH:changed:2	c_000000000341
S0R9473328/1 BH:changed:4	c_000000000341
S0R9473328/1 BH:changed:4	c_000000000341
S0R9481583/1 BH:changed:2	c_000000000341
S0R9481583/1 BH:changed:2	c_000000000341
S0R9484804/1 BH:changed:6	c_000000000341
S0R9484804/1 BH:changed:6	c_000000000341
S0R9494942/1 BH:changed:3	c_000000000341
S0R9494942/1 BH:changed:3	c_000000000341
S0R9491311/1 BH:changed:1	c_000000000341
S0R9491311/1 BH:changed:1	c_000000000341
S0R9501154/1 BH:changed:4	c_000000000341
S0R9501154/1 BH:changed:4	c_000000000341
S0R9496130/1 BH:changed:6	c_000000000341
S0R9496130/1 BH:changed:6	c_000000000341
S0R9500059/1 BH:changed:8	c_000000000341
S0R9500059/1 BH:changed:8	c_000000000341
S0R9513588/1 BH:changed:2	c_000000000341
S0R9513588/1 BH:changed:2	c_000000000341
S0R9507200/1 BH:changed:4	c_000000000341
S0R9507200/1 BH:changed:4	c_000000000341
S0R9512040/1 BH:changed:5	c_000000000341
S0R9512040/1 BH:changed:5	c_000000000341
S0R9524686/1 BH:changed:3	c_000000000341
S0R9524686/1 BH:changed:3	c_000000000341
S0R9520483/1 BH:changed:4	c_000000000341
S0R9520483/1 BH:changed:4	c_000000000341
S0R9521540/1 BH:changed:6	c_000000000341
S0R9521540/1 BH:changed:6	c_000000000341
S0R9544263/1 BH:ok	c_000000000341
S0R9544263/1 BH:ok	c_000000000341
S0R9534335/1 BH:changed:6	c_000000000341
S0R9534335/1 BH:changed:6	c_000000000341
S0R9534452/1 BH:changed:5	c_000000000341
S0R9534452/1 BH:changed:5	c_000000000341
S0R9543394/1 BH:changed:1	c_000000000341
S0R9543394/1 BH:changed:1	c_000000000341
S0R9556994/1 BH:changed:4	c_000000000341
S0R9556994/1 BH:changed:4	c_000000000341
S0R9550318/1 BH:changed:3	c_000000000341
S0R9550318/1 BH:changed:3	c_000000000341
S0R9554043/1 BH:changed:2	c_000000000341
S0R9554043/1 BH:changed:2	c_000000000341
S0R9553678/1 BH:changed:1	c_000000000341
S0R9553678/1 BH:changed:1	c_000000000341
S0R9556800/1 BH:changed:1	c_000000000341
S0R9556800/1 BH:changed:1	c_000000000341
S0R9575999/1 BH:changed:2	c_000000000341
S0R9575999/1 BH:changed:2	c_000000000341
S0R9558242/1 BH:changed:4	c_000000000341
S0R9558242/1 BH:changed:4	c_000000000341
S0R9596943/1 BH:changed:3	c_000000000341
S0R9596943/1 BH:changed:3	c_000000000341
S0R9601115/1 BH:changed:5	c_000000000341
S0R9601115/1 BH:changed:5	c_000000000341
S0R9606732/1 BH:changed:3	c_000000000341
S0R9606732/1 BH:changed:3	c_000000000341
S0R9593341/1 BH:changed:4	c_000000000341
S0R9593341/1 BH:changed:4	c_000000000341
S0R9607649/1 BH:changed:3	c_000000000341
S0R9607649/1 BH:changed:3	c_000000000341
S0R9611533/1 BH:changed:9	c_000000000341
S0R9611533/1 BH:changed:9	c_000000000341
S0R9602892/1 BH:changed:2	c_000000000341
S0R9602892/1 BH:changed:2	c_000000000341
S0R9617770/1 BH:changed:2	c_000000000341
S0R9617770/1 BH:changed:2	c_000000000341
S0R9622789/1 BH:changed:2	c_000000000341
S0R9622789/1 BH:changed:2	c_000000000341
S0R9618315/1 BH:changed:5	c_000000000341
S0R9618315/1 BH:changed:5	c_000000000341
S0R9609815/1 BH:changed:6	c_000000000341
S0R9609815/1 BH:changed:6	c_000000000341
S0R9630592/1 BH:changed:2	c_000000000341
S0R9630592/1 BH:changed:2	c_000000000341
S0R9623874/1 BH:changed:2	c_000000000341
S0R9623874/1 BH:changed:2	c_000000000341
S0R9630713/1 BH:changed:5	c_000000000341
S0R9630713/1 BH:changed:5	c_000000000341
S0R9641354/1 BH:changed:5	c_000000000341
S0R9641354/1 BH:changed:5	c_000000000341
S0R9648323/1 BH:changed:3	c_000000000341
S0R9648323/1 BH:changed:3	c_000000000341
S0R9647221/1 BH:changed:3	c_000000000341
S0R9647221/1 BH:changed:3	c_000000000341
S0R9647234/1 BH:changed:5	c_000000000341
S0R9647234/1 BH:changed:5	c_000000000341
S0R9660679/1 BH:changed:3	c_000000000341
S0R9660679/1 BH:changed:3	c_000000000341
S0R9652193/1 BH:changed:2	c_000000000341
S0R9652193/1 BH:changed:2	c_000000000341
S0R9659961/1 BH:changed:4	c_000000000341
S0R9659961/1 BH:changed:4	c_000000000341
S0R9683118/1 BH:changed:2	c_000000000341
S0R9683118/1 BH:changed:2	c_000000000341
S0R9694366/1 BH:changed:1	c_000000000341
S0R9694366/1 BH:changed:1	c_000000000341
S0R9694788/1 BH:changed:3	c_000000000341
S0R9694788/1 BH:changed:3	c_000000000341
S0R9682674/1 BH:changed:3	c_000000000341
S0R9682674/1 BH:changed:3	c_000000000341
S0R9704272/1 BH:changed:3	c_000000000341
S0R9704272/1 BH:changed:3	c_000000000341
S0R9696590/1 BH:changed:1	c_000000000341
S0R9696590/1 BH:changed:1	c_000000000341
S0R9711798/1 BH:changed:2	c_000000000341
S0R9711798/1 BH:changed:2	c_000000000341
S0R9703840/1 BH:changed:3	c_000000000341
S0R9703840/1 BH:changed:3	c_000000000341
S0R9714661/1 BH:changed:3	c_000000000341
S0R9714661/1 BH:changed:3	c_000000000341
S0R9707123/1 BH:changed:2	c_000000000341
S0R9707123/1 BH:changed:2	c_000000000341
S0R9718087/1 BH:changed:1	c_000000000341
S0R9718087/1 BH:changed:1	c_000000000341
S0R9717465/1 BH:changed:4	c_000000000341
S0R9717465/1 BH:changed:4	c_000000000341
S0R9722338/1 BH:changed:5	c_000000000341
S0R9722338/1 BH:changed:5	c_000000000341
S0R9727821/1 BH:ok	c_000000000341
S0R9727821/1 BH:ok	c_000000000341
S0R9743119/1 BH:changed:5	c_000000000341
S0R9743119/1 BH:changed:5	c_000000000341
S0R9758327/1 BH:changed:1	c_000000000341
S0R9758327/1 BH:changed:1	c_000000000341
S0R9747211/1 BH:changed:3	c_000000000341
S0R9747211/1 BH:changed:3	c_000000000341
S0R9743808/1 BH:changed:2	c_000000000341
S0R9743808/1 BH:changed:2	c_000000000341
S0R9747744/1 BH:changed:3	c_000000000341
S0R9747744/1 BH:changed:3	c_000000000341
S0R9762145/1 BH:changed:5	c_000000000341
S0R9762145/1 BH:changed:5	c_000000000341
S0R9770047/1 BH:ok	c_000000000341
S0R9770047/1 BH:ok	c_000000000341
S0R9792771/1 BH:changed:6	c_000000000341
S0R9792771/1 BH:changed:6	c_000000000341
S0R9792814/1 BH:changed:3	c_000000000341
S0R9792814/1 BH:changed:3	c_000000000341
S0R9783774/1 BH:changed:5	c_000000000341
S0R9783774/1 BH:changed:5	c_000000000341
S0R9795493/1 BH:changed:5	c_000000000341
S0R9795493/1 BH:changed:5	c_000000000341
S0R9797827/1 BH:changed:1	c_000000000341
S0R9797827/1 BH:changed:1	c_000000000341
S0R9806659/1 BH:changed:1	c_000000000341
S0R9806659/1 BH:changed:1	c_000000000341
S0R9800321/1 BH:changed:2	c_000000000341
S0R9800321/1 BH:changed:2	c_000000000341
S0R9804739/1 BH:changed:2	c_000000000341
S0R9804739/1 BH:changed:2	c_000000000341
S0R9810107/1 BH:ok	c_000000000341
S0R9810107/1 BH:ok	c_000000000341
S0R9802863/1 BH:changed:2	c_000000000341
S0R9802863/1 BH:changed:2	c_000000000341
S0R9814845/1 BH:changed:4	c_000000000341
S0R9814845/1 BH:changed:4	c_000000000341
S0R9814582/1 BH:changed:3	c_000000000341
S0R9814582/1 BH:changed:3	c_000000000341
S0R9816926/1 BH:changed:5	c_000000000341
S0R9816926/1 BH:changed:5	c_000000000341
S0R9830915/1 BH:changed:7	c_000000000341
S0R9830915/1 BH:changed:7	c_000000000341
S0R9831020/1 BH:changed:2	c_000000000341
S0R9831020/1 BH:changed:2	c_000000000341
S0R9835492/1 BH:changed:4	c_000000000341
S0R9835492/1 BH:changed:4	c_000000000341
S0R9845107/1 BH:changed:2	c_000000000341
S0R9845107/1 BH:changed:2	c_000000000341
S0R9833308/1 BH:changed:4	c_000000000341
S0R9833308/1 BH:changed:4	c_000000000341
S0R9837711/1 BH:changed:3	c_000000000341
S0R9837711/1 BH:changed:3	c_000000000341
S0R9842133/1 BH:changed:3	c_000000000341
S0R9842133/1 BH:changed:3	c_000000000341
S0R9859431/1 BH:changed:2	c_000000000341
S0R9859431/1 BH:changed:2	c_000000000341
S0R9865556/1 BH:changed:2	c_000000000341
S0R9865556/1 BH:changed:2	c_000000000341
S0R9864976/1 BH:changed:2	c_000000000341
S0R9864976/1 BH:changed:2	c_000000000341
S0R9865888/1 BH:changed:2	c_000000000341
S0R9865888/1 BH:changed:2	c_000000000341
S0R9860011/1 BH:changed:6	c_000000000341
S0R9860011/1 BH:changed:6	c_000000000341
S0R9875089/1 BH:changed:2	c_000000000341
S0R9875089/1 BH:changed:2	c_000000000341
S0R9862744/1 BH:changed:3	c_000000000341
S0R9862744/1 BH:changed:3	c_000000000341
S0R9896353/1 BH:changed:1	c_000000000341
S0R9896353/1 BH:changed:1	c_000000000341
S0R9906140/1 BH:changed:6	c_000000000341
S0R9906140/1 BH:changed:6	c_000000000341
S0R9895557/1 BH:changed:1	c_000000000341
S0R9895557/1 BH:changed:1	c_000000000341
S0R9895588/1 BH:changed:4	c_000000000341
S0R9895588/1 BH:changed:4	c_000000000341
S0R9901968/1 BH:changed:2	c_000000000341
S0R9901968/1 BH:changed:2	c_000000000341
S0R9906952/1 BH:changed:5	c_000000000341
S0R9906952/1 BH:changed:5	c_000000000341
S0R9915768/1 BH:changed:4	c_000000000341
S0R9915768/1 BH:changed:4	c_000000000341
S0R9924663/1 BH:changed:2	c_000000000341
S0R9924663/1 BH:changed:2	c_000000000341
S0R9923962/1 BH:changed:2	c_000000000341
S0R9923962/1 BH:changed:2	c_000000000341
S0R9921543/1 BH:changed:7	c_000000000341
S0R9921543/1 BH:changed:7	c_000000000341
S0R9927942/1 BH:changed:4	c_000000000341
S0R9927942/1 BH:changed:4	c_000000000341
S0R9947826/1 BH:changed:3	c_000000000341
S0R9947826/1 BH:changed:3	c_000000000341
S0R9965009/1 BH:changed:3	c_000000000341
S0R9965009/1 BH:changed:3	c_000000000341
S0R9956402/1 BH:changed:4	c_000000000341
S0R9956402/1 BH:changed:4	c_000000000341
S0R9947289/1 BH:changed:4	c_000000000341
S0R9947289/1 BH:changed:4	c_000000000341
S0R9974427/1 BH:changed:5	c_000000000341
S0R9974427/1 BH:changed:5	c_000000000341
S0R9957527/1 BH:changed:2	c_000000000341
S0R9957527/1 BH:changed:2	c_000000000341
S0R9962083/1 BH:changed:5	c_000000000341
S0R9962083/1 BH:changed:5	c_000000000341
S0R9983064/1 BH:changed:1	c_000000000341
S0R9983064/1 BH:changed:1	c_000000000341
S0R9986872/1 BH:changed:1	c_000000000341
S0R9986872/1 BH:changed:1	c_000000000341
S0R9986034/1 BH:changed:1	c_000000000341
S0R9986034/1 BH:changed:1	c_000000000341
S0R10000892/1 BH:changed:2	c_000000000341
S0R10000892/1 BH:changed:2	c_000000000341
S0R10003060/1 BH:changed:4	c_000000000341
S0R10003060/1 BH:changed:4	c_000000000341
S0R10005356/1 BH:failed	c_000000000341
S0R10005356/1 BH:failed	c_000000000341
S0R10002336/1 BH:changed:1	c_000000000341
S0R10002336/1 BH:changed:1	c_000000000341
S0R10009941/1 BH:changed:7	c_000000000341
S0R10009941/1 BH:changed:7	c_000000000341
S0R10017370/1 BH:changed:3	c_000000000341
S0R10017370/1 BH:changed:3	c_000000000341
S0R10025117/1 BH:ok	c_000000000341
S0R10025117/1 BH:ok	c_000000000341
S0R10023228/1 BH:changed:3	c_000000000341
S0R10023228/1 BH:changed:3	c_000000000341
S0R10023132/1 BH:changed:2	c_000000000341
S0R10023132/1 BH:changed:2	c_000000000341
S0R10035686/1 BH:changed:6	c_000000000341
S0R10035686/1 BH:changed:6	c_000000000341
S0R10032757/1 BH:changed:2	c_000000000341
S0R10032757/1 BH:changed:2	c_000000000341
S0R10050952/1 BH:changed:8	c_000000000341
S0R10050952/1 BH:changed:8	c_000000000341
S0R10046067/1 BH:changed:4	c_000000000341
S0R10046067/1 BH:changed:4	c_000000000341
S0R10050217/1 BH:changed:1	c_000000000341
S0R10050217/1 BH:changed:1	c_000000000341
S0R10046810/1 BH:changed:6	c_000000000341
S0R10046810/1 BH:changed:6	c_000000000341
S0R10070981/1 BH:changed:2	c_000000000341
S0R10070981/1 BH:changed:2	c_000000000341
S0R10067558/1 BH:changed:3	c_000000000341
S0R10067558/1 BH:changed:3	c_000000000341
S0R10083889/1 BH:changed:5	c_000000000341
S0R10083889/1 BH:changed:5	c_000000000341
S0R10077136/1 BH:changed:4	c_000000000341
S0R10077136/1 BH:changed:4	c_000000000341
S0R10093953/1 BH:changed:1	c_000000000341
S0R10093953/1 BH:changed:1	c_000000000341
S0R10080620/1 BH:changed:4	c_000000000341
S0R10089393/1 BH:changed:1	c_000000000341
S0R10089393/1 BH:changed:1	c_000000000341
S0R10118963/1 BH:changed:4	c_000000000341
S0R10118963/1 BH:changed:4	c_000000000341
S0R10112955/1 BH:changed:2	c_000000000341
S0R10112955/1 BH:changed:2	c_000000000341
S0R10132264/1 BH:changed:8	c_000000000341
S0R10132264/1 BH:changed:8	c_000000000341
S0R10134466/1 BH:changed:2	c_000000000341
S0R10134466/1 BH:changed:2	c_000000000341
S0R10142449/1 BH:changed:1	c_000000000341
S0R10142449/1 BH:changed:1	c_000000000341
S0R10141532/1 BH:changed:4	c_000000000341
S0R10141532/1 BH:changed:4	c_000000000341
S0R10134413/1 BH:changed:4	c_000000000341
S0R10134413/1 BH:changed:4	c_000000000341
S0R10136292/1 BH:changed:3	c_000000000341
S0R10136292/1 BH:changed:3	c_000000000341
S0R10149150/1 BH:changed:1	c_000000000341
S0R10149150/1 BH:changed:1	c_000000000341
S0R10154285/1 BH:changed:4	c_000000000341
S0R10154285/1 BH:changed:4	c_000000000341
S0R10154894/1 BH:changed:2	c_000000000341
S0R10154894/1 BH:changed:2	c_000000000341
S0R10150879/1 BH:changed:5	c_000000000341
S0R10150879/1 BH:changed:5	c_000000000341
S0R10146913/1 BH:changed:2	c_000000000341
S0R10146913/1 BH:changed:2	c_000000000341
S0R10166920/1 BH:changed:5	c_000000000341
S0R10166920/1 BH:changed:5	c_000000000341
S0R10172288/1 BH:changed:2	c_000000000341
S0R10172288/1 BH:changed:2	c_000000000341
S0R10179213/1 BH:failed	c_000000000341
S0R10179213/1 BH:failed	c_000000000341
S0R10183930/1 BH:changed:3	c_000000000341
S0R10183930/1 BH:changed:3	c_000000000341
S0R10205492/1 BH:changed:5	c_000000000341
S0R10205492/1 BH:changed:5	c_000000000341
S0R10203698/1 BH:changed:3	c_000000000341
S0R10203698/1 BH:changed:3	c_000000000341
S0R10205770/1 BH:ok	c_000000000341
S0R10205770/1 BH:ok	c_000000000341
S0R10211572/1 BH:changed:4	c_000000000341
S0R10211572/1 BH:changed:4	c_000000000341
S0R10228427/1 BH:changed:3	c_000000000341
S0R10228427/1 BH:changed:3	c_000000000341
S0R10234025/1 BH:changed:2	c_000000000341
S0R10234025/1 BH:changed:2	c_000000000341
S0R10223555/1 BH:changed:6	c_000000000341
S0R10223555/1 BH:changed:6	c_000000000341
S0R10236885/1 BH:changed:3	c_000000000341
S0R10236885/1 BH:changed:3	c_000000000341
S0R10238464/1 BH:changed:3	c_000000000341
S0R10238464/1 BH:changed:3	c_000000000341
S0R10240947/1 BH:changed:5	c_000000000341
S0R10240947/1 BH:changed:5	c_000000000341
S0R10239023/1 BH:changed:4	c_000000000341
S0R10239023/1 BH:changed:4	c_000000000341
S0R10252635/1 BH:changed:5	c_000000000341
S0R10252635/1 BH:changed:5	c_000000000341
S0R10236104/1 BH:changed:3	c_000000000341
S0R10236104/1 BH:changed:3	c_000000000341
S0R10257646/1 BH:changed:1	c_000000000341
S0R10257646/1 BH:changed:1	c_000000000341
S0R10260484/1 BH:changed:6	c_000000000341
S0R10260484/1 BH:changed:6	c_000000000341
S0R10261276/1 BH:changed:2	c_000000000341
S0R10261276/1 BH:changed:2	c_000000000341
S0R10258326/1 BH:changed:4	c_000000000341
S0R10258326/1 BH:changed:4	c_000000000341
S0R10275952/1 BH:changed:4	c_000000000341
S0R10275952/1 BH:changed:4	c_000000000341
S0R10283436/1 BH:changed:1	c_000000000341
S0R10283436/1 BH:changed:1	c_000000000341
S0R10268317/1 BH:changed:3	c_000000000341
S0R10268317/1 BH:changed:3	c_000000000341
S0R10283536/1 BH:changed:2	c_000000000341
S0R10283536/1 BH:changed:2	c_000000000341
S0R10288250/1 BH:changed:1	c_000000000341
S0R10288250/1 BH:changed:1	c_000000000341
S0R10290471/1 BH:changed:2	c_000000000341
S0R10290471/1 BH:changed:2	c_000000000341
S0R10288631/1 BH:changed:3	c_000000000341
S0R10288631/1 BH:changed:3	c_000000000341
S0R10300521/1 BH:changed:5	c_000000000341
S0R10300521/1 BH:changed:5	c_000000000341
S0R10304422/1 BH:ok	c_000000000341
S0R10304422/1 BH:ok	c_000000000341
S0R10310655/1 BH:changed:2	c_000000000341
S0R10310655/1 BH:changed:2	c_000000000341
S0R10311638/1 BH:changed:5	c_000000000341
S0R10311638/1 BH:changed:5	c_000000000341
S0R10315321/1 BH:changed:3	c_000000000341
S0R10315321/1 BH:changed:3	c_000000000341
S0R10316018/1 BH:changed:3	c_000000000341
S0R10316018/1 BH:changed:3	c_000000000341
S0R10321549/1 BH:changed:5	c_000000000341
S0R10321549/1 BH:changed:5	c_000000000341
S0R10324316/1 BH:changed:2	c_000000000341
S0R10324316/1 BH:changed:2	c_000000000341
S0R10319975/1 BH:changed:4	c_000000000341
S0R10319975/1 BH:changed:4	c_000000000341
S0R10332968/1 BH:changed:3	c_000000000341
S0R10332968/1 BH:changed:3	c_000000000341
S0R10333807/1 BH:changed:2	c_000000000341
S0R10333807/1 BH:changed:2	c_000000000341
S0R10341944/1 BH:changed:3	c_000000000341
S0R10341944/1 BH:changed:3	c_000000000341
S0R10342452/1 BH:changed:3	c_000000000341
S0R10342452/1 BH:changed:3	c_000000000341
S0R10335588/1 BH:changed:5	c_000000000341
S0R10335588/1 BH:changed:5	c_000000000341
S0R10346563/1 BH:changed:3	c_000000000341
S0R10346563/1 BH:changed:3	c_000000000341
S0R10363668/1 BH:ok	c_000000000341
S0R10363668/1 BH:ok	c_000000000341
S0R10371930/1 BH:changed:2	c_000000000341
S0R10371930/1 BH:changed:2	c_000000000341
S0R10362796/1 BH:changed:8	c_000000000341
S0R10362796/1 BH:changed:8	c_000000000341
S0R10362837/1 BH:changed:3	c_000000000341
S0R10362837/1 BH:changed:3	c_000000000341
S0R10383111/1 BH:changed:4	c_000000000341
S0R10383111/1 BH:changed:4	c_000000000341
S0R10372337/1 BH:changed:4	c_000000000341
S0R10372337/1 BH:changed:4	c_000000000341
S0R10369443/1 BH:changed:4	c_000000000341
S0R10369443/1 BH:changed:4	c_000000000341
S0R10386120/1 BH:changed:7	c_000000000341
S0R10386120/1 BH:changed:7	c_000000000341
S0R10385274/1 BH:changed:6	c_000000000341
S0R10385274/1 BH:changed:6	c_000000000341
S0R10378026/1 BH:changed:2	c_000000000341
S0R10378026/1 BH:changed:2	c_000000000341
S0R10391125/1 BH:changed:3	c_000000000341
S0R10391125/1 BH:changed:3	c_000000000341
S0R10397496/1 BH:changed:12	c_000000000341
S0R10397496/1 BH:changed:12	c_000000000341
S0R10414829/1 BH:changed:3	c_000000000341
S0R10414829/1 BH:changed:3	c_000000000341
S0R10410183/1 BH:changed:4	c_000000000341
S0R10410183/1 BH:changed:4	c_000000000341
S0R10421169/1 BH:changed:1	c_000000000341
S0R10421169/1 BH:changed:1	c_000000000341
S0R10444871/1 BH:changed:7	c_000000000341
S0R10444871/1 BH:changed:7	c_000000000341
S0R10450683/1 BH:changed:1	c_000000000341
S0R10450683/1 BH:changed:1	c_000000000341
S0R10452875/1 BH:changed:4	c_000000000341
S0R10452875/1 BH:changed:4	c_000000000341
S0R10455749/1 BH:changed:8	c_000000000341
S0R10455749/1 BH:changed:8	c_000000000341
S0R10473462/1 BH:changed:5	c_000000000341
S0R10473462/1 BH:changed:5	c_000000000341
S0R10462078/1 BH:changed:4	c_000000000341
S0R10462078/1 BH:changed:4	c_000000000341
S0R10482192/1 BH:changed:5	c_000000000341
S0R10482192/1 BH:changed:5	c_000000000341
S0R10489790/1 BH:changed:3	c_000000000341
S0R10489790/1 BH:changed:3	c_000000000341
S0R10491420/1 BH:changed:3	c_000000000341
S0R10491420/1 BH:changed:3	c_000000000341
S0R10477447/1 BH:changed:1	c_000000000341
S0R10477447/1 BH:changed:1	c_000000000341
S0R10515694/1 BH:changed:4	c_000000000341
S0R10515694/1 BH:changed:4	c_000000000341
S0R10510908/1 BH:changed:4	c_000000000341
S0R10510908/1 BH:changed:4	c_000000000341
S0R10521914/1 BH:changed:5	c_000000000341
S0R10521914/1 BH:changed:5	c_000000000341
S0R10539541/1 BH:changed:3	c_000000000341
S0R10539541/1 BH:changed:3	c_000000000341
S0R10553446/1 BH:changed:4	c_000000000341
S0R10553446/1 BH:changed:4	c_000000000341
S0R10543633/1 BH:changed:2	c_000000000341
S0R10543633/1 BH:changed:2	c_000000000341
S0R10562987/1 BH:changed:2	c_000000000341
S0R10562987/1 BH:changed:2	c_000000000341
S0R10563799/1 BH:changed:2	c_000000000341
S0R10563799/1 BH:changed:2	c_000000000341
S0R10571490/1 BH:changed:2	c_000000000341
S0R10571490/1 BH:changed:2	c_000000000341
S0R10582936/1 BH:changed:2	c_000000000341
S0R10582936/1 BH:changed:2	c_000000000341
S0R10587215/1 BH:changed:2	c_000000000341
S0R10587215/1 BH:changed:2	c_000000000341
S0R10611960/1 BH:ok	c_000000000341
S0R10611960/1 BH:ok	c_000000000341
S0R10596878/1 BH:changed:4	c_000000000341
S0R10596878/1 BH:changed:4	c_000000000341
S0R10596929/1 BH:changed:4	c_000000000341
S0R10596929/1 BH:changed:4	c_000000000341
S0R10606714/1 BH:changed:2	c_000000000341
S0R10606714/1 BH:changed:2	c_000000000341
S0R10604398/1 BH:changed:4	c_000000000341
S0R10604398/1 BH:changed:4	c_000000000341
S0R10634560/1 BH:changed:2	c_000000000341
S0R10634560/1 BH:changed:2	c_000000000341
S0R10639401/1 BH:changed:5	c_000000000341
S0R10639401/1 BH:changed:5	c_000000000341
S0R10639475/1 BH:changed:3	c_000000000341
S0R10639475/1 BH:changed:3	c_000000000341
S0R10636170/1 BH:changed:5	c_000000000341
S0R10636170/1 BH:changed:5	c_000000000341
S0R10655108/1 BH:changed:3	c_000000000341
S0R10655108/1 BH:changed:3	c_000000000341
S0R10669858/1 BH:ok	c_000000000341
S0R10669858/1 BH:ok	c_000000000341
S0R10678052/1 BH:changed:6	c_000000000341
S0R10678052/1 BH:changed:6	c_000000000341
S0R10686119/1 BH:changed:3	c_000000000341
S0R10686119/1 BH:changed:3	c_000000000341
S0R10684769/1 BH:changed:4	c_000000000341
S0R10684769/1 BH:changed:4	c_000000000341
S0R10689067/1 BH:changed:3	c_000000000341
S0R10689067/1 BH:changed:3	c_000000000341
S0R10716647/1 BH:changed:3	c_000000000341
S0R10716647/1 BH:changed:3	c_000000000341
S0R10721016/1 BH:changed:4	c_000000000341
S0R10721016/1 BH:changed:4	c_000000000341
S0R10731224/1 BH:changed:1	c_000000000341
S0R10731224/1 BH:changed:1	c_000000000341
S0R10732127/1 BH:changed:2	c_000000000341
S0R10732127/1 BH:changed:2	c_000000000341
S0R10740446/1 BH:changed:5	c_000000000341
S0R10740446/1 BH:changed:5	c_000000000341
S0R10744455/1 BH:changed:4	c_000000000341
S0R10744455/1 BH:changed:4	c_000000000341
S0R10750783/1 BH:changed:1	c_000000000341
S0R10750783/1 BH:changed:1	c_000000000341
S0R10747538/1 BH:changed:7	c_000000000341
S0R10747538/1 BH:changed:7	c_000000000341
S0R10752358/1 BH:changed:5	c_000000000341
S0R10752358/1 BH:changed:5	c_000000000341
S0R10763468/1 BH:changed:7	c_000000000341
S0R10763468/1 BH:changed:7	c_000000000341
S0R10759918/1 BH:changed:1	c_000000000341
S0R10759918/1 BH:changed:1	c_000000000341
S0R10761677/1 BH:changed:4	c_000000000341
S0R10761677/1 BH:changed:4	c_000000000341
S0R10770545/1 BH:changed:1	c_000000000341
S0R10770545/1 BH:changed:1	c_000000000341
S0R10783601/1 BH:changed:3	c_000000000341
S0R10783601/1 BH:changed:3	c_000000000341
S0R10790106/1 BH:changed:2	c_000000000341
S0R10790106/1 BH:changed:2	c_000000000341
S0R10800490/1 BH:changed:4	c_000000000341
S0R10800490/1 BH:changed:4	c_000000000341
S0R10813531/1 BH:changed:3	c_000000000341
S0R10813531/1 BH:changed:3	c_000000000341
S0R10820837/1 BH:changed:5	c_000000000341
S0R10820837/1 BH:changed:5	c_000000000341
S0R10820576/1 BH:changed:3	c_000000000341
S0R10820576/1 BH:changed:3	c_000000000341
S0R10827653/1 BH:changed:3	c_000000000341
S0R10827653/1 BH:changed:3	c_000000000341
S0R10834261/1 BH:changed:4	c_000000000341
S0R10834261/1 BH:changed:4	c_000000000341
S0R10837902/1 BH:changed:3	c_000000000341
S0R10837902/1 BH:changed:3	c_000000000341
S0R10838286/1 BH:changed:3	c_000000000341
S0R10838286/1 BH:changed:3	c_000000000341
S0R10849442/1 BH:changed:2	c_000000000341
S0R10849442/1 BH:changed:2	c_000000000341
S0R10847110/1 BH:changed:3	c_000000000341
S0R10847110/1 BH:changed:3	c_000000000341
S0R10857099/1 BH:changed:6	c_000000000341
S0R10857099/1 BH:changed:6	c_000000000341
S0R10849775/1 BH:changed:3	c_000000000341
S0R10849775/1 BH:changed:3	c_000000000341
S0R10850636/1 BH:changed:1	c_000000000341
S0R10850636/1 BH:changed:1	c_000000000341
S0R10864731/1 BH:ok	c_000000000341
S0R10864731/1 BH:ok	c_000000000341
S0R10876153/1 BH:changed:6	c_000000000341
S0R10876153/1 BH:changed:6	c_000000000341
S0R10877591/1 BH:changed:4	c_000000000341
S0R10877591/1 BH:changed:4	c_000000000341
S0R10885442/1 BH:changed:1	c_000000000341
S0R10885442/1 BH:changed:1	c_000000000341
S0R10884714/1 BH:changed:1	c_000000000341
S0R10884714/1 BH:changed:1	c_000000000341
S0R10904496/1 BH:changed:2	c_000000000341
S0R10904496/1 BH:changed:2	c_000000000341
S0R10909183/1 BH:changed:7	c_000000000341
S0R10909183/1 BH:changed:7	c_000000000341
S0R10911826/1 BH:changed:3	c_000000000341
S0R10911826/1 BH:changed:3	c_000000000341
S0R10919851/1 BH:changed:1	c_000000000341
S0R10919851/1 BH:changed:1	c_000000000341
S0R10932804/1 BH:changed:4	c_000000000341
S0R10932804/1 BH:changed:4	c_000000000341
S0R10927128/1 BH:changed:4	c_000000000341
S0R10927128/1 BH:changed:4	c_000000000341
S0R10948215/1 BH:changed:4	c_000000000341
S0R10948215/1 BH:changed:4	c_000000000341
S0R10941637/1 BH:changed:7	c_000000000341
S0R10941637/1 BH:changed:7	c_000000000341
S0R10953681/1 BH:changed:1	c_000000000341
S0R10953681/1 BH:changed:1	c_000000000341
S0R10939025/1 BH:changed:4	c_000000000341
S0R10939025/1 BH:changed:4	c_000000000341
S0R10949286/1 BH:changed:3	c_000000000341
S0R10949286/1 BH:changed:3	c_000000000341
S0R10950417/1 BH:changed:3	c_000000000341
S0R10950417/1 BH:changed:3	c_000000000341
S0R10962062/1 BH:changed:6	c_000000000341
S0R10962062/1 BH:changed:6	c_000000000341
S0R10961507/1 BH:changed:1	c_000000000341
S0R10961507/1 BH:changed:1	c_000000000341
S0R10975846/1 BH:changed:4	c_000000000341
S0R10975846/1 BH:changed:4	c_000000000341
S0R10979575/1 BH:changed:3	c_000000000341
S0R10979575/1 BH:changed:3	c_000000000341
S0R10985259/1 BH:changed:2	c_000000000341
S0R10985259/1 BH:changed:2	c_000000000341
S0R10979800/1 BH:changed:2	c_000000000341
S0R10979800/1 BH:changed:2	c_000000000341
S0R10987547/1 BH:changed:1	c_000000000341
S0R10987547/1 BH:changed:1	c_000000000341
S0R10988431/1 BH:changed:4	c_000000000341
S0R10988431/1 BH:changed:4	c_000000000341
S0R10984697/1 BH:changed:1	c_000000000341
S0R10984697/1 BH:changed:1	c_000000000341
S0R11005603/1 BH:changed:4	c_000000000341
S0R11005603/1 BH:changed:4	c_000000000341
S0R10992724/1 BH:changed:3	c_000000000341
S0R10992724/1 BH:changed:3	c_000000000341
S0R11017374/1 BH:changed:4	c_000000000341
S0R11017374/1 BH:changed:4	c_000000000341
S0R11033933/1 BH:changed:4	c_000000000341
S0R11033933/1 BH:changed:4	c_000000000341
S0R11035955/1 BH:changed:4	c_000000000341
S0R11035955/1 BH:changed:4	c_000000000341
S0R11032484/1 BH:changed:2	c_000000000341
S0R11032484/1 BH:changed:2	c_000000000341
S0R11038286/1 BH:changed:2	c_000000000341
S0R11038286/1 BH:changed:2	c_000000000341
S0R11042708/1 BH:changed:4	c_000000000341
S0R11042708/1 BH:changed:4	c_000000000341
S0R11049657/1 BH:changed:1	c_000000000341
S0R11049657/1 BH:changed:1	c_000000000341
S0R11057036/1 BH:changed:5	c_000000000341
S0R11057036/1 BH:changed:5	c_000000000341
S0R11059015/1 BH:changed:3	c_000000000341
S0R11059015/1 BH:changed:3	c_000000000341
S0R11059049/1 BH:changed:1	c_000000000341
S0R11059049/1 BH:changed:1	c_000000000341
S0R11064603/1 BH:changed:2	c_000000000341
S0R11064603/1 BH:changed:2	c_000000000341
S0R11073180/1 BH:changed:3	c_000000000341
S0R11073180/1 BH:changed:3	c_000000000341
S0R11073840/1 BH:changed:3	c_000000000341
S0R11073840/1 BH:changed:3	c_000000000341
S0R11080109/1 BH:ok	c_000000000341
S0R11080109/1 BH:ok	c_000000000341
S0R11082558/1 BH:changed:5	c_000000000341
S0R11082558/1 BH:changed:5	c_000000000341
S0R11089325/1 BH:changed:2	c_000000000341
S0R11089325/1 BH:changed:2	c_000000000341
S0R11105138/1 BH:changed:4	c_000000000341
S0R11105138/1 BH:changed:4	c_000000000341
S0R11106820/1 BH:changed:1	c_000000000341
S0R11106820/1 BH:changed:1	c_000000000341
S0R11107798/1 BH:changed:5	c_000000000341
S0R11107798/1 BH:changed:5	c_000000000341
S0R11113065/1 BH:failed	c_000000000341
S0R11113065/1 BH:failed	c_000000000341
S0R11114999/1 BH:changed:2	c_000000000341
S0R11114999/1 BH:changed:2	c_000000000341
S0R11128225/1 BH:changed:5	c_000000000341
S0R11128225/1 BH:changed:5	c_000000000341
S0R11150145/1 BH:changed:1	c_000000000341
S0R11150145/1 BH:changed:1	c_000000000341
S0R11143971/1 BH:changed:4	c_000000000341
S0R11143971/1 BH:changed:4	c_000000000341
S0R11147156/1 BH:changed:2	c_000000000341
S0R11147156/1 BH:changed:2	c_000000000341
S0R11155422/1 BH:ok	c_000000000341
S0R11155422/1 BH:ok	c_000000000341
S0R11157018/1 BH:changed:3	c_000000000341
S0R11157018/1 BH:changed:3	c_000000000341
S0R11160067/1 BH:changed:10	c_000000000341
S0R11160067/1 BH:changed:10	c_000000000341
S0R11167442/1 BH:changed:6	c_000000000341
S0R11167442/1 BH:changed:6	c_000000000341
S0R11175584/1 BH:changed:2	c_000000000341
S0R11175584/1 BH:changed:2	c_000000000341
S0R11178370/1 BH:changed:2	c_000000000341
S0R11178370/1 BH:changed:2	c_000000000341
S0R11174552/1 BH:changed:2	c_000000000341
S0R11174552/1 BH:changed:2	c_000000000341
S0R11198399/1 BH:changed:5	c_000000000341
S0R11198399/1 BH:changed:5	c_000000000341
S0R11210004/1 BH:changed:3	c_000000000341
S0R11210004/1 BH:changed:3	c_000000000341
S0R11213121/1 BH:changed:5	c_000000000341
S0R11213121/1 BH:changed:5	c_000000000341
S0R11219638/1 BH:changed:3	c_000000000341
S0R11219638/1 BH:changed:3	c_000000000341
S0R11223142/1 BH:changed:1	c_000000000341
S0R11223142/1 BH:changed:1	c_000000000341
S0R11248817/1 BH:changed:3	c_000000000341
S0R11248817/1 BH:changed:3	c_000000000341
S0R11254130/1 BH:changed:5	c_000000000341
S0R11254130/1 BH:changed:5	c_000000000341
S0R11261939/1 BH:failed	c_000000000341
S0R11261939/1 BH:failed	c_000000000341
S0R11237593/1 BH:changed:4	c_000000000341
S0R11237593/1 BH:changed:4	c_000000000341
S0R11256698/1 BH:failed	c_000000000341
S0R11256698/1 BH:failed	c_000000000341
S0R11239337/1 BH:changed:5	c_000000000341
S0R11239337/1 BH:changed:5	c_000000000341
S0R11273668/1 BH:changed:3	c_000000000341
S0R11273668/1 BH:changed:3	c_000000000341
S0R11263835/1 BH:changed:2	c_000000000341
S0R11263835/1 BH:changed:2	c_000000000341
S0R11275926/1 BH:changed:3	c_000000000341
S0R11275926/1 BH:changed:3	c_000000000341
S0R11293867/1 BH:changed:3	c_000000000341
S0R11293867/1 BH:changed:3	c_000000000341
S0R11296768/1 BH:changed:3	c_000000000341
S0R11296768/1 BH:changed:3	c_000000000341
S0R11283605/1 BH:changed:4	c_000000000341
S0R11283605/1 BH:changed:4	c_000000000341
S0R11297274/1 BH:changed:6	c_000000000341
S0R11297274/1 BH:changed:6	c_000000000341
S0R11289782/1 BH:changed:2	c_000000000341
S0R11289782/1 BH:changed:2	c_000000000341
S0R11308390/1 BH:changed:3	c_000000000341
S0R11308390/1 BH:changed:3	c_000000000341
S0R11317273/1 BH:changed:2	c_000000000341
S0R11317273/1 BH:changed:2	c_000000000341
S0R11313678/1 BH:changed:3	c_000000000341
S0R11313678/1 BH:changed:3	c_000000000341
S0R11313640/1 BH:changed:3	c_000000000341
S0R11313640/1 BH:changed:3	c_000000000341
S0R11308985/1 BH:ok	c_000000000341
S0R11308985/1 BH:ok	c_000000000341
S0R11325543/1 BH:changed:4	c_000000000341
S0R11325543/1 BH:changed:4	c_000000000341
S0R11327569/1 BH:changed:2	c_000000000341
S0R11327569/1 BH:changed:2	c_000000000341
S0R11326411/1 BH:changed:1	c_000000000341
S0R11326411/1 BH:changed:1	c_000000000341
S0R11344586/1 BH:ok	c_000000000341
S0R11344586/1 BH:ok	c_000000000341
S0R11342440/1 BH:changed:5	c_000000000341
S0R11342440/1 BH:changed:5	c_000000000341
S0R11336458/1 BH:changed:3	c_000000000341
S0R11336458/1 BH:changed:3	c_000000000341
S0R11352088/1 BH:changed:5	c_000000000341
S0R11352088/1 BH:changed:5	c_000000000341
S0R11335867/1 BH:changed:5	c_000000000341
S0R11335867/1 BH:changed:5	c_000000000341
S0R11352231/1 BH:changed:4	c_000000000341
S0R11352231/1 BH:changed:4	c_000000000341
S0R11353915/1 BH:changed:6	c_000000000341
S0R11353915/1 BH:changed:6	c_000000000341
S0R11346638/1 BH:changed:4	c_000000000341
S0R11346638/1 BH:changed:4	c_000000000341
S0R11369299/1 BH:changed:3	c_000000000341
S0R11369299/1 BH:changed:3	c_000000000341
S0R11362685/1 BH:changed:4	c_000000000341
S0R11362685/1 BH:changed:4	c_000000000341
S0R11360695/1 BH:changed:1	c_000000000341
S0R11360695/1 BH:changed:1	c_000000000341
S0R11383256/1 BH:changed:2	c_000000000341
S0R11383256/1 BH:changed:2	c_000000000341
S0R11384312/1 BH:changed:1	c_000000000341
S0R11384312/1 BH:changed:1	c_000000000341
S0R11376938/1 BH:changed:3	c_000000000341
S0R11376938/1 BH:changed:3	c_000000000341
S0R11384480/1 BH:changed:3	c_000000000341
S0R11384480/1 BH:changed:3	c_000000000341
S0R11381522/1 BH:changed:3	c_000000000341
S0R11381522/1 BH:changed:3	c_000000000341
S0R11403614/1 BH:ok	c_000000000341
S0R11403614/1 BH:ok	c_000000000341
S0R11405993/1 BH:changed:1	c_000000000341
S0R11405993/1 BH:changed:1	c_000000000341
S0R11410552/1 BH:changed:7	c_000000000341
S0R11410552/1 BH:changed:7	c_000000000341
S0R11399542/1 BH:changed:2	c_000000000341
S0R11399542/1 BH:changed:2	c_000000000341
S0R11419695/1 BH:changed:4	c_000000000341
S0R11419695/1 BH:changed:4	c_000000000341
S0R11419015/1 BH:changed:4	c_000000000341
S0R11419015/1 BH:changed:4	c_000000000341
S0R11424511/1 BH:changed:1	c_000000000341
S0R11424511/1 BH:changed:1	c_000000000341
S0R11428060/1 BH:changed:2	c_000000000341
S0R11428060/1 BH:changed:2	c_000000000341
S0R11430200/1 BH:changed:1	c_000000000341
S0R11430200/1 BH:changed:1	c_000000000341
S0R11435928/1 BH:changed:2	c_000000000341
S0R11435928/1 BH:changed:2	c_000000000341
S0R11441422/1 BH:changed:1	c_000000000341
S0R11438110/1 BH:changed:3	c_000000000341
S0R11438110/1 BH:changed:3	c_000000000341
S0R11448334/1 BH:changed:6	c_000000000341
S0R11448334/1 BH:changed:6	c_000000000341
S0R11461751/1 BH:changed:2	c_000000000341
S0R11461751/1 BH:changed:2	c_000000000341
S0R11463895/1 BH:changed:4	c_000000000341
S0R11463895/1 BH:changed:4	c_000000000341
S0R11468604/1 BH:changed:4	c_000000000341
S0R11468604/1 BH:changed:4	c_000000000341
S0R11472821/1 BH:changed:6	c_000000000341
S0R11472821/1 BH:changed:6	c_000000000341
S0R11474809/1 BH:changed:5	c_000000000341
S0R11474809/1 BH:changed:5	c_000000000341
S0R11494025/1 BH:changed:2	c_000000000341
S0R11494025/1 BH:changed:2	c_000000000341
S0R11495011/1 BH:changed:3	c_000000000341
S0R11495011/1 BH:changed:3	c_000000000341
S0R11475223/1 BH:changed:3	c_000000000341
S0R11475223/1 BH:changed:3	c_000000000341
S0R11493136/1 BH:changed:5	c_000000000341
S0R11493136/1 BH:changed:5	c_000000000341
S0R11485664/1 BH:changed:5	c_000000000341
S0R11485664/1 BH:changed:5	c_000000000341
S0R11533893/1 BH:changed:5	c_000000000341
S0R11533893/1 BH:changed:5	c_000000000341
S0R11541130/1 BH:changed:5	c_000000000341
S0R11541130/1 BH:changed:5	c_000000000341
S0R11540144/1 BH:changed:2	c_000000000341
S0R11540144/1 BH:changed:2	c_000000000341
S0R11547243/1 BH:changed:3	c_000000000341
S0R11547243/1 BH:changed:3	c_000000000341
S0R11539289/1 BH:changed:6	c_000000000341
S0R11539289/1 BH:changed:6	c_000000000341
S0R11547614/1 BH:changed:2	c_000000000341
S0R11547614/1 BH:changed:2	c_000000000341
S0R11554749/1 BH:changed:4	c_000000000341
S0R11554749/1 BH:changed:4	c_000000000341
S0R11564547/1 BH:changed:1	c_000000000341
S0R11564547/1 BH:changed:1	c_000000000341
S0R11528715/1 BH:changed:2	c_000000000341
S0R11528715/1 BH:changed:2	c_000000000341
S0R11534068/1 BH:ok	c_000000000341
S0R11534068/1 BH:ok	c_000000000341
S0R11563105/1 BH:changed:5	c_000000000341
S0R11563105/1 BH:changed:5	c_000000000341
S0R11565405/1 BH:changed:3	c_000000000341
S0R11565405/1 BH:changed:3	c_000000000341
S0R11579041/1 BH:changed:2	c_000000000341
S0R11579041/1 BH:changed:2	c_000000000341
S0R11581451/1 BH:changed:4	c_000000000341
S0R11581451/1 BH:changed:4	c_000000000341
S0R11591071/1 BH:changed:2	c_000000000341
S0R11591071/1 BH:changed:2	c_000000000341
S0R11595026/1 BH:changed:1	c_000000000341
S0R11595026/1 BH:changed:1	c_000000000341
S0R11596621/1 BH:changed:4	c_000000000341
S0R11596621/1 BH:changed:4	c_000000000341
S0R11591515/1 BH:changed:1	c_000000000341
S0R11591515/1 BH:changed:1	c_000000000341
S0R11588869/1 BH:changed:1	c_000000000341
S0R11588869/1 BH:changed:1	c_000000000341
S0R11611361/1 BH:changed:5	c_000000000341
S0R11611361/1 BH:changed:5	c_000000000341
S0R11608345/1 BH:changed:2	c_000000000341
S0R11608345/1 BH:changed:2	c_000000000341
S0R11618062/1 BH:changed:8	c_000000000341
S0R11618062/1 BH:changed:8	c_000000000341
S0R11618819/1 BH:changed:3	c_000000000341
S0R11618819/1 BH:changed:3	c_000000000341
S0R11622401/1 BH:changed:5	c_000000000341
S0R11622401/1 BH:changed:5	c_000000000341
S0R11624490/1 BH:changed:3	c_000000000341
S0R11624490/1 BH:changed:3	c_000000000341
S0R11633316/1 BH:changed:4	c_000000000341
S0R11633316/1 BH:changed:4	c_000000000341
S0R11635732/1 BH:changed:4	c_000000000341
S0R11635732/1 BH:changed:4	c_000000000341
S0R11631959/1 BH:changed:3	c_000000000341
S0R11631959/1 BH:changed:3	c_000000000341
S0R11634979/1 BH:changed:5	c_000000000341
S0R11634979/1 BH:changed:5	c_000000000341
S0R11653966/1 BH:changed:2	c_000000000341
S0R11653966/1 BH:changed:2	c_000000000341
S0R11642495/1 BH:changed:2	c_000000000341
S0R11642495/1 BH:changed:2	c_000000000341
S0R11659481/1 BH:changed:2	c_000000000341
S0R11659481/1 BH:changed:2	c_000000000341
S0R11658491/1 BH:changed:4	c_000000000341
S0R11658491/1 BH:changed:4	c_000000000341
S0R11661432/1 BH:changed:1	c_000000000341
S0R11661432/1 BH:changed:1	c_000000000341
S0R11670899/1 BH:changed:2	c_000000000341
S0R11670899/1 BH:changed:2	c_000000000341
S0R11677597/1 BH:changed:8	c_000000000341
S0R11677597/1 BH:changed:8	c_000000000341
S0R11675367/1 BH:changed:1	c_000000000341
S0R11675367/1 BH:changed:1	c_000000000341
S0R11663771/1 BH:changed:1	c_000000000341
S0R11663771/1 BH:changed:1	c_000000000341
S0R11692402/1 BH:changed:5	c_000000000341
S0R11692402/1 BH:changed:5	c_000000000341
S0R11693771/1 BH:changed:2	c_000000000341
S0R11693771/1 BH:changed:2	c_000000000341
S0R11705065/1 BH:changed:5	c_000000000341
S0R11705065/1 BH:changed:5	c_000000000341
S0R11707053/1 BH:changed:3	c_000000000341
S0R11707053/1 BH:changed:3	c_000000000341
S0R11711893/1 BH:changed:2	c_000000000341
S0R11711893/1 BH:changed:2	c_000000000341
S0R11717168/1 BH:changed:2	c_000000000341
S0R11717168/1 BH:changed:2	c_000000000341
S0R11718357/1 BH:changed:4	c_000000000341
S0R11718357/1 BH:changed:4	c_000000000341
S0R11719430/1 BH:changed:8	c_000000000341
S0R11719430/1 BH:changed:8	c_000000000341
S0R11733324/1 BH:changed:1	c_000000000341
S0R11733324/1 BH:changed:1	c_000000000341
S0R11731613/1 BH:changed:3	c_000000000341
S0R11731613/1 BH:changed:3	c_000000000341
S0R11720784/1 BH:changed:5	c_000000000341
S0R11720784/1 BH:changed:5	c_000000000341
S0R11728277/1 BH:changed:4	c_000000000341
S0R11728277/1 BH:changed:4	c_000000000341
S0R11730554/1 BH:changed:3	c_000000000341
S0R11730554/1 BH:changed:3	c_000000000341
S0R11736368/1 BH:ok	c_000000000341
S0R11736368/1 BH:ok	c_000000000341
S0R11742208/1 BH:changed:3	c_000000000341
S0R11742208/1 BH:changed:3	c_000000000341
S0R11759786/1 BH:changed:2	c_000000000341
S0R11759786/1 BH:changed:2	c_000000000341
S0R11762108/1 BH:changed:3	c_000000000341
S0R11762108/1 BH:changed:3	c_000000000341
S0R11763711/1 BH:changed:4	c_000000000341
S0R11763711/1 BH:changed:4	c_000000000341
S0R11753634/1 BH:changed:1	c_000000000341
S0R11753634/1 BH:changed:1	c_000000000341
S0R11742098/1 BH:changed:3	c_000000000341
S0R11742098/1 BH:changed:3	c_000000000341
S0R11776520/1 BH:changed:5	c_000000000341
S0R11776520/1 BH:changed:5	c_000000000341
S0R11767877/1 BH:changed:1	c_000000000341
S0R11767877/1 BH:changed:1	c_000000000341
S0R11798288/1 BH:changed:3	c_000000000341
S0R11798288/1 BH:changed:3	c_000000000341
S0R11798296/1 BH:changed:4	c_000000000341
S0R11798296/1 BH:changed:4	c_000000000341
S0R11787829/1 BH:changed:3	c_000000000341
S0R11787829/1 BH:changed:3	c_000000000341
S0R11778352/1 BH:changed:3	c_000000000341
S0R11778352/1 BH:changed:3	c_000000000341
S0R11800403/1 BH:changed:4	c_000000000341
S0R11800403/1 BH:changed:4	c_000000000341
S0R11792433/1 BH:changed:2	c_000000000341
S0R11792433/1 BH:changed:2	c_000000000341
S0R11817502/1 BH:changed:6	c_000000000341
S0R11817502/1 BH:changed:6	c_000000000341
S0R11814075/1 BH:changed:2	c_000000000341
S0R11814075/1 BH:changed:2	c_000000000341
S0R11822874/1 BH:changed:5	c_000000000341
S0R11822874/1 BH:changed:5	c_000000000341
S0R11820912/1 BH:changed:3	c_000000000341
S0R11820912/1 BH:changed:3	c_000000000341
S0R11829754/1 BH:changed:4	c_000000000341
S0R11829754/1 BH:changed:4	c_000000000341
S0R11819573/1 BH:changed:1	c_000000000341
S0R11819573/1 BH:changed:1	c_000000000341
S0R11824732/1 BH:changed:2	c_000000000341
S0R11824732/1 BH:changed:2	c_000000000341
S0R11835681/1 BH:changed:1	c_000000000341
S0R11835681/1 BH:changed:1	c_000000000341
S0R11836490/1 BH:changed:5	c_000000000341
S0R11836490/1 BH:changed:5	c_000000000341
S0R11826950/1 BH:changed:2	c_000000000341
S0R11826950/1 BH:changed:2	c_000000000341
S0R11834846/1 BH:changed:4	c_000000000341
S0R11834846/1 BH:changed:4	c_000000000341
S0R11837661/1 BH:changed:4	c_000000000341
S0R11837661/1 BH:changed:4	c_000000000341
S0R11808365/1 BH:changed:5	c_000000000341
S0R11808365/1 BH:changed:5	c_000000000341
S0R11851492/1 BH:changed:3	c_000000000341
S0R11851492/1 BH:changed:3	c_000000000341
S0R11855202/1 BH:changed:3	c_000000000341
S0R11855202/1 BH:changed:3	c_000000000341
S0R11847029/1 BH:changed:4	c_000000000341
S0R11847029/1 BH:changed:4	c_000000000341
S0R11853061/1 BH:changed:5	c_000000000341
S0R11853061/1 BH:changed:5	c_000000000341
S0R11847873/1 BH:changed:4	c_000000000341
S0R11847873/1 BH:changed:4	c_000000000341
S0R11859411/1 BH:changed:4	c_000000000341
S0R11859411/1 BH:changed:4	c_000000000341
S0R11867994/1 BH:changed:3	c_000000000341
S0R11867994/1 BH:changed:3	c_000000000341
S0R11867710/1 BH:changed:7	c_000000000341
S0R11867710/1 BH:changed:7	c_000000000341
S0R11871056/1 BH:changed:2	c_000000000341
S0R11871056/1 BH:changed:2	c_000000000341
S0R11856110/1 BH:changed:1	c_000000000341
S0R11856110/1 BH:changed:1	c_000000000341
S0R11876123/1 BH:changed:2	c_000000000341
S0R11876123/1 BH:changed:2	c_000000000341
S0R11856965/1 BH:changed:5	c_000000000341
S0R11856965/1 BH:changed:5	c_000000000341
S0R11882843/1 BH:changed:1	c_000000000341
S0R11882843/1 BH:changed:1	c_000000000341
S0R11868977/1 BH:changed:5	c_000000000341
S0R11868977/1 BH:changed:5	c_000000000341
S0R11887124/1 BH:changed:2	c_000000000341
S0R11887124/1 BH:changed:2	c_000000000341
S0R11886231/1 BH:changed:3	c_000000000341
S0R11886231/1 BH:changed:3	c_000000000341
S0R11884084/1 BH:changed:5	c_000000000341
S0R11884084/1 BH:changed:5	c_000000000341
S0R11875086/1 BH:changed:3	c_000000000341
S0R11875086/1 BH:changed:3	c_000000000341
S0R11890678/1 BH:changed:3	c_000000000341
S0R11890678/1 BH:changed:3	c_000000000341
S0R11902630/1 BH:changed:1	c_000000000341
S0R11902630/1 BH:changed:1	c_000000000341
S0R11900876/1 BH:changed:6	c_000000000341
S0R11900876/1 BH:changed:6	c_000000000341
S0R11909711/1 BH:changed:7	c_000000000341
S0R11909711/1 BH:changed:7	c_000000000341
S0R11908499/1 BH:changed:6	c_000000000341
S0R11908499/1 BH:changed:6	c_000000000341
S0R11914200/1 BH:changed:6	c_000000000341
S0R11914200/1 BH:changed:6	c_000000000341
S0R11908871/1 BH:changed:2	c_000000000341
S0R11908871/1 BH:changed:2	c_000000000341
S0R11909860/1 BH:changed:2	c_000000000341
S0R11909860/1 BH:changed:2	c_000000000341
S0R11929866/1 BH:failed	c_000000000341
S0R11929866/1 BH:failed	c_000000000341
S0R11942768/1 BH:changed:2	c_000000000341
S0R11942768/1 BH:changed:2	c_000000000341
S0R11942161/1 BH:changed:2	c_000000000341
S0R11942161/1 BH:changed:2	c_000000000341
S0R11944833/1 BH:changed:4	c_000000000341
S0R11944833/1 BH:changed:4	c_000000000341
S0R11947866/1 BH:changed:5	c_000000000341
S0R11947866/1 BH:changed:5	c_000000000341
S0R11965154/1 BH:changed:3	c_000000000341
S0R11965154/1 BH:changed:3	c_000000000341
S0R11965161/1 BH:ok	c_000000000341
S0R11965161/1 BH:ok	c_000000000341
S0R11971753/1 BH:changed:4	c_000000000341
S0R11971753/1 BH:changed:4	c_000000000341
S0R11961735/1 BH:changed:4	c_000000000341
S0R11961735/1 BH:changed:4	c_000000000341
S0R11967357/1 BH:changed:4	c_000000000341
S0R11967357/1 BH:changed:4	c_000000000341
S0R11967381/1 BH:changed:2	c_000000000341
S0R11967381/1 BH:changed:2	c_000000000341
S0R11970465/1 BH:changed:6	c_000000000341
S0R11970465/1 BH:changed:6	c_000000000341
S0R11966108/1 BH:changed:2	c_000000000341
S0R11966108/1 BH:changed:2	c_000000000341
S0R11972505/1 BH:changed:1	c_000000000341
S0R11972505/1 BH:changed:1	c_000000000341
S0R11978434/1 BH:changed:1	c_000000000341
S0R11978434/1 BH:changed:1	c_000000000341
S0R11980162/1 BH:changed:2	c_000000000341
S0R11980162/1 BH:changed:2	c_000000000341
S0R11980223/1 BH:changed:4	c_000000000341
S0R11980223/1 BH:changed:4	c_000000000341
S0R11990855/1 BH:changed:5	c_000000000341
S0R11990855/1 BH:changed:5	c_000000000341
S0R11993198/1 BH:changed:3	c_000000000341
S0R11993198/1 BH:changed:3	c_000000000341
S0R11995779/1 BH:changed:5	c_000000000341
S0R11995779/1 BH:changed:5	c_000000000341
S0R12000019/1 BH:changed:2	c_000000000341
S0R12000019/1 BH:changed:2	c_000000000341
S0R11996293/1 BH:changed:2	c_000000000341
S0R11996293/1 BH:changed:2	c_000000000341
S0R12004303/1 BH:changed:3	c_000000000341
S0R12004303/1 BH:changed:3	c_000000000341
S0R12015724/1 BH:changed:4	c_000000000341
S0R12015724/1 BH:changed:4	c_000000000341
S0R12011159/1 BH:changed:4	c_000000000341
S0R12011159/1 BH:changed:4	c_000000000341
S0R12013759/1 BH:changed:4	c_000000000341
S0R12013759/1 BH:changed:4	c_000000000341
S0R12018482/1 BH:changed:1	c_000000000341
S0R12018482/1 BH:changed:1	c_000000000341
S0R12012485/1 BH:changed:4	c_000000000341
S0R12012485/1 BH:changed:4	c_000000000341
S0R12056804/1 BH:changed:2	c_000000000341
S0R12056804/1 BH:changed:2	c_000000000341
S0R12059088/1 BH:changed:2	c_000000000341
S0R12059088/1 BH:changed:2	c_000000000341
S0R12059879/1 BH:changed:3	c_000000000341
S0R12059879/1 BH:changed:3	c_000000000341
S0R12080322/1 BH:changed:2	c_000000000341
S0R12080322/1 BH:changed:2	c_000000000341
S0R12080221/1 BH:changed:8	c_000000000341
S0R12080221/1 BH:changed:8	c_000000000341
S0R12083832/1 BH:changed:5	c_000000000341
S0R12083832/1 BH:changed:5	c_000000000341
S0R12089298/1 BH:changed:7	c_000000000341
S0R12089298/1 BH:changed:7	c_000000000341
S0R12101918/1 BH:failed	c_000000000341
S0R12101918/1 BH:failed	c_000000000341
S0R12089564/1 BH:changed:4	c_000000000341
S0R12089564/1 BH:changed:4	c_000000000341
S0R12103944/1 BH:failed	c_000000000341
S0R12103944/1 BH:failed	c_000000000341
S0R12109081/1 BH:changed:5	c_000000000341
S0R12109081/1 BH:changed:5	c_000000000341
S0R12104906/1 BH:changed:4	c_000000000341
S0R12104906/1 BH:changed:4	c_000000000341
S0R12111759/1 BH:changed:2	c_000000000341
S0R12111759/1 BH:changed:2	c_000000000341
S0R12111579/1 BH:changed:10	c_000000000341
S0R12111579/1 BH:changed:10	c_000000000341
S0R12117744/1 BH:changed:4	c_000000000341
S0R12117744/1 BH:changed:4	c_000000000341
S0R12110626/1 BH:changed:3	c_000000000341
S0R12110626/1 BH:changed:3	c_000000000341
S0R12118338/1 BH:changed:3	c_000000000341
S0R12118338/1 BH:changed:3	c_000000000341
S0R12124845/1 BH:changed:4	c_000000000341
S0R12124845/1 BH:changed:4	c_000000000341
S0R12127394/1 BH:changed:1	c_000000000341
S0R12127394/1 BH:changed:1	c_000000000341
S0R12136379/1 BH:changed:6	c_000000000341
S0R12136379/1 BH:changed:6	c_000000000341
S0R12141915/1 BH:changed:3	c_000000000341
S0R12141915/1 BH:changed:3	c_000000000341
S0R12160072/1 BH:changed:2	c_000000000341
S0R12160072/1 BH:changed:2	c_000000000341
S0R12157699/1 BH:changed:3	c_000000000341
S0R12157699/1 BH:changed:3	c_000000000341
S0R12169356/1 BH:changed:1	c_000000000341
S0R12169356/1 BH:changed:1	c_000000000341
S0R12165068/1 BH:changed:5	c_000000000341
S0R12165068/1 BH:changed:5	c_000000000341
S0R12195610/1 BH:changed:7	c_000000000341
S0R12195610/1 BH:changed:7	c_000000000341
S0R12191655/1 BH:changed:4	c_000000000341
S0R12191655/1 BH:changed:4	c_000000000341
S0R12191456/1 BH:changed:5	c_000000000341
S0R12191456/1 BH:changed:5	c_000000000341
S0R12219799/1 BH:changed:2	c_000000000341
S0R12219799/1 BH:changed:2	c_000000000341
S0R12192916/1 BH:changed:6	c_000000000341
S0R12192916/1 BH:changed:6	c_000000000341
S0R12221792/1 BH:changed:3	c_000000000341
S0R12221792/1 BH:changed:3	c_000000000341
S0R12220498/1 BH:changed:5	c_000000000341
S0R12220498/1 BH:changed:5	c_000000000341
S0R12228378/1 BH:changed:4	c_000000000341
S0R12228378/1 BH:changed:4	c_000000000341
S0R12234465/1 BH:changed:3	c_000000000341
S0R12234465/1 BH:changed:3	c_000000000341
S0R12230805/1 BH:changed:3	c_000000000341
S0R12230805/1 BH:changed:3	c_000000000341
S0R12233965/1 BH:changed:5	c_000000000341
S0R12233965/1 BH:changed:5	c_000000000341
S0R12242822/1 BH:changed:3	c_000000000341
S0R12242822/1 BH:changed:3	c_000000000341
S0R12242631/1 BH:changed:4	c_000000000341
S0R12242631/1 BH:changed:4	c_000000000341
S0R12244293/1 BH:changed:2	c_000000000341
S0R12244293/1 BH:changed:2	c_000000000341
S0R12257728/1 BH:changed:2	c_000000000341
S0R12257728/1 BH:changed:2	c_000000000341
S0R12266292/1 BH:changed:1	c_000000000341
S0R12266292/1 BH:changed:1	c_000000000341
S0R12254450/1 BH:changed:4	c_000000000341
S0R12254450/1 BH:changed:4	c_000000000341
S0R12264858/1 BH:changed:4	c_000000000341
S0R12264858/1 BH:changed:4	c_000000000341
S0R12271199/1 BH:changed:3	c_000000000341
S0R12271199/1 BH:changed:3	c_000000000341
S0R12268847/1 BH:changed:3	c_000000000341
S0R12268847/1 BH:changed:3	c_000000000341
S0R12259077/1 BH:changed:3	c_000000000341
S0R12259077/1 BH:changed:3	c_000000000341
S0R12274501/1 BH:changed:4	c_000000000341
S0R12274501/1 BH:changed:4	c_000000000341
S0R12278708/1 BH:changed:2	c_000000000341
S0R12278708/1 BH:changed:2	c_000000000341
S0R12301083/1 BH:changed:5	c_000000000341
S0R12301083/1 BH:changed:5	c_000000000341
S0R12312669/1 BH:changed:7	c_000000000341
S0R12312669/1 BH:changed:7	c_000000000341
S0R12304676/1 BH:changed:5	c_000000000341
S0R12304676/1 BH:changed:5	c_000000000341
S0R12317378/1 BH:changed:3	c_000000000341
S0R12317378/1 BH:changed:3	c_000000000341
S0R12330890/1 BH:changed:3	c_000000000341
S0R12330890/1 BH:changed:3	c_000000000341
S0R12325805/1 BH:changed:5	c_000000000341
S0R12325805/1 BH:changed:5	c_000000000341
S0R12330099/1 BH:changed:3	c_000000000341
S0R12330099/1 BH:changed:3	c_000000000341
S0R12340672/1 BH:changed:6	c_000000000341
S0R12340672/1 BH:changed:6	c_000000000341
S0R12317848/1 BH:changed:3	c_000000000341
S0R12317848/1 BH:changed:3	c_000000000341
S0R12343460/1 BH:changed:2	c_000000000341
S0R12343460/1 BH:changed:2	c_000000000341
S0R12339003/1 BH:changed:6	c_000000000341
S0R12339003/1 BH:changed:6	c_000000000341
S0R12341839/1 BH:changed:3	c_000000000341
S0R12341839/1 BH:changed:3	c_000000000341
S0R12357857/1 BH:changed:1	c_000000000341
S0R12357857/1 BH:changed:1	c_000000000341
S0R12354871/1 BH:ok	c_000000000341
S0R12354871/1 BH:ok	c_000000000341
S0R12374034/1 BH:changed:2	c_000000000341
S0R12374034/1 BH:changed:2	c_000000000341
S0R12366405/1 BH:changed:3	c_000000000341
S0R12366405/1 BH:changed:3	c_000000000341
S0R12363103/1 BH:changed:5	c_000000000341
S0R12363103/1 BH:changed:5	c_000000000341
S0R12358558/1 BH:changed:1	c_000000000341
S0R12358558/1 BH:changed:1	c_000000000341
S0R12379473/1 BH:changed:5	c_000000000341
S0R12379473/1 BH:changed:5	c_000000000341
S0R12383602/1 BH:changed:3	c_000000000341
S0R12383602/1 BH:changed:3	c_000000000341
S0R12387296/1 BH:ok	c_000000000341
S0R12387296/1 BH:ok	c_000000000341
S0R12392964/1 BH:changed:2	c_000000000341
S0R12392964/1 BH:changed:2	c_000000000341
S0R12393468/1 BH:changed:2	c_000000000341
S0R12393468/1 BH:changed:2	c_000000000341
S0R12392683/1 BH:changed:6	c_000000000341
S0R12392683/1 BH:changed:6	c_000000000341
S0R12402667/1 BH:changed:2	c_000000000341
S0R12402667/1 BH:changed:2	c_000000000341
S0R12404024/1 BH:changed:4	c_000000000341
S0R12404024/1 BH:changed:4	c_000000000341
S0R12408530/1 BH:changed:4	c_000000000341
S0R12408530/1 BH:changed:4	c_000000000341
S0R12408398/1 BH:changed:2	c_000000000341
S0R12408398/1 BH:changed:2	c_000000000341
S0R12422372/1 BH:changed:2	c_000000000341
S0R12422372/1 BH:changed:2	c_000000000341
S0R12433719/1 BH:failed	c_000000000341
S0R12433719/1 BH:failed	c_000000000341
S0R12436555/1 BH:changed:7	c_000000000341
S0R12436555/1 BH:changed:7	c_000000000341
S0R12431275/1 BH:changed:5	c_000000000341
S0R12431275/1 BH:changed:5	c_000000000341
S0R12444139/1 BH:changed:2	c_000000000341
S0R12444139/1 BH:changed:2	c_000000000341
S0R12444211/1 BH:ok	c_000000000341
S0R12444211/1 BH:ok	c_000000000341
S0R12453278/1 BH:changed:3	c_000000000341
S0R12453278/1 BH:changed:3	c_000000000341
S0R12466728/1 BH:changed:5	c_000000000341
S0R12466728/1 BH:changed:5	c_000000000341
S0R12462218/1 BH:changed:3	c_000000000341
S0R12462218/1 BH:changed:3	c_000000000341
S0R12476358/1 BH:changed:3	c_000000000341
S0R12476358/1 BH:changed:3	c_000000000341
S0R12473575/1 BH:changed:2	c_000000000341
S0R12473575/1 BH:changed:2	c_000000000341
S0R12463819/1 BH:changed:3	c_000000000341
S0R12463819/1 BH:changed:3	c_000000000341
S0R12470328/1 BH:changed:2	c_000000000341
S0R12470328/1 BH:changed:2	c_000000000341
S0R12498760/1 BH:changed:4	c_000000000341
S0R12498760/1 BH:changed:4	c_000000000341
S0R12497538/1 BH:changed:6	c_000000000341
S0R12497538/1 BH:changed:6	c_000000000341
S0R12495902/1 BH:changed:4	c_000000000341
S0R12495902/1 BH:changed:4	c_000000000341
S0R12513989/1 BH:changed:6	c_000000000341
S0R12513989/1 BH:changed:6	c_000000000341
S0R12498249/1 BH:changed:1	c_000000000341
S0R12498249/1 BH:changed:1	c_000000000341
S0R12518954/1 BH:changed:1	c_000000000341
S0R12518954/1 BH:changed:1	c_000000000341
S0R12506990/1 BH:changed:3	c_000000000341
S0R12506990/1 BH:changed:3	c_000000000341
S0R12511834/1 BH:changed:4	c_000000000341
S0R12511834/1 BH:changed:4	c_000000000341
S0R12512564/1 BH:changed:2	c_000000000341
S0R12512564/1 BH:changed:2	c_000000000341
S0R12519411/1 BH:changed:5	c_000000000341
S0R12519411/1 BH:changed:5	c_000000000341
S0R12524828/1 BH:changed:5	c_000000000341
S0R12524828/1 BH:changed:5	c_000000000341
S0R12541102/1 BH:changed:3	c_000000000341
S0R12541102/1 BH:changed:3	c_000000000341
S0R12541182/1 BH:ok	c_000000000341
S0R12541182/1 BH:ok	c_000000000341
S0R12527286/1 BH:changed:4	c_000000000341
S0R12527286/1 BH:changed:4	c_000000000341
S0R12540364/1 BH:changed:1	c_000000000341
S0R12540364/1 BH:changed:1	c_000000000341
S0R12543483/1 BH:changed:3	c_000000000341
S0R12543483/1 BH:changed:3	c_000000000341
S0R12562519/1 BH:changed:3	c_000000000341
S0R12562519/1 BH:changed:3	c_000000000341
S0R12571121/1 BH:changed:1	c_000000000341
S0R12571121/1 BH:changed:1	c_000000000341
S0R12570819/1 BH:changed:3	c_000000000341
S0R12570819/1 BH:changed:3	c_000000000341
S0R12572048/1 BH:changed:3	c_000000000341
S0R12572048/1 BH:changed:3	c_000000000341
S0R12576376/1 BH:changed:2	c_000000000341
S0R12576376/1 BH:changed:2	c_000000000341
S0R12577179/1 BH:changed:3	c_000000000341
S0R12577179/1 BH:changed:3	c_000000000341
S0R12599771/1 BH:changed:3	c_000000000341
S0R12599771/1 BH:changed:3	c_000000000341
S0R12603859/1 BH:changed:2	c_000000000341
S0R12603859/1 BH:changed:2	c_000000000341
S0R12602008/1 BH:changed:3	c_000000000341
S0R12602008/1 BH:changed:3	c_000000000341
S0R12607238/1 BH:changed:4	c_000000000341
S0R12607238/1 BH:changed:4	c_000000000341
S0R12591076/1 BH:changed:4	c_000000000341
S0R12591076/1 BH:changed:4	c_000000000341
S0R12610156/1 BH:changed:3	c_000000000341
S0R12610156/1 BH:changed:3	c_000000000341
S0R12599665/1 BH:changed:1	c_000000000341
S0R12599665/1 BH:changed:1	c_000000000341
S0R12617875/1 BH:changed:4	c_000000000341
S0R12617875/1 BH:changed:4	c_000000000341
S0R12625122/1 BH:changed:1	c_000000000341
S0R12625122/1 BH:changed:1	c_000000000341
S0R12629129/1 BH:changed:1	c_000000000341
S0R12629129/1 BH:changed:1	c_000000000341
S0R12638687/1 BH:changed:3	c_000000000341
S0R12638687/1 BH:changed:3	c_000000000341
S0R12644196/1 BH:changed:5	c_000000000341
S0R12644196/1 BH:changed:5	c_000000000341
S0R12631871/1 BH:changed:4	c_000000000341
S0R12631871/1 BH:changed:4	c_000000000341
S0R12626302/1 BH:changed:1	c_000000000341
S0R12626302/1 BH:changed:1	c_000000000341
S0R12658783/1 BH:changed:3	c_000000000341
S0R12658783/1 BH:changed:3	c_000000000341
S0R12667996/1 BH:changed:3	c_000000000341
S0R12667996/1 BH:changed:3	c_000000000341
S0R12648603/1 BH:changed:1	c_000000000341
S0R12648603/1 BH:changed:1	c_000000000341
S0R12666060/1 BH:ok	c_000000000341
S0R12666060/1 BH:ok	c_000000000341
S0R12669943/1 BH:changed:4	c_000000000341
S0R12669943/1 BH:changed:4	c_000000000341
S0R12686741/1 BH:changed:7	c_000000000341
S0R12686741/1 BH:changed:7	c_000000000341
S0R12668675/1 BH:changed:5	c_000000000341
S0R12668675/1 BH:changed:5	c_000000000341
S0R12696543/1 BH:changed:1	c_000000000341
S0R12696543/1 BH:changed:1	c_000000000341
S0R12703625/1 BH:changed:2	c_000000000341
S0R12703625/1 BH:changed:2	c_000000000341
S0R12705085/1 BH:changed:2	c_000000000341
S0R12705085/1 BH:changed:2	c_000000000341
S0R12705875/1 BH:changed:6	c_000000000341
S0R12705875/1 BH:changed:6	c_000000000341
S0R12725820/1 BH:changed:2	c_000000000341
S0R12725820/1 BH:changed:2	c_000000000341
S0R12725273/1 BH:changed:1	c_000000000341
S0R12725273/1 BH:changed:1	c_000000000341
S0R12745949/1 BH:changed:2	c_000000000341
S0R12745949/1 BH:changed:2	c_000000000341
S0R12743480/1 BH:changed:5	c_000000000341
S0R12743480/1 BH:changed:5	c_000000000341
S0R12739595/1 BH:changed:3	c_000000000341
S0R12739595/1 BH:changed:3	c_000000000341
S0R12767727/1 BH:changed:2	c_000000000341
S0R12767727/1 BH:changed:2	c_000000000341
S0R12779450/1 BH:changed:3	c_000000000341
S0R12779450/1 BH:changed:3	c_000000000341
S0R12778374/1 BH:changed:4	c_000000000341
S0R12778374/1 BH:changed:4	c_000000000341
S0R12785003/1 BH:changed:1	c_000000000341
S0R12785003/1 BH:changed:1	c_000000000341
S0R12785189/1 BH:changed:5	c_000000000341
S0R12785189/1 BH:changed:5	c_000000000341
S0R12780978/1 BH:changed:4	c_000000000341
S0R12780978/1 BH:changed:4	c_000000000341
S0R12797837/1 BH:changed:1	c_000000000341
S0R12797837/1 BH:changed:1	c_000000000341
S0R12800204/1 BH:changed:3	c_000000000341
S0R12800204/1 BH:changed:3	c_000000000341
S0R12795461/1 BH:changed:4	c_000000000341
S0R12795461/1 BH:changed:4	c_000000000341
S0R12806585/1 BH:changed:3	c_000000000341
S0R12806585/1 BH:changed:3	c_000000000341
S0R12801901/1 BH:changed:5	c_000000000341
S0R12801901/1 BH:changed:5	c_000000000341
S0R12806315/1 BH:changed:2	c_000000000341
S0R12806315/1 BH:changed:2	c_000000000341
S0R12819310/1 BH:changed:2	c_000000000341
S0R12819310/1 BH:changed:2	c_000000000341
S0R12823289/1 BH:changed:3	c_000000000341
S0R12823289/1 BH:changed:3	c_000000000341
S0R12835670/1 BH:changed:3	c_000000000341
S0R12835670/1 BH:changed:3	c_000000000341
S0R12836913/1 BH:changed:5	c_000000000341
S0R12836913/1 BH:changed:5	c_000000000341
S0R12830906/1 BH:changed:2	c_000000000341
S0R12830906/1 BH:changed:2	c_000000000341
S0R12819560/1 BH:changed:3	c_000000000341
S0R12819560/1 BH:changed:3	c_000000000341
S0R12830517/1 BH:changed:2	c_000000000341
S0R12830517/1 BH:changed:2	c_000000000341
S0R12832901/1 BH:changed:4	c_000000000341
S0R12832901/1 BH:changed:4	c_000000000341
S0R12832315/1 BH:changed:3	c_000000000341
S0R12832315/1 BH:changed:3	c_000000000341
S0R12845128/1 BH:changed:1	c_000000000341
S0R12845128/1 BH:changed:1	c_000000000341
S0R12861271/1 BH:changed:3	c_000000000341
S0R12861271/1 BH:changed:3	c_000000000341
S0R12854021/1 BH:changed:1	c_000000000341
S0R12854021/1 BH:changed:1	c_000000000341
S0R12860035/1 BH:changed:2	c_000000000341
S0R12860035/1 BH:changed:2	c_000000000341
S0R12858991/1 BH:changed:2	c_000000000341
S0R12858991/1 BH:changed:2	c_000000000341
S0R12857733/1 BH:changed:1	c_000000000341
S0R12857733/1 BH:changed:1	c_000000000341
S0R12873731/1 BH:changed:3	c_000000000341
S0R12873731/1 BH:changed:3	c_000000000341
S0R12872587/1 BH:changed:3	c_000000000341
S0R12872587/1 BH:changed:3	c_000000000341
S0R12886880/1 BH:changed:5	c_000000000341
S0R12886880/1 BH:changed:5	c_000000000341
S0R12883596/1 BH:changed:2	c_000000000341
S0R12883596/1 BH:changed:2	c_000000000341
S0R12889602/1 BH:changed:1	c_000000000341
S0R12889602/1 BH:changed:1	c_000000000341
S0R12884166/1 BH:changed:2	c_000000000341
S0R12884166/1 BH:changed:2	c_000000000341
S0R12881833/1 BH:changed:5	c_000000000341
S0R12881833/1 BH:changed:5	c_000000000341
S0R12887698/1 BH:changed:1	c_000000000341
S0R12887698/1 BH:changed:1	c_000000000341
S0R12897638/1 BH:changed:3	c_000000000341
S0R12897638/1 BH:changed:3	c_000000000341
S0R12905957/1 BH:changed:7	c_000000000341
S0R12905957/1 BH:changed:7	c_000000000341
S0R12897221/1 BH:changed:1	c_000000000341
S0R12897221/1 BH:changed:1	c_000000000341
S0R12905291/1 BH:changed:2	c_000000000341
S0R12905291/1 BH:changed:2	c_000000000341
S0R12894941/1 BH:changed:5	c_000000000341
S0R12894941/1 BH:changed:5	c_000000000341
S0R12910763/1 BH:changed:2	c_000000000341
S0R12910763/1 BH:changed:2	c_000000000341
S0R12910867/1 BH:changed:6	c_000000000341
S0R12910867/1 BH:changed:6	c_000000000341
S0R12918690/1 BH:failed	c_000000000341
S0R12918690/1 BH:failed	c_000000000341
S0R12918847/1 BH:changed:3	c_000000000341
S0R12918847/1 BH:changed:3	c_000000000341
S0R12928426/1 BH:changed:1	c_000000000341
S0R12928426/1 BH:changed:1	c_000000000341
S0R12935146/1 BH:changed:3	c_000000000341
S0R12935146/1 BH:changed:3	c_000000000341
S0R12943155/1 BH:changed:3	c_000000000341
S0R12943155/1 BH:changed:3	c_000000000341
S0R12944667/1 BH:changed:4	c_000000000341
S0R12944667/1 BH:changed:4	c_000000000341
S0R12950820/1 BH:changed:5	c_000000000341
S0R12950820/1 BH:changed:5	c_000000000341
S0R12965352/1 BH:changed:3	c_000000000341
S0R12965352/1 BH:changed:3	c_000000000341
S0R12972564/1 BH:changed:3	c_000000000341
S0R12972564/1 BH:changed:3	c_000000000341
S0R12976749/1 BH:changed:3	c_000000000341
S0R12976749/1 BH:changed:3	c_000000000341
S0R12980088/1 BH:changed:5	c_000000000341
S0R12980088/1 BH:changed:5	c_000000000341
S0R12980213/1 BH:changed:4	c_000000000341
S0R12980213/1 BH:changed:4	c_000000000341
S0R12998411/1 BH:changed:3	c_000000000341
S0R12998411/1 BH:changed:3	c_000000000341
S0R12991428/1 BH:changed:4	c_000000000341
S0R12991428/1 BH:changed:4	c_000000000341
S0R13005983/1 BH:ok	c_000000000341
S0R13005983/1 BH:ok	c_000000000341
S0R13005385/1 BH:changed:3	c_000000000341
S0R13005385/1 BH:changed:3	c_000000000341
S0R12999655/1 BH:changed:4	c_000000000341
S0R12999655/1 BH:changed:4	c_000000000341
S0R12999226/1 BH:changed:8	c_000000000341
S0R12999226/1 BH:changed:8	c_000000000341
S0R13003868/1 BH:changed:2	c_000000000341
S0R13003868/1 BH:changed:2	c_000000000341
S0R13016545/1 BH:changed:3	c_000000000341
S0R13016545/1 BH:changed:3	c_000000000341
S0R13013449/1 BH:changed:2	c_000000000341
S0R13013449/1 BH:changed:2	c_000000000341
S0R13027218/1 BH:changed:3	c_000000000341
S0R13027218/1 BH:changed:3	c_000000000341
S0R13036982/1 BH:changed:2	c_000000000341
S0R13036982/1 BH:changed:2	c_000000000341
S0R13055083/1 BH:changed:6	c_000000000341
S0R13055083/1 BH:changed:6	c_000000000341
S0R13057043/1 BH:changed:1	c_000000000341
S0R13057043/1 BH:changed:1	c_000000000341
S0R13050438/1 BH:changed:1	c_000000000341
S0R13050438/1 BH:changed:1	c_000000000341
S0R13056484/1 BH:changed:5	c_000000000341
S0R13056484/1 BH:changed:5	c_000000000341
S0R13064416/1 BH:changed:2	c_000000000341
S0R13064416/1 BH:changed:2	c_000000000341
S0R13084812/1 BH:changed:3	c_000000000341
S0R13084812/1 BH:changed:3	c_000000000341
S0R13084973/1 BH:changed:5	c_000000000341
S0R13084973/1 BH:changed:5	c_000000000341
S0R13075513/1 BH:changed:2	c_000000000341
S0R13075513/1 BH:changed:2	c_000000000341
S0R13072913/1 BH:changed:4	c_000000000341
S0R13072913/1 BH:changed:4	c_000000000341
S0R13080989/1 BH:changed:5	c_000000000341
S0R13080989/1 BH:changed:5	c_000000000341
S0R13093797/1 BH:changed:3	c_000000000341
S0R13093797/1 BH:changed:3	c_000000000341
S0R13093645/1 BH:changed:3	c_000000000341
S0R13093645/1 BH:changed:3	c_000000000341
S0R13093741/1 BH:changed:3	c_000000000341
S0R13093741/1 BH:changed:3	c_000000000341
S0R13078971/1 BH:changed:4	c_000000000341
S0R13078971/1 BH:changed:4	c_000000000341
S0R13088923/1 BH:changed:3	c_000000000341
S0R13088923/1 BH:changed:3	c_000000000341
S0R13102027/1 BH:changed:3	c_000000000341
S0R13102027/1 BH:changed:3	c_000000000341
S0R13101571/1 BH:changed:2	c_000000000341
S0R13101571/1 BH:changed:2	c_000000000341
S0R13103249/1 BH:changed:2	c_000000000341
S0R13103249/1 BH:changed:2	c_000000000341
S0R13090879/1 BH:changed:2	c_000000000341
S0R13090879/1 BH:changed:2	c_000000000341
S0R13100322/1 BH:changed:3	c_000000000341
S0R13100322/1 BH:changed:3	c_000000000341
S0R13113330/1 BH:changed:5	c_000000000341
S0R13113330/1 BH:changed:5	c_000000000341
S0R13113998/1 BH:changed:5	c_000000000341
S0R13113998/1 BH:changed:5	c_000000000341
S0R13100565/1 BH:changed:4	c_000000000341
S0R13100565/1 BH:changed:4	c_000000000341
S0R13115537/1 BH:changed:2	c_000000000341
S0R13115537/1 BH:changed:2	c_000000000341
S0R13133896/1 BH:changed:2	c_000000000341
S0R13133896/1 BH:changed:2	c_000000000341
S0R13132258/1 BH:changed:6	c_000000000341
S0R13132258/1 BH:changed:6	c_000000000341
S0R13142154/1 BH:changed:1	c_000000000341
S0R13142154/1 BH:changed:1	c_000000000341
S0R13145840/1 BH:changed:3	c_000000000341
S0R13145840/1 BH:changed:3	c_000000000341
S0R13143701/1 BH:changed:3	c_000000000341
S0R13143701/1 BH:changed:3	c_000000000341
S0R13137813/1 BH:changed:5	c_000000000341
S0R13137813/1 BH:changed:5	c_000000000341
S0R13146775/1 BH:changed:10	c_000000000341
S0R13146775/1 BH:changed:10	c_000000000341
S0R13149616/1 BH:changed:2	c_000000000341
S0R13149616/1 BH:changed:2	c_000000000341
S0R13129449/1 BH:changed:4	c_000000000341
S0R13129449/1 BH:changed:4	c_000000000341
S0R13138373/1 BH:changed:2	c_000000000341
S0R13138373/1 BH:changed:2	c_000000000341
S0R13152163/1 BH:changed:6	c_000000000341
S0R13152163/1 BH:changed:6	c_000000000341
S0R13156161/1 BH:changed:5	c_000000000341
S0R13156161/1 BH:changed:5	c_000000000341
S0R13168954/1 BH:changed:4	c_000000000341
S0R13168954/1 BH:changed:4	c_000000000341
S0R13172809/1 BH:changed:4	c_000000000341
S0R13172809/1 BH:changed:4	c_000000000341
S0R13180699/1 BH:changed:1	c_000000000341
S0R13180699/1 BH:changed:1	c_000000000341
S0R13178845/1 BH:changed:5	c_000000000341
S0R13178845/1 BH:changed:5	c_000000000341
S0R13181027/1 BH:changed:2	c_000000000341
S0R13181027/1 BH:changed:2	c_000000000341
S0R13171039/1 BH:changed:2	c_000000000341
S0R13171039/1 BH:changed:2	c_000000000341
S0R13186185/1 BH:changed:2	c_000000000341
S0R13186185/1 BH:changed:2	c_000000000341
S0R13190805/1 BH:changed:5	c_000000000341
S0R13190805/1 BH:changed:5	c_000000000341
S0R13201646/1 BH:changed:5	c_000000000341
S0R13201646/1 BH:changed:5	c_000000000341
S0R13212442/1 BH:changed:3	c_000000000341
S0R13212442/1 BH:changed:3	c_000000000341
S0R13218565/1 BH:changed:5	c_000000000341
S0R13218565/1 BH:changed:5	c_000000000341
S0R13218302/1 BH:changed:1	c_000000000341
S0R13218302/1 BH:changed:1	c_000000000341
S0R13238650/1 BH:changed:4	c_000000000341
S0R13238650/1 BH:changed:4	c_000000000341
S0R13217006/1 BH:changed:4	c_000000000341
S0R13217006/1 BH:changed:4	c_000000000341
S0R13234060/1 BH:changed:1	c_000000000341
S0R13234060/1 BH:changed:1	c_000000000341
S0R13253064/1 BH:changed:7	c_000000000341
S0R13253064/1 BH:changed:7	c_000000000341
S0R13257239/1 BH:changed:3	c_000000000341
S0R13257239/1 BH:changed:3	c_000000000341
S0R13261530/1 BH:changed:1	c_000000000341
S0R13261530/1 BH:changed:1	c_000000000341
S0R13244019/1 BH:changed:4	c_000000000341
S0R13244019/1 BH:changed:4	c_000000000341
S0R13265740/1 BH:changed:8	c_000000000341
S0R13265740/1 BH:changed:8	c_000000000341
S0R13274661/1 BH:changed:1	c_000000000341
S0R13274661/1 BH:changed:1	c_000000000341
S0R13277264/1 BH:changed:1	c_000000000341
S0R13277264/1 BH:changed:1	c_000000000341
S0R13271654/1 BH:changed:2	c_000000000341
S0R13271654/1 BH:changed:2	c_000000000341
S0R13274904/1 BH:changed:3	c_000000000341
S0R13274904/1 BH:changed:3	c_000000000341
S0R13287582/1 BH:changed:5	c_000000000341
S0R13287582/1 BH:changed:5	c_000000000341
S0R13267194/1 BH:changed:2	c_000000000341
S0R13267194/1 BH:changed:2	c_000000000341
S0R13281035/1 BH:changed:1	c_000000000341
S0R13281035/1 BH:changed:1	c_000000000341
S0R13299506/1 BH:changed:3	c_000000000341
S0R13299506/1 BH:changed:3	c_000000000341
S0R13310405/1 BH:changed:4	c_000000000341
S0R13310405/1 BH:changed:4	c_000000000341
S0R13302283/1 BH:changed:2	c_000000000341
S0R13302283/1 BH:changed:2	c_000000000341
S0R13318643/1 BH:changed:2	c_000000000341
S0R13318643/1 BH:changed:2	c_000000000341
S0R13319293/1 BH:changed:2	c_000000000341
S0R13319293/1 BH:changed:2	c_000000000341
S0R13311591/1 BH:changed:1	c_000000000341
S0R13311591/1 BH:changed:1	c_000000000341
S0R13333497/1 BH:changed:4	c_000000000341
S0R13333497/1 BH:changed:4	c_000000000341
S0R13321816/1 BH:changed:4	c_000000000341
S0R13321816/1 BH:changed:4	c_000000000341
S0R13325848/1 BH:changed:6	c_000000000341
S0R13325848/1 BH:changed:6	c_000000000341
S0R13342403/1 BH:changed:2	c_000000000341
S0R13342403/1 BH:changed:2	c_000000000341
S0R13329270/1 BH:changed:3	c_000000000341
S0R13329270/1 BH:changed:3	c_000000000341
S0R13356020/1 BH:changed:3	c_000000000341
S0R13356020/1 BH:changed:3	c_000000000341
S0R13348160/1 BH:changed:2	c_000000000341
S0R13348160/1 BH:changed:2	c_000000000341
S0R13362307/1 BH:changed:3	c_000000000341
S0R13362307/1 BH:changed:3	c_000000000341
S0R13367812/1 BH:changed:4	c_000000000341
S0R13367812/1 BH:changed:4	c_000000000341
S0R13387976/1 BH:changed:6	c_000000000341
S0R13387976/1 BH:changed:6	c_000000000341
S0R13390773/1 BH:changed:2	c_000000000341
S0R13390773/1 BH:changed:2	c_000000000341
S0R13401070/1 BH:changed:7	c_000000000341
S0R13401070/1 BH:changed:7	c_000000000341
S0R13388467/1 BH:changed:2	c_000000000341
S0R13388467/1 BH:changed:2	c_000000000341
S0R13396565/1 BH:changed:6	c_000000000341
S0R13396565/1 BH:changed:6	c_000000000341
S0R13406979/1 BH:changed:2	c_000000000341
S0R13406979/1 BH:changed:2	c_000000000341
S0R13409009/1 BH:changed:2	c_000000000341
S0R13409009/1 BH:changed:2	c_000000000341
S0R13411560/1 BH:changed:4	c_000000000341
S0R13411560/1 BH:changed:4	c_000000000341
S0R13411603/1 BH:changed:5	c_000000000341
S0R13411603/1 BH:changed:5	c_000000000341
S0R13421745/1 BH:changed:4	c_000000000341
S0R13421745/1 BH:changed:4	c_000000000341
S0R13435687/1 BH:changed:3	c_000000000341
S0R13435687/1 BH:changed:3	c_000000000341
S0R13438542/1 BH:changed:2	c_000000000341
S0R13438542/1 BH:changed:2	c_000000000341
S0R13441825/1 BH:changed:2	c_000000000341
S0R13441825/1 BH:changed:2	c_000000000341
S0R13461795/1 BH:changed:3	c_000000000341
S0R13461795/1 BH:changed:3	c_000000000341
S0R13467704/1 BH:changed:4	c_000000000341
S0R13467704/1 BH:changed:4	c_000000000341
S0R13467746/1 BH:changed:1	c_000000000341
S0R13467746/1 BH:changed:1	c_000000000341
S0R13463331/1 BH:changed:1	c_000000000341
S0R13463331/1 BH:changed:1	c_000000000341
S0R13476399/1 BH:changed:3	c_000000000341
S0R13476399/1 BH:changed:3	c_000000000341
S0R13451542/1 BH:changed:2	c_000000000341
S0R13451542/1 BH:changed:2	c_000000000341
S0R13467367/1 BH:changed:2	c_000000000341
S0R13467367/1 BH:changed:2	c_000000000341
S0R13469607/1 BH:changed:1	c_000000000341
S0R13469607/1 BH:changed:1	c_000000000341
S0R13483662/1 BH:changed:4	c_000000000341
S0R13483662/1 BH:changed:4	c_000000000341
S0R13503249/1 BH:changed:1	c_000000000341
S0R13503249/1 BH:changed:1	c_000000000341
S0R13529816/1 BH:changed:3	c_000000000341
S0R13529816/1 BH:changed:3	c_000000000341
S0R13528097/1 BH:changed:3	c_000000000341
S0R13528097/1 BH:changed:3	c_000000000341
S0R13550380/1 BH:changed:1	c_000000000341
S0R13550380/1 BH:changed:1	c_000000000341
S0R13554847/1 BH:changed:2	c_000000000341
S0R13554847/1 BH:changed:2	c_000000000341
S0R13560140/1 BH:changed:1	c_000000000341
S0R13560140/1 BH:changed:1	c_000000000341
S0R13560149/1 BH:changed:4	c_000000000341
S0R13560149/1 BH:changed:4	c_000000000341
S0R13565027/1 BH:changed:3	c_000000000341
S0R13565027/1 BH:changed:3	c_000000000341
S0R13556846/1 BH:changed:3	c_000000000341
S0R13556846/1 BH:changed:3	c_000000000341
S0R13572667/1 BH:changed:2	c_000000000341
S0R13572667/1 BH:changed:2	c_000000000341
S0R13578092/1 BH:changed:2	c_000000000341
S0R13578092/1 BH:changed:2	c_000000000341
S0R13566352/1 BH:changed:5	c_000000000341
S0R13566352/1 BH:changed:5	c_000000000341
S0R13563437/1 BH:changed:1	c_000000000341
S0R13563437/1 BH:changed:1	c_000000000341
S0R13590538/1 BH:changed:1	c_000000000341
S0R13590538/1 BH:changed:1	c_000000000341
S0R13612772/1 BH:changed:2	c_000000000341
S0R13612772/1 BH:changed:2	c_000000000341
S0R13601158/1 BH:changed:3	c_000000000341
S0R13601158/1 BH:changed:3	c_000000000341
S0R13617791/1 BH:changed:1	c_000000000341
S0R13617791/1 BH:changed:1	c_000000000341
S0R13638591/1 BH:changed:4	c_000000000341
S0R13638591/1 BH:changed:4	c_000000000341
S0R13625487/1 BH:changed:4	c_000000000341
S0R13625487/1 BH:changed:4	c_000000000341
S0R13639782/1 BH:changed:2	c_000000000341
S0R13639782/1 BH:changed:2	c_000000000341
S0R13652874/1 BH:changed:2	c_000000000341
S0R13652874/1 BH:changed:2	c_000000000341
S0R13654559/1 BH:changed:2	c_000000000341
S0R13654559/1 BH:changed:2	c_000000000341
S0R13646600/1 BH:changed:2	c_000000000341
S0R13646600/1 BH:changed:2	c_000000000341
S0R13660827/1 BH:changed:4	c_000000000341
S0R13660827/1 BH:changed:4	c_000000000341
S0R13665028/1 BH:changed:3	c_000000000341
S0R13665028/1 BH:changed:3	c_000000000341
S0R13664501/1 BH:changed:4	c_000000000341
S0R13664501/1 BH:changed:4	c_000000000341
S0R13691982/1 BH:changed:4	c_000000000341
S0R13691982/1 BH:changed:4	c_000000000341
S0R13692751/1 BH:changed:5	c_000000000341
S0R13692751/1 BH:changed:5	c_000000000341
S0R13689849/1 BH:changed:4	c_000000000341
S0R13689849/1 BH:changed:4	c_000000000341
S0R13684314/1 BH:changed:1	c_000000000341
S0R13684314/1 BH:changed:1	c_000000000341
S0R13693148/1 BH:changed:2	c_000000000341
S0R13693148/1 BH:changed:2	c_000000000341
S0R13697211/1 BH:changed:9	c_000000000341
S0R13697211/1 BH:changed:9	c_000000000341
S0R13719256/1 BH:changed:6	c_000000000341
S0R13719256/1 BH:changed:6	c_000000000341
S0R13715209/1 BH:changed:1	c_000000000341
S0R13715209/1 BH:changed:1	c_000000000341
S0R13722843/1 BH:changed:3	c_000000000341
S0R13722843/1 BH:changed:3	c_000000000341
S0R13735956/1 BH:changed:4	c_000000000341
S0R13735956/1 BH:changed:4	c_000000000341
S0R13745483/1 BH:changed:3	c_000000000341
S0R13745483/1 BH:changed:3	c_000000000341
S0R13750579/1 BH:changed:2	c_000000000341
S0R13750579/1 BH:changed:2	c_000000000341
S0R13754677/1 BH:changed:3	c_000000000341
S0R13754677/1 BH:changed:3	c_000000000341
S0R13749442/1 BH:changed:3	c_000000000341
S0R13749442/1 BH:changed:3	c_000000000341
S0R13759115/1 BH:changed:3	c_000000000341
S0R13759115/1 BH:changed:3	c_000000000341
S0R13768682/1 BH:changed:4	c_000000000341
S0R13768682/1 BH:changed:4	c_000000000341
S0R13771299/1 BH:changed:2	c_000000000341
S0R13771299/1 BH:changed:2	c_000000000341
S0R13770278/1 BH:changed:4	c_000000000341
S0R13770278/1 BH:changed:4	c_000000000341
S0R13764992/1 BH:changed:4	c_000000000341
S0R13764992/1 BH:changed:4	c_000000000341
S0R13775443/1 BH:changed:2	c_000000000341
S0R13775443/1 BH:changed:2	c_000000000341
S0R13782697/1 BH:changed:4	c_000000000341
S0R13782697/1 BH:changed:4	c_000000000341
S0R13792311/1 BH:changed:1	c_000000000341
S0R13792311/1 BH:changed:1	c_000000000341
S0R13791865/1 BH:changed:5	c_000000000341
S0R13791865/1 BH:changed:5	c_000000000341
S0R13791718/1 BH:changed:1	c_000000000341
S0R13791718/1 BH:changed:1	c_000000000341
S0R13806836/1 BH:changed:2	c_000000000341
S0R13806836/1 BH:changed:2	c_000000000341
S0R13810945/1 BH:changed:5	c_000000000341
S0R13810945/1 BH:changed:5	c_000000000341
S0R13819661/1 BH:changed:2	c_000000000341
S0R13819661/1 BH:changed:2	c_000000000341
S0R13822026/1 BH:changed:7	c_000000000341
S0R13822026/1 BH:changed:7	c_000000000341
S0R13824608/1 BH:changed:1	c_000000000341
S0R13824608/1 BH:changed:1	c_000000000341
S0R13826097/1 BH:changed:7	c_000000000341
S0R13826097/1 BH:changed:7	c_000000000341
S0R13836279/1 BH:changed:2	c_000000000341
S0R13836279/1 BH:changed:2	c_000000000341
S0R13842127/1 BH:changed:3	c_000000000341
S0R13842127/1 BH:changed:3	c_000000000341
S0R13853034/1 BH:changed:2	c_000000000341
S0R13853034/1 BH:changed:2	c_000000000341
S0R13851857/1 BH:changed:4	c_000000000341
S0R13851857/1 BH:changed:4	c_000000000341
S0R13856210/1 BH:changed:5	c_000000000341
S0R13856210/1 BH:changed:5	c_000000000341
S0R13852751/1 BH:changed:8	c_000000000341
S0R13852751/1 BH:changed:8	c_000000000341
S0R13844296/1 BH:changed:3	c_000000000341
S0R13844296/1 BH:changed:3	c_000000000341
S0R13854443/1 BH:changed:5	c_000000000341
S0R13854443/1 BH:changed:5	c_000000000341
S0R13862998/1 BH:changed:1	c_000000000341
S0R13862998/1 BH:changed:1	c_000000000341
S0R13884060/1 BH:changed:3	c_000000000341
S0R13884060/1 BH:changed:3	c_000000000341
S0R13881854/1 BH:changed:6	c_000000000341
S0R13881854/1 BH:changed:6	c_000000000341
S0R13892211/1 BH:changed:3	c_000000000341
S0R13892211/1 BH:changed:3	c_000000000341
S0R13904709/1 BH:changed:2	c_000000000341
S0R13904709/1 BH:changed:2	c_000000000341
S0R13892147/1 BH:changed:4	c_000000000341
S0R13892147/1 BH:changed:4	c_000000000341
S0R13925288/1 BH:changed:4	c_000000000341
S0R13925288/1 BH:changed:4	c_000000000341
S0R13925303/1 BH:changed:4	c_000000000341
S0R13925303/1 BH:changed:4	c_000000000341
S0R13909627/1 BH:changed:2	c_000000000341
S0R13909627/1 BH:changed:2	c_000000000341
S0R13919100/1 BH:changed:8	c_000000000341
S0R13919100/1 BH:changed:8	c_000000000341
S0R13932218/1 BH:changed:3	c_000000000341
S0R13932218/1 BH:changed:3	c_000000000341
S0R13916224/1 BH:changed:5	c_000000000341
S0R13916224/1 BH:changed:5	c_000000000341
S0R13937568/1 BH:changed:2	c_000000000341
S0R13937568/1 BH:changed:2	c_000000000341
S0R13928897/1 BH:changed:2	c_000000000341
S0R13928897/1 BH:changed:2	c_000000000341
S0R13928955/1 BH:changed:3	c_000000000341
S0R13928955/1 BH:changed:3	c_000000000341
S0R13950873/1 BH:changed:3	c_000000000341
S0R13950873/1 BH:changed:3	c_000000000341
S0R13948861/1 BH:changed:2	c_000000000341
S0R13948861/1 BH:changed:2	c_000000000341
S0R13949635/1 BH:changed:1	c_000000000341
S0R13949635/1 BH:changed:1	c_000000000341
S0R13950820/1 BH:changed:3	c_000000000341
S0R13950820/1 BH:changed:3	c_000000000341
S0R13965757/1 BH:changed:6	c_000000000341
S0R13965757/1 BH:changed:6	c_000000000341
S0R13952781/1 BH:changed:2	c_000000000341
S0R13952781/1 BH:changed:2	c_000000000341
S0R13970292/1 BH:changed:2	c_000000000341
S0R13970292/1 BH:changed:2	c_000000000341
S0R13964441/1 BH:changed:5	c_000000000341
S0R13964441/1 BH:changed:5	c_000000000341
S0R13977379/1 BH:changed:3	c_000000000341
S0R13977379/1 BH:changed:3	c_000000000341
S0R13977088/1 BH:changed:5	c_000000000341
S0R13977088/1 BH:changed:5	c_000000000341
S0R13981574/1 BH:changed:4	c_000000000341
S0R13981574/1 BH:changed:4	c_000000000341
S0R13989170/1 BH:changed:3	c_000000000341
S0R13989170/1 BH:changed:3	c_000000000341
S0R14001843/1 BH:changed:1	c_000000000341
S0R14001843/1 BH:changed:1	c_000000000341
S0R13991035/1 BH:changed:2	c_000000000341
S0R13991035/1 BH:changed:2	c_000000000341
S0R14012936/1 BH:changed:2	c_000000000341
S0R14012936/1 BH:changed:2	c_000000000341
S0R14001411/1 BH:changed:5	c_000000000341
S0R14001411/1 BH:changed:5	c_000000000341
S0R14005332/1 BH:changed:3	c_000000000341
S0R14005332/1 BH:changed:3	c_000000000341
S0R14023444/1 BH:changed:1	c_000000000341
S0R14023444/1 BH:changed:1	c_000000000341
S0R14037310/1 BH:changed:5	c_000000000341
S0R14037310/1 BH:changed:5	c_000000000341
S0R14044846/1 BH:changed:4	c_000000000341
S0R14044846/1 BH:changed:4	c_000000000341
S0R14046821/1 BH:changed:3	c_000000000341
S0R14046821/1 BH:changed:3	c_000000000341
S0R14036285/1 BH:changed:2	c_000000000341
S0R14036285/1 BH:changed:2	c_000000000341
S0R14043825/1 BH:changed:2	c_000000000341
S0R14043825/1 BH:changed:2	c_000000000341
S0R14059689/1 BH:changed:3	c_000000000341
S0R14059689/1 BH:changed:3	c_000000000341
S0R14057759/1 BH:changed:1	c_000000000341
S0R14057759/1 BH:changed:1	c_000000000341
S0R14075345/1 BH:changed:1	c_000000000341
S0R14075345/1 BH:changed:1	c_000000000341
S0R14075381/1 BH:changed:2	c_000000000341
S0R14075381/1 BH:changed:2	c_000000000341
S0R14092804/1 BH:ok	c_000000000341
S0R14092804/1 BH:ok	c_000000000341
S0R14102496/1 BH:changed:3	c_000000000341
S0R14102496/1 BH:changed:3	c_000000000341
S0R14096986/1 BH:changed:3	c_000000000341
S0R14096986/1 BH:changed:3	c_000000000341
S0R14096118/1 BH:changed:1	c_000000000341
S0R14096118/1 BH:changed:1	c_000000000341
S0R14112442/1 BH:changed:1	c_000000000341
S0R14112442/1 BH:changed:1	c_000000000341
S0R14105210/1 BH:changed:2	c_000000000341
S0R14105210/1 BH:changed:2	c_000000000341
S0R14118513/1 BH:changed:2	c_000000000341
S0R14118513/1 BH:changed:2	c_000000000341
S0R14117904/1 BH:changed:3	c_000000000341
S0R14117904/1 BH:changed:3	c_000000000341
S0R14124542/1 BH:changed:4	c_000000000341
S0R14124542/1 BH:changed:4	c_000000000341
S0R14127156/1 BH:changed:7	c_000000000341
S0R14127156/1 BH:changed:7	c_000000000341
S0R14134771/1 BH:changed:5	c_000000000341
S0R14134771/1 BH:changed:5	c_000000000341
S0R14138811/1 BH:changed:5	c_000000000341
S0R14138811/1 BH:changed:5	c_000000000341
S0R14132430/1 BH:changed:4	c_000000000341
S0R14132430/1 BH:changed:4	c_000000000341
S0R14134602/1 BH:changed:2	c_000000000341
S0R14134602/1 BH:changed:2	c_000000000341
S0R14143772/1 BH:changed:3	c_000000000341
S0R14143772/1 BH:changed:3	c_000000000341
S0R14156347/1 BH:changed:2	c_000000000341
S0R14156347/1 BH:changed:2	c_000000000341
S0R14138322/1 BH:changed:4	c_000000000341
S0R14138322/1 BH:changed:4	c_000000000341
S0R14150067/1 BH:changed:2	c_000000000341
S0R14150067/1 BH:changed:2	c_000000000341
S0R14157974/1 BH:changed:4	c_000000000341
S0R14157974/1 BH:changed:4	c_000000000341
S0R14178301/1 BH:changed:4	c_000000000341
S0R14178301/1 BH:changed:4	c_000000000341
S0R14168236/1 BH:changed:2	c_000000000341
S0R14168236/1 BH:changed:2	c_000000000341
S0R14189547/1 BH:changed:3	c_000000000341
S0R14189547/1 BH:changed:3	c_000000000341
S0R14178855/1 BH:ok	c_000000000341
S0R14178855/1 BH:ok	c_000000000341
S0R14193881/1 BH:changed:1	c_000000000341
S0R14193881/1 BH:changed:1	c_000000000341
S0R14199356/1 BH:changed:1	c_000000000341
S0R14199356/1 BH:changed:1	c_000000000341
S0R14200271/1 BH:changed:3	c_000000000341
S0R14200271/1 BH:changed:3	c_000000000341
S0R14195223/1 BH:changed:3	c_000000000341
S0R14195223/1 BH:changed:3	c_000000000341
S0R14218473/1 BH:changed:4	c_000000000341
S0R14218473/1 BH:changed:4	c_000000000341
S0R14210414/1 BH:changed:5	c_000000000341
S0R14210414/1 BH:changed:5	c_000000000341
S0R14235216/1 BH:changed:2	c_000000000341
S0R14235216/1 BH:changed:2	c_000000000341
S0R14236317/1 BH:changed:3	c_000000000341
S0R14236317/1 BH:changed:3	c_000000000341
S0R14243519/1 BH:changed:3	c_000000000341
S0R14243519/1 BH:changed:3	c_000000000341
S0R14259395/1 BH:ok	c_000000000341
S0R14259395/1 BH:ok	c_000000000341
S0R14259079/1 BH:changed:5	c_000000000341
S0R14259079/1 BH:changed:5	c_000000000341
S0R14251724/1 BH:changed:1	c_000000000341
S0R14251724/1 BH:changed:1	c_000000000341
S0R14253793/1 BH:changed:3	c_000000000341
S0R14253793/1 BH:changed:3	c_000000000341
S0R14261837/1 BH:changed:4	c_000000000341
S0R14261837/1 BH:changed:4	c_000000000341
S0R14269324/1 BH:changed:3	c_000000000341
S0R14269324/1 BH:changed:3	c_000000000341
S0R14286556/1 BH:changed:4	c_000000000341
S0R14286556/1 BH:changed:4	c_000000000341
S0R14280406/1 BH:changed:3	c_000000000341
S0R14280406/1 BH:changed:3	c_000000000341
S0R14275969/1 BH:changed:2	c_000000000341
S0R14275969/1 BH:changed:2	c_000000000341
S0R14296392/1 BH:changed:5	c_000000000341
S0R14296392/1 BH:changed:5	c_000000000341
S0R14294868/1 BH:changed:2	c_000000000341
S0R14294868/1 BH:changed:2	c_000000000341
S0R14315032/1 BH:ok	c_000000000341
S0R14315032/1 BH:ok	c_000000000341
S0R14327179/1 BH:changed:3	c_000000000341
S0R14327179/1 BH:changed:3	c_000000000341
S0R14316677/1 BH:changed:3	c_000000000341
S0R14316677/1 BH:changed:3	c_000000000341
S0R14324485/1 BH:changed:4	c_000000000341
S0R14324485/1 BH:changed:4	c_000000000341
S0R14326979/1 BH:changed:3	c_000000000341
S0R14338278/1 BH:changed:1	c_000000000341
S0R14338278/1 BH:changed:1	c_000000000341
S0R14333098/1 BH:changed:2	c_000000000341
S0R14333098/1 BH:changed:2	c_000000000341
S0R14333405/1 BH:changed:1	c_000000000341
S0R14333405/1 BH:changed:1	c_000000000341
S0R14328684/1 BH:changed:4	c_000000000341
S0R14328684/1 BH:changed:4	c_000000000341
S0R14353545/1 BH:changed:2	c_000000000341
S0R14353545/1 BH:changed:2	c_000000000341
S0R14358306/1 BH:changed:3	c_000000000341
S0R14358306/1 BH:changed:3	c_000000000341
S0R14374749/1 BH:changed:5	c_000000000341
S0R14374749/1 BH:changed:5	c_000000000341
S0R14376393/1 BH:changed:7	c_000000000341
S0R14376393/1 BH:changed:7	c_000000000341
S0R14381497/1 BH:changed:4	c_000000000341
S0R14381497/1 BH:changed:4	c_000000000341
S0R14383329/1 BH:changed:4	c_000000000341
S0R14383329/1 BH:changed:4	c_000000000341
S0R14385182/1 BH:changed:2	c_000000000341
S0R14385182/1 BH:changed:2	c_000000000341
S0R14392508/1 BH:changed:3	c_000000000341
S0R14392508/1 BH:changed:3	c_000000000341
S0R14380713/1 BH:changed:3	c_000000000341
S0R14380713/1 BH:changed:3	c_000000000341
S0R14388789/1 BH:changed:3	c_000000000341
S0R14388789/1 BH:changed:3	c_000000000341
S0R14396221/1 BH:changed:6	c_000000000341
S0R14396221/1 BH:changed:6	c_000000000341
S0R14413991/1 BH:changed:1	c_000000000341
S0R14413991/1 BH:changed:1	c_000000000341
S0R14401967/1 BH:changed:7	c_000000000341
S0R14401967/1 BH:changed:7	c_000000000341
S0R14406624/1 BH:changed:1	c_000000000341
S0R14406624/1 BH:changed:1	c_000000000341
S0R14414124/1 BH:changed:3	c_000000000341
S0R14414124/1 BH:changed:3	c_000000000341
S0R14410779/1 BH:changed:2	c_000000000341
S0R14410779/1 BH:changed:2	c_000000000341
S0R14426551/1 BH:changed:2	c_000000000341
S0R14426551/1 BH:changed:2	c_000000000341
S0R14423511/1 BH:changed:4	c_000000000341
S0R14423511/1 BH:changed:4	c_000000000341
S0R14430811/1 BH:changed:1	c_000000000341
S0R14430811/1 BH:changed:1	c_000000000341
S0R14438757/1 BH:changed:2	c_000000000341
S0R14438757/1 BH:changed:2	c_000000000341
S0R14445439/1 BH:changed:4	c_000000000341
S0R14445439/1 BH:changed:4	c_000000000341
S0R14435305/1 BH:changed:1	c_000000000341
S0R14435305/1 BH:changed:1	c_000000000341
S0R14432961/1 BH:changed:4	c_000000000341
S0R14432961/1 BH:changed:4	c_000000000341
S0R14433513/1 BH:changed:4	c_000000000341
S0R14433513/1 BH:changed:4	c_000000000341
S0R14446082/1 BH:changed:5	c_000000000341
S0R14446082/1 BH:changed:5	c_000000000341
S0R14455692/1 BH:changed:3	c_000000000341
S0R14455692/1 BH:changed:3	c_000000000341
S0R14466313/1 BH:changed:6	c_000000000341
S0R14466313/1 BH:changed:6	c_000000000341
S0R14438507/1 BH:changed:4	c_000000000341
S0R14438507/1 BH:changed:4	c_000000000341
S0R14461010/1 BH:changed:1	c_000000000341
S0R14461010/1 BH:changed:1	c_000000000341
S0R14457008/1 BH:changed:3	c_000000000341
S0R14457008/1 BH:changed:3	c_000000000341
S0R14472802/1 BH:changed:3	c_000000000341
S0R14472802/1 BH:changed:3	c_000000000341
S0R14476813/1 BH:changed:1	c_000000000341
S0R14476813/1 BH:changed:1	c_000000000341
S0R14494040/1 BH:changed:6	c_000000000341
S0R14494040/1 BH:changed:6	c_000000000341
S0R14495410/1 BH:changed:1	c_000000000341
S0R14495410/1 BH:changed:1	c_000000000341
S0R14494568/1 BH:changed:3	c_000000000341
S0R14494568/1 BH:changed:3	c_000000000341
S0R14483386/1 BH:changed:3	c_000000000341
S0R14483386/1 BH:changed:3	c_000000000341
S0R14493506/1 BH:changed:5	c_000000000341
S0R14493506/1 BH:changed:5	c_000000000341
S0R14506830/1 BH:changed:2	c_000000000341
S0R14506830/1 BH:changed:2	c_000000000341
S0R14507018/1 BH:changed:4	c_000000000341
S0R14507018/1 BH:changed:4	c_000000000341
S0R14520016/1 BH:changed:4	c_000000000341
S0R14520016/1 BH:changed:4	c_000000000341
S0R14528652/1 BH:changed:3	c_000000000341
S0R14528652/1 BH:changed:3	c_000000000341
S0R14514889/1 BH:changed:4	c_000000000341
S0R14514889/1 BH:changed:4	c_000000000341
S0R14533482/1 BH:changed:2	c_000000000341
S0R14533482/1 BH:changed:2	c_000000000341
S0R14530271/1 BH:changed:1	c_000000000341
S0R14530271/1 BH:changed:1	c_000000000341
S0R14546216/1 BH:changed:4	c_000000000341
S0R14546216/1 BH:changed:4	c_000000000341
S0R14542728/1 BH:changed:1	c_000000000341
S0R14542728/1 BH:changed:1	c_000000000341
S0R14550395/1 BH:changed:3	c_000000000341
S0R14550395/1 BH:changed:3	c_000000000341
S0R14552374/1 BH:changed:3	c_000000000341
S0R14552374/1 BH:changed:3	c_000000000341
S0R14553115/1 BH:changed:4	c_000000000341
S0R14553115/1 BH:changed:4	c_000000000341
S0R14566464/1 BH:changed:4	c_000000000341
S0R14566464/1 BH:changed:4	c_000000000341
S0R14564488/1 BH:changed:3	c_000000000341
S0R14564488/1 BH:changed:3	c_000000000341
S0R14575846/1 BH:changed:1	c_000000000341
S0R14575846/1 BH:changed:1	c_000000000341
S0R14577359/1 BH:changed:6	c_000000000341
S0R14577359/1 BH:changed:6	c_000000000341
S0R14591467/1 BH:changed:3	c_000000000341
S0R14591467/1 BH:changed:3	c_000000000341
S0R14604062/1 BH:changed:3	c_000000000341
S0R14604062/1 BH:changed:3	c_000000000341
S0R14605641/1 BH:changed:8	c_000000000341
S0R14605641/1 BH:changed:8	c_000000000341
S0R14608995/1 BH:changed:1	c_000000000341
S0R14608995/1 BH:changed:1	c_000000000341
S0R14605761/1 BH:changed:2	c_000000000341
S0R14605761/1 BH:changed:2	c_000000000341
S0R14600408/1 BH:changed:3	c_000000000341
S0R14600408/1 BH:changed:3	c_000000000341
S0R14614610/1 BH:changed:3	c_000000000341
S0R14614610/1 BH:changed:3	c_000000000341
S0R14624269/1 BH:changed:3	c_000000000341
S0R14624269/1 BH:changed:3	c_000000000341
S0R14619798/1 BH:changed:5	c_000000000341
S0R14619798/1 BH:changed:5	c_000000000341
S0R14619838/1 BH:changed:1	c_000000000341
S0R14619838/1 BH:changed:1	c_000000000341
S0R14638075/1 BH:changed:4	c_000000000341
S0R14638075/1 BH:changed:4	c_000000000341
S0R14629554/1 BH:changed:5	c_000000000341
S0R14629554/1 BH:changed:5	c_000000000341
S0R14638966/1 BH:changed:3	c_000000000341
S0R14638966/1 BH:changed:3	c_000000000341
S0R14636495/1 BH:changed:7	c_000000000341
S0R14636495/1 BH:changed:7	c_000000000341
S0R14638620/1 BH:changed:2	c_000000000341
S0R14638620/1 BH:changed:2	c_000000000341
S0R14651059/1 BH:changed:4	c_000000000341
S0R14651059/1 BH:changed:4	c_000000000341
S0R14657212/1 BH:ok	c_000000000341
S0R14657212/1 BH:ok	c_000000000341
S0R14641604/1 BH:changed:2	c_000000000341
S0R14641604/1 BH:changed:2	c_000000000341
S0R14666213/1 BH:changed:1	c_000000000341
S0R14666213/1 BH:changed:1	c_000000000341
S0R14680283/1 BH:changed:5	c_000000000341
S0R14680283/1 BH:changed:5	c_000000000341
S0R14700213/1 BH:changed:1	c_000000000341
S0R14700213/1 BH:changed:1	c_000000000341
S0R14708148/1 BH:changed:5	c_000000000341
S0R14708148/1 BH:changed:5	c_000000000341
S0R14709549/1 BH:changed:4	c_000000000341
S0R14709549/1 BH:changed:4	c_000000000341
S0R14709562/1 BH:changed:1	c_000000000341
S0R14709562/1 BH:changed:1	c_000000000341
S0R14743353/1 BH:changed:3	c_000000000341
S0R14743353/1 BH:changed:3	c_000000000341
S0R14738431/1 BH:changed:5	c_000000000341
S0R14738431/1 BH:changed:5	c_000000000341
S0R14746996/1 BH:changed:3	c_000000000341
S0R14746996/1 BH:changed:3	c_000000000341
S0R14767506/1 BH:changed:2	c_000000000341
S0R14767506/1 BH:changed:2	c_000000000341
S0R14772907/1 BH:changed:5	c_000000000341
S0R14772907/1 BH:changed:5	c_000000000341
S0R14758072/1 BH:changed:3	c_000000000341
S0R14758072/1 BH:changed:3	c_000000000341
S0R14779195/1 BH:changed:3	c_000000000341
S0R14779195/1 BH:changed:3	c_000000000341
S0R14779995/1 BH:changed:2	c_000000000341
S0R14779995/1 BH:changed:2	c_000000000341
S0R14783471/1 BH:changed:4	c_000000000341
S0R14783471/1 BH:changed:4	c_000000000341
S0R14778093/1 BH:changed:3	c_000000000341
S0R14778093/1 BH:changed:3	c_000000000341
S0R14769588/1 BH:changed:1	c_000000000341
S0R14769588/1 BH:changed:1	c_000000000341
S0R14778912/1 BH:changed:6	c_000000000341
S0R14778912/1 BH:changed:6	c_000000000341
S0R14790595/1 BH:changed:2	c_000000000341
S0R14790595/1 BH:changed:2	c_000000000341
S0R14811120/1 BH:changed:4	c_000000000341
S0R14811120/1 BH:changed:4	c_000000000341
S0R14809430/1 BH:changed:3	c_000000000341
S0R14809430/1 BH:changed:3	c_000000000341
S0R14814304/1 BH:changed:3	c_000000000341
S0R14814304/1 BH:changed:3	c_000000000341
S0R14807429/1 BH:changed:5	c_000000000341
S0R14807429/1 BH:changed:5	c_000000000341
S0R14820672/1 BH:changed:6	c_000000000341
S0R14820672/1 BH:changed:6	c_000000000341
S0R14818672/1 BH:ok	c_000000000341
S0R14818672/1 BH:ok	c_000000000341
S0R14813460/1 BH:changed:8	c_000000000341
S0R14813460/1 BH:changed:8	c_000000000341
S0R14832842/1 BH:changed:2	c_000000000341
S0R14832842/1 BH:changed:2	c_000000000341
S0R14836423/1 BH:changed:3	c_000000000341
S0R14836423/1 BH:changed:3	c_000000000341
S0R14853614/1 BH:changed:2	c_000000000341
S0R14853614/1 BH:changed:2	c_000000000341
S0R14832046/1 BH:changed:5	c_000000000341
S0R14832046/1 BH:changed:5	c_000000000341
S0R14851603/1 BH:changed:3	c_000000000341
S0R14851603/1 BH:changed:3	c_000000000341
S0R14858465/1 BH:changed:1	c_000000000341
S0R14858465/1 BH:changed:1	c_000000000341
S0R14873815/1 BH:changed:3	c_000000000341
S0R14873815/1 BH:changed:3	c_000000000341
S0R14863842/1 BH:changed:2	c_000000000341
S0R14863842/1 BH:changed:2	c_000000000341
S0R14871884/1 BH:changed:3	c_000000000341
S0R14871884/1 BH:changed:3	c_000000000341
S0R14871958/1 BH:changed:3	c_000000000341
S0R14871958/1 BH:changed:3	c_000000000341
S0R14872189/1 BH:changed:1	c_000000000341
S0R14872189/1 BH:changed:1	c_000000000341
S0R14870846/1 BH:changed:7	c_000000000341
S0R14870846/1 BH:changed:7	c_000000000341
S0R14886183/1 BH:changed:3	c_000000000341
S0R14886183/1 BH:changed:3	c_000000000341
S0R14887498/1 BH:changed:3	c_000000000341
S0R14887498/1 BH:changed:3	c_000000000341
S0R14893887/1 BH:changed:3	c_000000000341
S0R14893887/1 BH:changed:3	c_000000000341
S0R14903434/1 BH:changed:3	c_000000000341
S0R14903434/1 BH:changed:3	c_000000000341
S0R14905617/1 BH:changed:3	c_000000000341
S0R14905617/1 BH:changed:3	c_000000000341
S0R14926489/1 BH:changed:2	c_000000000341
S0R14926489/1 BH:changed:2	c_000000000341
S0R14924161/1 BH:changed:7	c_000000000341
S0R14924161/1 BH:changed:7	c_000000000341
S0R14934024/1 BH:changed:1	c_000000000341
S0R14934024/1 BH:changed:1	c_000000000341
S0R14935496/1 BH:changed:5	c_000000000341
S0R14935496/1 BH:changed:5	c_000000000341
S0R14944271/1 BH:changed:2	c_000000000341
S0R14944271/1 BH:changed:2	c_000000000341
S0R14946728/1 BH:changed:1	c_000000000341
S0R14946728/1 BH:changed:1	c_000000000341
S0R14966082/1 BH:changed:1	c_000000000341
S0R14966082/1 BH:changed:1	c_000000000341
S0R14967883/1 BH:changed:5	c_000000000341
S0R14967883/1 BH:changed:5	c_000000000341
S0R14960499/1 BH:changed:2	c_000000000341
S0R14960499/1 BH:changed:2	c_000000000341
S0R14927750/1 BH:changed:4	c_000000000341
S0R14927750/1 BH:changed:4	c_000000000341
S0R14974093/1 BH:changed:5	c_000000000341
S0R14974093/1 BH:changed:5	c_000000000341
S0R14969994/1 BH:changed:3	c_000000000341
S0R14969994/1 BH:changed:3	c_000000000341
S0R14974507/1 BH:changed:3	c_000000000341
S0R14974507/1 BH:changed:3	c_000000000341
S0R15001688/1 BH:changed:2	c_000000000341
S0R15001688/1 BH:changed:2	c_000000000341
S0R15014007/1 BH:changed:5	c_000000000341
S0R15014007/1 BH:changed:5	c_000000000341
S0R15018418/1 BH:changed:5	c_000000000341
S0R15018418/1 BH:changed:5	c_000000000341
S0R15029755/1 BH:changed:7	c_000000000341
S0R15029755/1 BH:changed:7	c_000000000341
S0R15042489/1 BH:changed:1	c_000000000341
S0R15042489/1 BH:changed:1	c_000000000341
S0R15046277/1 BH:changed:2	c_000000000341
S0R15046277/1 BH:changed:2	c_000000000341
S0R15046951/1 BH:changed:4	c_000000000341
S0R15046951/1 BH:changed:4	c_000000000341
S0R15045230/1 BH:changed:4	c_000000000341
S0R15045230/1 BH:changed:4	c_000000000341
S0R15050631/1 BH:changed:1	c_000000000341
S0R15050631/1 BH:changed:1	c_000000000341
S0R15052749/1 BH:changed:2	c_000000000341
S0R15052749/1 BH:changed:2	c_000000000341
S0R15059155/1 BH:changed:2	c_000000000341
S0R15059155/1 BH:changed:2	c_000000000341
S0R15075757/1 BH:changed:5	c_000000000341
S0R15075757/1 BH:changed:5	c_000000000341
S0R15088213/1 BH:changed:5	c_000000000341
S0R15088213/1 BH:changed:5	c_000000000341
S0R15092039/1 BH:changed:1	c_000000000341
S0R15092039/1 BH:changed:1	c_000000000341
S0R15080116/1 BH:changed:5	c_000000000341
S0R15080116/1 BH:changed:5	c_000000000341
S0R15095079/1 BH:changed:2	c_000000000341
S0R15095079/1 BH:changed:2	c_000000000341
S0R15095254/1 BH:changed:3	c_000000000341
S0R15095254/1 BH:changed:3	c_000000000341
S0R15099737/1 BH:changed:5	c_000000000341
S0R15099737/1 BH:changed:5	c_000000000341
S0R15098247/1 BH:changed:5	c_000000000341
S0R15098247/1 BH:changed:5	c_000000000341
S0R15089582/1 BH:changed:3	c_000000000341
S0R15089582/1 BH:changed:3	c_000000000341
S0R15115885/1 BH:changed:3	c_000000000341
S0R15115885/1 BH:changed:3	c_000000000341
S0R15118658/1 BH:changed:3	c_000000000341
S0R15118658/1 BH:changed:3	c_000000000341
S0R15112647/1 BH:changed:3	c_000000000341
S0R15112647/1 BH:changed:3	c_000000000341
S0R15126272/1 BH:changed:2	c_000000000341
S0R15126272/1 BH:changed:2	c_000000000341
S0R15113677/1 BH:changed:3	c_000000000341
S0R15113677/1 BH:changed:3	c_000000000341
S0R15128366/1 BH:changed:3	c_000000000341
S0R15128366/1 BH:changed:3	c_000000000341
S0R15119667/1 BH:changed:3	c_000000000341
S0R15119667/1 BH:changed:3	c_000000000341
S0R15123426/1 BH:changed:1	c_000000000341
S0R15123426/1 BH:changed:1	c_000000000341
S0R15156339/1 BH:changed:4	c_000000000341
S0R15156339/1 BH:changed:4	c_000000000341
S0R15177423/1 BH:changed:3	c_000000000341
S0R15177423/1 BH:changed:3	c_000000000341
S0R15178314/1 BH:changed:3	c_000000000341
S0R15178314/1 BH:changed:3	c_000000000341
S0R15186021/1 BH:failed	c_000000000341
S0R15186021/1 BH:failed	c_000000000341
S0R15180036/1 BH:changed:2	c_000000000341
S0R15180036/1 BH:changed:2	c_000000000341
S0R15190772/1 BH:changed:2	c_000000000341
S0R15190772/1 BH:changed:2	c_000000000341
S0R15190324/1 BH:changed:1	c_000000000341
S0R15190324/1 BH:changed:1	c_000000000341
S0R15185225/1 BH:changed:3	c_000000000341
S0R15185225/1 BH:changed:3	c_000000000341
S0R15199969/1 BH:changed:2	c_000000000341
S0R15199969/1 BH:changed:2	c_000000000341
S0R15195495/1 BH:changed:2	c_000000000341
S0R15195495/1 BH:changed:2	c_000000000341
S0R15219432/1 BH:changed:1	c_000000000341
S0R15219432/1 BH:changed:1	c_000000000341
S0R15203463/1 BH:changed:4	c_000000000341
S0R15203463/1 BH:changed:4	c_000000000341
S0R15221334/1 BH:changed:3	c_000000000341
S0R15221334/1 BH:changed:3	c_000000000341
S0R15226736/1 BH:changed:1	c_000000000341
S0R15226736/1 BH:changed:1	c_000000000341
S0R15237276/1 BH:changed:4	c_000000000341
S0R15237276/1 BH:changed:4	c_000000000341
S0R15264625/1 BH:changed:1	c_000000000341
S0R15264625/1 BH:changed:1	c_000000000341
S0R15261494/1 BH:changed:7	c_000000000341
S0R15261494/1 BH:changed:7	c_000000000341
S0R15272062/1 BH:changed:2	c_000000000341
S0R15272062/1 BH:changed:2	c_000000000341
S0R15279694/1 BH:changed:4	c_000000000341
S0R15279694/1 BH:changed:4	c_000000000341
S0R15286708/1 BH:changed:2	c_000000000341
S0R15286708/1 BH:changed:2	c_000000000341
S0R15301488/1 BH:changed:1	c_000000000341
S0R15301488/1 BH:changed:1	c_000000000341
S0R15302767/1 BH:changed:1	c_000000000341
S0R15302767/1 BH:changed:1	c_000000000341
S0R15301931/1 BH:changed:3	c_000000000341
S0R15301931/1 BH:changed:3	c_000000000341
S0R15321660/1 BH:changed:1	c_000000000341
S0R15321660/1 BH:changed:1	c_000000000341
S0R15319110/1 BH:changed:4	c_000000000341
S0R15319110/1 BH:changed:4	c_000000000341
S0R15334732/1 BH:changed:2	c_000000000341
S0R15334732/1 BH:changed:2	c_000000000341
S0R15335303/1 BH:changed:4	c_000000000341
S0R15335303/1 BH:changed:4	c_000000000341
S0R15343769/1 BH:changed:2	c_000000000341
S0R15343769/1 BH:changed:2	c_000000000341
S0R15369385/1 BH:changed:3	c_000000000341
S0R15369385/1 BH:changed:3	c_000000000341
S0R15363270/1 BH:changed:2	c_000000000341
S0R15363270/1 BH:changed:2	c_000000000341
S0R15359350/1 BH:changed:1	c_000000000341
S0R15359350/1 BH:changed:1	c_000000000341
S0R15373355/1 BH:changed:2	c_000000000341
S0R15373355/1 BH:changed:2	c_000000000341
S0R15378899/1 BH:changed:4	c_000000000341
S0R15378899/1 BH:changed:4	c_000000000341
S0R15403959/1 BH:changed:5	c_000000000341
S0R15403959/1 BH:changed:5	c_000000000341
S0R15393014/1 BH:changed:2	c_000000000341
S0R15393014/1 BH:changed:2	c_000000000341
S0R15408548/1 BH:changed:3	c_000000000341
S0R15408548/1 BH:changed:3	c_000000000341
S0R15416163/1 BH:changed:2	c_000000000341
S0R15416163/1 BH:changed:2	c_000000000341
S0R15415155/1 BH:changed:5	c_000000000341
S0R15415155/1 BH:changed:5	c_000000000341
S0R15414846/1 BH:changed:4	c_000000000341
S0R15414846/1 BH:changed:4	c_000000000341
S0R15427738/1 BH:changed:1	c_000000000341
S0R15427738/1 BH:changed:1	c_000000000341
S0R15422081/1 BH:changed:3	c_000000000341
S0R15422081/1 BH:changed:3	c_000000000341
S0R15432614/1 BH:changed:6	c_000000000341
S0R15432614/1 BH:changed:6	c_000000000341
S0R15430255/1 BH:failed	c_000000000341
S0R15426986/1 BH:changed:4	c_000000000341
S0R15426986/1 BH:changed:4	c_000000000341
S0R15430492/1 BH:changed:1	c_000000000341
S0R15430492/1 BH:changed:1	c_000000000341
S0R15437260/1 BH:changed:2	c_000000000341
S0R15437260/1 BH:changed:2	c_000000000341
S0R15436827/1 BH:changed:1	c_000000000341
S0R15436827/1 BH:changed:1	c_000000000341
S0R15446633/1 BH:changed:5	c_000000000341
S0R15446633/1 BH:changed:5	c_000000000341
S0R15452431/1 BH:changed:3	c_000000000341
S0R15452431/1 BH:changed:3	c_000000000341
S0R15436262/1 BH:changed:3	c_000000000341
S0R15436262/1 BH:changed:3	c_000000000341
S0R15458758/1 BH:changed:4	c_000000000341
S0R15458758/1 BH:changed:4	c_000000000341
S0R15462699/1 BH:changed:5	c_000000000341
S0R15462699/1 BH:changed:5	c_000000000341
S0R15456791/1 BH:changed:2	c_000000000341
S0R15456791/1 BH:changed:2	c_000000000341
S0R15481782/1 BH:changed:3	c_000000000341
S0R15481782/1 BH:changed:3	c_000000000341
S0R15469248/1 BH:changed:2	c_000000000341
S0R15469248/1 BH:changed:2	c_000000000341
S0R15480566/1 BH:changed:5	c_000000000341
S0R15480566/1 BH:changed:5	c_000000000341
S0R15473672/1 BH:changed:1	c_000000000341
S0R15473672/1 BH:changed:1	c_000000000341
S0R15490056/1 BH:changed:2	c_000000000341
S0R15490056/1 BH:changed:2	c_000000000341
S0R15486317/1 BH:changed:2	c_000000000341
S0R15486317/1 BH:changed:2	c_000000000341
S0R15498238/1 BH:changed:3	c_000000000341
S0R15498238/1 BH:changed:3	c_000000000341
S0R15499037/1 BH:changed:3	c_000000000341
S0R15499037/1 BH:changed:3	c_000000000341
S0R15505901/1 BH:changed:3	c_000000000341
S0R15505901/1 BH:changed:3	c_000000000341
S0R15497133/1 BH:changed:6	c_000000000341
S0R15497133/1 BH:changed:6	c_000000000341
S0R15501725/1 BH:changed:3	c_000000000341
S0R15501725/1 BH:changed:3	c_000000000341
S0R15509771/1 BH:changed:5	c_000000000341
S0R15509771/1 BH:changed:5	c_000000000341
S0R15515413/1 BH:changed:7	c_000000000341
S0R15515413/1 BH:changed:7	c_000000000341
S0R15532980/1 BH:changed:6	c_000000000341
S0R15532980/1 BH:changed:6	c_000000000341
S0R15555892/1 BH:changed:4	c_000000000341
S0R15555892/1 BH:changed:4	c_000000000341
S0R15575119/1 BH:changed:2	c_000000000341
S0R15575119/1 BH:changed:2	c_000000000341
S0R15567304/1 BH:changed:5	c_000000000341
S0R15567304/1 BH:changed:5	c_000000000341
S0R15570132/1 BH:changed:3	c_000000000341
S0R15570132/1 BH:changed:3	c_000000000341
S0R15570259/1 BH:changed:4	c_000000000341
S0R15570259/1 BH:changed:4	c_000000000341
S0R15566913/1 BH:changed:3	c_000000000341
S0R15566913/1 BH:changed:3	c_000000000341
S0R15572765/1 BH:changed:4	c_000000000341
S0R15572765/1 BH:changed:4	c_000000000341
S0R15589527/1 BH:changed:5	c_000000000341
S0R15589527/1 BH:changed:5	c_000000000341
S0R15577971/1 BH:changed:4	c_000000000341
S0R15577971/1 BH:changed:4	c_000000000341
S0R15590800/1 BH:changed:4	c_000000000341
S0R15590800/1 BH:changed:4	c_000000000341
S0R15605818/1 BH:changed:4	c_000000000341
S0R15605818/1 BH:changed:4	c_000000000341
S0R15616027/1 BH:ok	c_000000000341
S0R15616027/1 BH:ok	c_000000000341
S0R15619340/1 BH:changed:6	c_000000000341
S0R15619340/1 BH:changed:6	c_000000000341
S0R15623111/1 BH:changed:2	c_000000000341
S0R15623111/1 BH:changed:2	c_000000000341
S0R15634489/1 BH:changed:4	c_000000000341
S0R15634489/1 BH:changed:4	c_000000000341
S0R15631943/1 BH:changed:1	c_000000000341
S0R15631943/1 BH:changed:1	c_000000000341
S0R15641214/1 BH:changed:5	c_000000000341
S0R15641214/1 BH:changed:5	c_000000000341
S0R15641578/1 BH:changed:4	c_000000000341
S0R15641578/1 BH:changed:4	c_000000000341
S0R15641040/1 BH:changed:4	c_000000000341
S0R15641040/1 BH:changed:4	c_000000000341
S0R15641103/1 BH:changed:2	c_000000000341
S0R15641103/1 BH:changed:2	c_000000000341
S0R15650498/1 BH:changed:1	c_000000000341
S0R15650498/1 BH:changed:1	c_000000000341
S0R15645523/1 BH:changed:3	c_000000000341
S0R15645523/1 BH:changed:3	c_000000000341
S0R15649906/1 BH:changed:1	c_000000000341
S0R15649906/1 BH:changed:1	c_000000000341
S0R15639050/1 BH:changed:4	c_000000000341
S0R15639050/1 BH:changed:4	c_000000000341
S0R15659994/1 BH:changed:3	c_000000000341
S0R15659994/1 BH:changed:3	c_000000000341
S0R15674015/1 BH:changed:3	c_000000000341
S0R15674015/1 BH:changed:3	c_000000000341
S0R15668352/1 BH:changed:2	c_000000000341
S0R15668352/1 BH:changed:2	c_000000000341
S0R15684411/1 BH:changed:3	c_000000000341
S0R15684411/1 BH:changed:3	c_000000000341
S0R15697485/1 BH:changed:2	c_000000000341
S0R15697485/1 BH:changed:2	c_000000000341
S0R15713062/1 BH:changed:3	c_000000000341
S0R15713062/1 BH:changed:3	c_000000000341
S0R15727629/1 BH:changed:1	c_000000000341
S0R15727629/1 BH:changed:1	c_000000000341
S0R15724050/1 BH:changed:3	c_000000000341
S0R15724050/1 BH:changed:3	c_000000000341
S0R15725066/1 BH:changed:3	c_000000000341
S0R15725066/1 BH:changed:3	c_000000000341
S0R15733626/1 BH:changed:3	c_000000000341
S0R15733626/1 BH:changed:3	c_000000000341
S0R15739604/1 BH:changed:2	c_000000000341
S0R15739604/1 BH:changed:2	c_000000000341
S0R15745736/1 BH:changed:4	c_000000000341
S0R15745736/1 BH:changed:4	c_000000000341
S0R15750067/1 BH:changed:2	c_000000000341
S0R15750067/1 BH:changed:2	c_000000000341
S0R15757257/1 BH:changed:2	c_000000000341
S0R15757257/1 BH:changed:2	c_000000000341
S0R15740650/1 BH:changed:3	c_000000000341
S0R15740650/1 BH:changed:3	c_000000000341
S0R15766824/1 BH:changed:5	c_000000000341
S0R15766824/1 BH:changed:5	c_000000000341
S0R15760401/1 BH:changed:4	c_000000000341
S0R15760401/1 BH:changed:4	c_000000000341
S0R15767471/1 BH:failed	c_000000000341
S0R15767471/1 BH:failed	c_000000000341
S0R15782401/1 BH:changed:2	c_000000000341
S0R15782401/1 BH:changed:2	c_000000000341
S0R15794437/1 BH:changed:4	c_000000000341
S0R15794437/1 BH:changed:4	c_000000000341
S0R15804275/1 BH:changed:4	c_000000000341
S0R15804275/1 BH:changed:4	c_000000000341
S0R15805173/1 BH:changed:2	c_000000000341
S0R15805173/1 BH:changed:2	c_000000000341
S0R15815983/1 BH:changed:3	c_000000000341
S0R15815983/1 BH:changed:3	c_000000000341
S0R15819548/1 BH:changed:4	c_000000000341
S0R15819548/1 BH:changed:4	c_000000000341
S0R15818991/1 BH:changed:2	c_000000000341
S0R15818991/1 BH:changed:2	c_000000000341
S0R15822196/1 BH:changed:2	c_000000000341
S0R15822196/1 BH:changed:2	c_000000000341
S0R15831674/1 BH:changed:3	c_000000000341
S0R15831674/1 BH:changed:3	c_000000000341
S0R15839019/1 BH:changed:6	c_000000000341
S0R15839019/1 BH:changed:6	c_000000000341
S0R15827115/1 BH:failed	c_000000000341
S0R15827115/1 BH:failed	c_000000000341
S0R15843694/1 BH:changed:5	c_000000000341
S0R15843694/1 BH:changed:5	c_000000000341
S0R15846697/1 BH:ok	c_000000000341
S0R15846697/1 BH:ok	c_000000000341
S0R15855769/1 BH:changed:5	c_000000000341
S0R15855769/1 BH:changed:5	c_000000000341
S0R15854987/1 BH:changed:3	c_000000000341
S0R15854987/1 BH:changed:3	c_000000000341
S0R15883661/1 BH:changed:3	c_000000000341
S0R15883661/1 BH:changed:3	c_000000000341
S0R15885237/1 BH:changed:3	c_000000000341
S0R15885237/1 BH:changed:3	c_000000000341
S0R15889441/1 BH:changed:6	c_000000000341
S0R15889441/1 BH:changed:6	c_000000000341
S0R15883993/1 BH:changed:4	c_000000000341
S0R15883993/1 BH:changed:4	c_000000000341
S0R15894217/1 BH:ok	c_000000000341
S0R15894217/1 BH:ok	c_000000000341
S0R15900392/1 BH:changed:3	c_000000000341
S0R15900392/1 BH:changed:3	c_000000000341
S0R15909252/1 BH:changed:3	c_000000000341
S0R15909252/1 BH:changed:3	c_000000000341
S0R15911868/1 BH:changed:3	c_000000000341
S0R15911868/1 BH:changed:3	c_000000000341
S0R15931293/1 BH:changed:3	c_000000000341
S0R15931293/1 BH:changed:3	c_000000000341
S0R15963181/1 BH:changed:3	c_000000000341
S0R15963181/1 BH:changed:3	c_000000000341
S0R15953368/1 BH:changed:2	c_000000000341
S0R15953368/1 BH:changed:2	c_000000000341
S0R15976664/1 BH:changed:2	c_000000000341
S0R15976664/1 BH:changed:2	c_000000000341
S0R15966997/1 BH:changed:1	c_000000000341
S0R15966997/1 BH:changed:1	c_000000000341
S0R15983985/1 BH:changed:2	c_000000000341
S0R15983985/1 BH:changed:2	c_000000000341
S0R15975086/1 BH:changed:2	c_000000000341
S0R15975086/1 BH:changed:2	c_000000000341
S0R15991327/1 BH:changed:7	c_000000000341
S0R15991327/1 BH:changed:7	c_000000000341
S0R15994879/1 BH:changed:2	c_000000000341
S0R15994879/1 BH:changed:2	c_000000000341
S0R16001593/1 BH:changed:3	c_000000000341
S0R16001593/1 BH:changed:3	c_000000000341
S0R15998125/1 BH:changed:2	c_000000000341
S0R15998125/1 BH:changed:2	c_000000000341
S0R16006726/1 BH:changed:2	c_000000000341
S0R16006726/1 BH:changed:2	c_000000000341
S0R16020231/1 BH:changed:6	c_000000000341
S0R16020231/1 BH:changed:6	c_000000000341
S0R16020279/1 BH:changed:3	c_000000000341
S0R16020279/1 BH:changed:3	c_000000000341
S0R16034923/1 BH:changed:1	c_000000000341
S0R16034923/1 BH:changed:1	c_000000000341
S0R16037480/1 BH:changed:3	c_000000000341
S0R16037480/1 BH:changed:3	c_000000000341
S0R16041044/1 BH:changed:4	c_000000000341
S0R16041044/1 BH:changed:4	c_000000000341
S0R16046320/1 BH:changed:2	c_000000000341
S0R16046320/1 BH:changed:2	c_000000000341
S0R16041749/1 BH:changed:1	c_000000000341
S0R16041749/1 BH:changed:1	c_000000000341
S0R16013858/1 BH:changed:5	c_000000000341
S0R16013858/1 BH:changed:5	c_000000000341
S0R16044807/1 BH:changed:4	c_000000000341
S0R16044807/1 BH:changed:4	c_000000000341
S0R16045503/1 BH:changed:2	c_000000000341
S0R16045503/1 BH:changed:2	c_000000000341
S0R16051287/1 BH:changed:2	c_000000000341
S0R16051287/1 BH:changed:2	c_000000000341
S0R16048696/1 BH:changed:2	c_000000000341
S0R16048696/1 BH:changed:2	c_000000000341
S0R16058876/1 BH:changed:3	c_000000000341
S0R16058876/1 BH:changed:3	c_000000000341
S0R16082989/1 BH:changed:3	c_000000000341
S0R16082989/1 BH:changed:3	c_000000000341
S0R16079073/1 BH:changed:4	c_000000000341
S0R16079073/1 BH:changed:4	c_000000000341
S0R16079140/1 BH:changed:4	c_000000000341
S0R16079140/1 BH:changed:4	c_000000000341
S0R16087939/1 BH:changed:2	c_000000000341
S0R16087939/1 BH:changed:2	c_000000000341
S0R16091814/1 BH:ok	c_000000000341
S0R16091814/1 BH:ok	c_000000000341
S0R16086259/1 BH:changed:4	c_000000000341
S0R16086259/1 BH:changed:4	c_000000000341
S0R16098706/1 BH:changed:2	c_000000000341
S0R16098706/1 BH:changed:2	c_000000000341
S0R16111889/1 BH:changed:2	c_000000000341
S0R16111889/1 BH:changed:2	c_000000000341
S0R16117966/1 BH:changed:5	c_000000000341
S0R16117966/1 BH:changed:5	c_000000000341
S0R16126951/1 BH:changed:3	c_000000000341
S0R16126951/1 BH:changed:3	c_000000000341
S0R16129633/1 BH:changed:3	c_000000000341
S0R16129633/1 BH:changed:3	c_000000000341
S0R16136006/1 BH:changed:4	c_000000000341
S0R16136006/1 BH:changed:4	c_000000000341
S0R16133847/1 BH:changed:1	c_000000000341
S0R16133847/1 BH:changed:1	c_000000000341
S0R16137757/1 BH:changed:3	c_000000000341
S0R16137757/1 BH:changed:3	c_000000000341
S0R16137521/1 BH:changed:4	c_000000000341
S0R16137521/1 BH:changed:4	c_000000000341
S0R16154279/1 BH:changed:1	c_000000000341
S0R16154279/1 BH:changed:1	c_000000000341
S0R16163111/1 BH:changed:2	c_000000000341
S0R16163111/1 BH:changed:2	c_000000000341
S0R16163156/1 BH:changed:2	c_000000000341
S0R16163156/1 BH:changed:2	c_000000000341
S0R16154225/1 BH:changed:3	c_000000000341
S0R16154225/1 BH:changed:3	c_000000000341
S0R16172468/1 BH:changed:1	c_000000000341
S0R16172468/1 BH:changed:1	c_000000000341
S0R16160808/1 BH:changed:1	c_000000000341
S0R16160808/1 BH:changed:1	c_000000000341
S0R16170937/1 BH:changed:4	c_000000000341
S0R16170937/1 BH:changed:4	c_000000000341
S0R16167387/1 BH:changed:4	c_000000000341
S0R16167387/1 BH:changed:4	c_000000000341
S0R16170122/1 BH:changed:2	c_000000000341
S0R16170122/1 BH:changed:2	c_000000000341
S0R16178717/1 BH:changed:6	c_000000000341
S0R16178717/1 BH:changed:6	c_000000000341
S0R16183351/1 BH:changed:3	c_000000000341
S0R16183351/1 BH:changed:3	c_000000000341
S0R16182033/1 BH:changed:4	c_000000000341
S0R16182033/1 BH:changed:4	c_000000000341
S0R16186423/1 BH:changed:4	c_000000000341
S0R16186423/1 BH:changed:4	c_000000000341
S0R16196367/1 BH:changed:1	c_000000000341
S0R16196367/1 BH:changed:1	c_000000000341
S0R16200653/1 BH:changed:3	c_000000000341
S0R16200653/1 BH:changed:3	c_000000000341
S0R16208922/1 BH:changed:3	c_000000000341
S0R16208922/1 BH:changed:3	c_000000000341
S0R16208021/1 BH:changed:3	c_000000000341
S0R16208021/1 BH:changed:3	c_000000000341
S0R16207585/1 BH:changed:3	c_000000000341
S0R16207585/1 BH:changed:3	c_000000000341
S0R16209671/1 BH:changed:6	c_000000000341
S0R16209671/1 BH:changed:6	c_000000000341
S0R16219994/1 BH:changed:3	c_000000000341
S0R16219994/1 BH:changed:3	c_000000000341
S0R16213213/1 BH:changed:5	c_000000000341
S0R16213213/1 BH:changed:5	c_000000000341
S0R16227492/1 BH:changed:1	c_000000000341
S0R16227492/1 BH:changed:1	c_000000000341
S0R16220916/1 BH:changed:2	c_000000000341
S0R16220916/1 BH:changed:2	c_000000000341
S0R16232405/1 BH:changed:2	c_000000000341
S0R16232405/1 BH:changed:2	c_000000000341
S0R16238804/1 BH:ok	c_000000000341
S0R16238804/1 BH:ok	c_000000000341
S0R16250760/1 BH:changed:6	c_000000000341
S0R16250760/1 BH:changed:6	c_000000000341
S0R16264914/1 BH:changed:4	c_000000000341
S0R16264914/1 BH:changed:4	c_000000000341
S0R16258005/1 BH:changed:9	c_000000000341
S0R16258005/1 BH:changed:9	c_000000000341
S0R16267213/1 BH:changed:4	c_000000000341
S0R16267213/1 BH:changed:4	c_000000000341
S0R16270254/1 BH:changed:2	c_000000000341
S0R16270254/1 BH:changed:2	c_000000000341
S0R16283681/1 BH:changed:6	c_000000000341
S0R16283681/1 BH:changed:6	c_000000000341
S0R16270751/1 BH:changed:4	c_000000000341
S0R16270751/1 BH:changed:4	c_000000000341
S0R16287792/1 BH:changed:4	c_000000000341
S0R16287792/1 BH:changed:4	c_000000000341
S0R16287280/1 BH:changed:3	c_000000000341
S0R16287280/1 BH:changed:3	c_000000000341
S0R16292369/1 BH:changed:6	c_000000000341
S0R16292369/1 BH:changed:6	c_000000000341
S0R16296134/1 BH:changed:5	c_000000000341
S0R16296134/1 BH:changed:5	c_000000000341
S0R16298697/1 BH:changed:5	c_000000000341
S0R16298697/1 BH:changed:5	c_000000000341
S0R16300577/1 BH:changed:2	c_000000000341
S0R16300577/1 BH:changed:2	c_000000000341
S0R16292599/1 BH:changed:2	c_000000000341
S0R16292599/1 BH:changed:2	c_000000000341
S0R16302027/1 BH:changed:2	c_000000000341
S0R16302027/1 BH:changed:2	c_000000000341
S0R16309276/1 BH:changed:4	c_000000000341
S0R16309276/1 BH:changed:4	c_000000000341
S0R16311229/1 BH:changed:4	c_000000000341
S0R16311229/1 BH:changed:4	c_000000000341
S0R16313354/1 BH:changed:2	c_000000000341
S0R16313354/1 BH:changed:2	c_000000000341
S0R16321040/1 BH:changed:4	c_000000000341
S0R16321040/1 BH:changed:4	c_000000000341
S0R16309470/1 BH:changed:2	c_000000000341
S0R16309470/1 BH:changed:2	c_000000000341
S0R16309483/1 BH:changed:3	c_000000000341
S0R16309483/1 BH:changed:3	c_000000000341
S0R16326630/1 BH:changed:5	c_000000000341
S0R16326630/1 BH:changed:5	c_000000000341
S0R16332654/1 BH:changed:4	c_000000000341
S0R16332654/1 BH:changed:4	c_000000000341
S0R16338278/1 BH:failed	c_000000000341
S0R16338278/1 BH:failed	c_000000000341
S0R16343378/1 BH:changed:1	c_000000000341
S0R16343378/1 BH:changed:1	c_000000000341
S0R16347026/1 BH:changed:2	c_000000000341
S0R16347026/1 BH:changed:2	c_000000000341
S0R16341236/1 BH:ok	c_000000000341
S0R16341236/1 BH:ok	c_000000000341
S0R16350644/1 BH:changed:3	c_000000000341
S0R16350644/1 BH:changed:3	c_000000000341
S0R16348089/1 BH:changed:3	c_000000000341
S0R16348089/1 BH:changed:3	c_000000000341
S0R16356312/1 BH:changed:5	c_000000000341
S0R16356312/1 BH:changed:5	c_000000000341
S0R16353248/1 BH:ok	c_000000000341
S0R16353248/1 BH:ok	c_000000000341
S0R16362160/1 BH:changed:1	c_000000000341
S0R16362160/1 BH:changed:1	c_000000000341
S0R16363599/1 BH:changed:3	c_000000000341
S0R16363599/1 BH:changed:3	c_000000000341
S0R16366429/1 BH:changed:1	c_000000000341
S0R16366429/1 BH:changed:1	c_000000000341
S0R16375787/1 BH:changed:2	c_000000000341
S0R16375787/1 BH:changed:2	c_000000000341
S0R16381141/1 BH:changed:6	c_000000000341
S0R16381141/1 BH:changed:6	c_000000000341
S0R16383294/1 BH:ok	c_000000000341
S0R16383294/1 BH:ok	c_000000000341
S0R16359927/1 BH:changed:3	c_000000000341
S0R16359927/1 BH:changed:3	c_000000000341
S0R16378080/1 BH:changed:6	c_000000000341
S0R16378080/1 BH:changed:6	c_000000000341
S0R16398369/1 BH:changed:4	c_000000000341
S0R16398369/1 BH:changed:4	c_000000000341
S0R16409120/1 BH:changed:4	c_000000000341
S0R16409120/1 BH:changed:4	c_000000000341
S0R16410364/1 BH:changed:4	c_000000000341
S0R16410364/1 BH:changed:4	c_000000000341
S0R16421367/1 BH:changed:2	c_000000000341
S0R16421367/1 BH:changed:2	c_000000000341
S0R16422161/1 BH:changed:5	c_000000000341
S0R16422161/1 BH:changed:5	c_000000000341
S0R16423173/1 BH:changed:7	c_000000000341
S0R16423173/1 BH:changed:7	c_000000000341
S0R16428255/1 BH:changed:3	c_000000000341
S0R16428255/1 BH:changed:3	c_000000000341
S0R16448905/1 BH:changed:3	c_000000000341
S0R16448905/1 BH:changed:3	c_000000000341
S0R16452379/1 BH:changed:3	c_000000000341
S0R16452379/1 BH:changed:3	c_000000000341
S0R16453874/1 BH:changed:4	c_000000000341
S0R16453874/1 BH:changed:4	c_000000000341
S0R16469099/1 BH:changed:2	c_000000000341
S0R16469099/1 BH:changed:2	c_000000000341
S0R16470933/1 BH:changed:3	c_000000000341
S0R16470933/1 BH:changed:3	c_000000000341
S0R16475297/1 BH:changed:3	c_000000000341
S0R16475297/1 BH:changed:3	c_000000000341
S0R16475779/1 BH:changed:1	c_000000000341
S0R16475779/1 BH:changed:1	c_000000000341
S0R16477571/1 BH:changed:1	c_000000000341
S0R16477571/1 BH:changed:1	c_000000000341
S0R16481346/1 BH:changed:4	c_000000000341
S0R16481346/1 BH:changed:4	c_000000000341
S0R16489318/1 BH:changed:3	c_000000000341
S0R16489318/1 BH:changed:3	c_000000000341
S0R16495453/1 BH:changed:2	c_000000000341
S0R16495453/1 BH:changed:2	c_000000000341
S0R16498774/1 BH:changed:3	c_000000000341
S0R16498774/1 BH:changed:3	c_000000000341
S0R16475085/1 BH:changed:4	c_000000000341
S0R16475085/1 BH:changed:4	c_000000000341
S0R16502990/1 BH:changed:5	c_000000000341
S0R16502990/1 BH:changed:5	c_000000000341
S0R16525607/1 BH:changed:5	c_000000000341
S0R16525607/1 BH:changed:5	c_000000000341
S0R16528391/1 BH:changed:5	c_000000000341
S0R16528391/1 BH:changed:5	c_000000000341
S0R16535084/1 BH:changed:4	c_000000000341
S0R16535084/1 BH:changed:4	c_000000000341
S0R16550199/1 BH:changed:1	c_000000000341
S0R16550199/1 BH:changed:1	c_000000000341
S0R16536707/1 BH:changed:3	c_000000000341
S0R16536707/1 BH:changed:3	c_000000000341
S0R16558158/1 BH:changed:1	c_000000000341
S0R16558158/1 BH:changed:1	c_000000000341
S0R16558175/1 BH:changed:6	c_000000000341
S0R16558175/1 BH:changed:6	c_000000000341
S0R16554488/1 BH:changed:2	c_000000000341
S0R16554488/1 BH:changed:2	c_000000000341
S0R16565963/1 BH:changed:6	c_000000000341
S0R16565963/1 BH:changed:6	c_000000000341
S0R16568209/1 BH:changed:2	c_000000000341
S0R16568209/1 BH:changed:2	c_000000000341
S0R16572067/1 BH:changed:4	c_000000000341
S0R16572067/1 BH:changed:4	c_000000000341
S0R16567399/1 BH:changed:5	c_000000000341
S0R16567399/1 BH:changed:5	c_000000000341
S0R16574188/1 BH:changed:4	c_000000000341
S0R16574188/1 BH:changed:4	c_000000000341
S0R16581287/1 BH:changed:2	c_000000000341
S0R16581287/1 BH:changed:2	c_000000000341
S0R16588123/1 BH:changed:3	c_000000000341
S0R16588123/1 BH:changed:3	c_000000000341
S0R16586138/1 BH:changed:6	c_000000000341
S0R16586138/1 BH:changed:6	c_000000000341
S0R16591123/1 BH:changed:6	c_000000000341
S0R16591123/1 BH:changed:6	c_000000000341
S0R16588376/1 BH:changed:4	c_000000000341
S0R16588376/1 BH:changed:4	c_000000000341
S0R16582703/1 BH:changed:1	c_000000000341
S0R16582703/1 BH:changed:1	c_000000000341
S0R16599326/1 BH:changed:3	c_000000000341
S0R16599326/1 BH:changed:3	c_000000000341
S0R16605652/1 BH:changed:3	c_000000000341
S0R16605652/1 BH:changed:3	c_000000000341
S0R16604723/1 BH:changed:2	c_000000000341
S0R16604723/1 BH:changed:2	c_000000000341
S0R16610356/1 BH:changed:2	c_000000000341
S0R16610356/1 BH:changed:2	c_000000000341
S0R16606370/1 BH:changed:1	c_000000000341
S0R16606370/1 BH:changed:1	c_000000000341
S0R16617743/1 BH:changed:3	c_000000000341
S0R16617743/1 BH:changed:3	c_000000000341
S0R16624172/1 BH:changed:4	c_000000000341
S0R16624172/1 BH:changed:4	c_000000000341
S0R16623684/1 BH:changed:3	c_000000000341
S0R16623684/1 BH:changed:3	c_000000000341
S0R16604297/1 BH:changed:2	c_000000000341
S0R16604297/1 BH:changed:2	c_000000000341
S0R3327033/1 BH:changed:5	c_000000000341
S0R5876794/1 BH:changed:1	c_000000000341
S0R7112257/1 BH:changed:3	c_000000000341
S0R10531146/1 BH:changed:1	c_000000000341
S0R11732563/1 BH:changed:1	c_000000000341
